P_GPa,T_K,x_B,G_second_eV_per_atom,sigma_second_eV_per_atom,lower_1sigma,upper_1sigma
0,1500,0.1,-8.671629325771992,5.930577691067538,-14.602207016839529,-2.741051634704454
0,1500,0.101,-8.553868516201689,5.872627800015698,-14.426496316217387,-2.6812407161859912
0,1500,0.10200000000000001,-8.436668843395207,5.815008752851253,-14.25167759624646,-2.621660090543954
0,1500,0.10300000000000001,-8.320029314889709,5.757719834492725,-14.077749149382434,-2.5623094803969835
0,1500,0.10400000000000001,-8.203948938222336,5.700760332034275,-13.90470927025661,-2.5031886061880613
0,1500,0.10500000000000001,-8.088426720930249,5.6441295348081235,-13.732556255738373,-2.4442971861221254
0,1500,0.10600000000000001,-7.973461670550591,5.587826734449087,-13.56128840499968,-2.3856349361015043
0,1500,0.10700000000000001,-7.859052794620524,5.531851224961317,-13.390904019581841,-2.3272015696592074
0,1500,0.10800000000000001,-7.745199100677187,5.476202302787287,-13.221401403464473,-2.2689967978899004
0,1500,0.10900000000000001,-7.631899596257744,5.420879266879199,-13.052778863136943,-2.2110203293785453
0,1500,0.11,-7.519153288899334,5.365881418772796,-12.88503470767213,-2.153271870126538
0,1500,0.111,-7.406959186139117,5.311208062663771,-12.718167248802889,-2.0957511234753463
0,1500,0.112,-7.2953162955142385,5.256858505486812,-12.552174801001051,-2.0384577900274268
0,1500,0.113,-7.184223624561854,5.202832056997437,-12.387055681559291,-1.9813915675644171
0,1500,0.114,-7.073680180819112,5.14912802985667,-12.222808210675783,-1.924552150962442
0,1500,0.115,-6.963684971823165,5.095745739718748,-12.059430711541912,-1.8679392321044173
0,1500,0.116,-6.854237005111164,5.0426845053219,-11.896921510433064,-1.811552499789264
0,1500,0.117,-6.745335288220266,4.989943648582395,-11.735278936802661,-1.755391639637871
0,1500,0.11800000000000001,-6.636978828687612,4.937522494691934,-11.574501323379547,-1.6994563339956779
0,1500,0.11900000000000001,-6.529166634050357,4.8854203722185705,-11.414587006268928,-1.6437462618317866
0,1500,0.12000000000000001,-6.421897711845661,4.83363661321127,-11.255534325056932,-1.5882610986343915
0,1500,0.12100000000000001,-6.315171069610667,4.782170553308261,-11.097341622918929,-1.5330005163024056
0,1500,0.122,-6.208985714882523,4.73102153184936,-10.940007246731884,-1.477964183033163
0,1500,0.123,-6.103340655198387,4.680188891992415,-10.783529547190803,-1.423151763205972
0,1500,0.124,-5.998234898095404,4.629671980834033,-10.627906878929437,-1.3685629172613716
0,1500,0.125,-5.8936674511107405,4.579470149534792,-10.473137600645533,-1.3141973015759483
0,1500,0.126,-5.789637321781527,4.529582753449102,-10.319220075230628,-1.260054568332425
0,1500,0.127,-5.686143517644933,4.480009152259951,-10.166152669904884,-1.2061343653849814
0,1500,0.128,-5.583185046238096,4.430748710118678,-10.013933756356774,-1.1524363361194183
0,1500,0.129,-5.480760915098173,4.38180079579006,-9.862561710888233,-1.0989601193081135
0,1500,0.13,-5.378870131762316,4.333164782802887,-9.712034914565203,-1.0457053489594283
0,1500,0.131,-5.277511703767681,4.284840049606288,-9.562351753373969,-0.9926716541613931
0,1500,0.132,-5.176684638651407,4.236825979732039,-9.413510618383446,-0.939858658919368
0,1500,0.133,-5.0763879439506585,4.189121961963135,-9.265509905913794,-0.8872659819875235
0,1500,0.134,-4.976620627202578,4.141727390508859,-9.118348017711437,-0.834893236693719
0,1500,0.135,-4.877381695944321,4.094641665186691,-8.972023361131011,-0.7827400307576298
0,1500,0.136,-4.778670157713034,4.047864191611283,-8.826534349324316,-0.7308059661017507
0,1500,0.137,-4.680485020045873,4.001394381390889,-8.681879401436763,-0.6790906386549844
0,1500,0.138,-4.582825290479986,3.955231652331496,-8.538056942811483,-0.6275936381484906
0,1500,0.139,-4.485689976552534,3.909375428649085,-8.395065405201619,-0.5763145479034488
0,1500,0.14,-4.389078085800653,3.8638251411902957,-8.252903226990949,-0.5252529446103575
0,1500,0.14100000000000001,-4.2929886257615095,3.818580227661957,-8.111568853423467,-0.4744083980995524
0,1500,0.14200000000000002,-4.197420603972239,3.7736401328697857,-7.971060736842024,-0.42378047110245287
0,1500,0.14300000000000002,-4.10237302797001,3.729004308966772,-7.831377336936782,-0.3733687190032384
0,1500,0.14400000000000002,-4.007844905291957,3.684672215711578,-7.692517121003535,-0.3231726895803795
0,1500,0.14500000000000002,-3.9138352434752495,3.6406433207375026,-7.5544785642127525,-0.27319192273774684
0,1500,0.14600000000000002,-3.8203430500570192,3.5969170998323983,-7.417260149889417,-0.22342595022462097
0,1500,0.14700000000000002,-3.727367332574431,3.5534930372301434,-7.280860369804575,-0.17387429534428778
0,1500,0.14800000000000002,-3.634907098564632,3.510370625914076,-7.145277724478708,-0.12453647265055601
0,1500,0.14900000000000002,-3.542961355564774,3.467549367933055,-7.010510723497829,-0.07541198763171897
0,1500,0.15000000000000002,-3.451529111112009,3.42502877473063,-6.876557885842639,-0.026500336381379164
0,1500,0.15100000000000002,-3.3606093727434896,3.3828083674880047,-6.743417740231495,0.022198994744515144
0,1500,0.15200000000000002,-3.27020114799636,3.340887677481353,-6.611088825477713,0.07068652948499299
0,1500,0.153,-3.180303444407782,3.2992662464542284,-6.479569690862011,0.11896280204644638
0,1500,0.154,-3.0909152695149,3.257943627005688,-6.348858896520587,0.16702835749078782
0,1500,0.155,-3.002035630854868,3.2169193829949445,-6.218955013849813,0.21488375214007638
0,1500,0.156,-2.913663535964833,3.176193089963222,-6.089856625928055,0.26252955399838873
0,1500,0.157,-2.8257979923819523,3.1357643355737075,-5.96156232795566,0.3099663431917552
0,1500,0.158,-2.7384380076433708,3.095632720070377,-5.834070727713748,0.35719471242700607
0,1500,0.159,-2.6515825892862495,3.0557978567566053,-5.707380446042855,0.40421526747035585
0,1500,0.16,-2.5652307448477263,3.0162593724944773,-5.581490117342204,0.451028627646751
0,1500,0.161,-2.4793814818649693,2.977016908225786,-5.456398390090755,0.4976354263608167
0,1500,0.162,-2.3940338078751147,2.93807011951569,-5.332103927390804,0.5440363116405753
0,1500,0.163,-2.309186730415325,2.8994186771201456,-5.208605407535471,0.5902319467048205
0,1500,0.164,-2.22483925702274,2.8610622675781725,-5.085901524600913,0.6362230105554323
0,1500,0.165,-2.140990395234523,2.8230005938301668,-4.96399098906469,0.6820101985956439
0,1500,0.166,-2.0576391525878144,2.7852333758634127,-4.8428725284512275,0.7275942232755983
0,1500,0.167,-1.9747845366197758,2.747760351386139,-4.722544888005915,0.772975814766363
0,1500,0.168,-1.8924255548675486,2.7105812765313666,-4.603006831398915,0.818155721663818
0,1500,0.169,-1.8105612148682937,2.6736959265920013,-4.484257141460295,0.8631347117237076
0,1500,0.17,-1.729190524159156,2.6371040967885677,-4.366294620947723,0.9079135726294116
0,1500,0.171,-1.6483124902772897,2.6008056030711137,-4.249118093348404,0.9524931127938241
0,1500,0.17200000000000001,-1.5679261207598447,2.5648002829568424,-4.132726403716687,0.9968741621969976
0,1500,0.173,-1.488030423143977,2.5290879964051256,-4.017118419549103,1.0410575732611487
0,1500,0.174,-1.4086244049668277,2.49366862673154,-3.9022930316983677,1.0850442217647123
0,1500,0.175,-1.3297070737655616,2.458542081562778,-3.7882491553283395,1.1288350077972162
0,1500,0.176,-1.2512774370773148,2.4237082938341548,-3.6749857309114695,1.17243085675684
0,1500,0.177,-1.1733345024392499,2.3891672228316927,-3.5625017252709426,1.2158327203924428
0,1500,0.178,-1.095877277388512,2.354918855280677,-3.450796132669189,1.259041577892165
0,1500,0.179,-1.0189047694622637,2.32096320648274,-3.339867975945004,1.3020584370204764
0,1500,0.18,-0.9424159861976378,2.2873003215035177,-3.2297163077011555,1.34488433530588
0,1500,0.181,-0.8664099351318022,2.2539302764130507,-3.120340211544853,1.3875203412812485
0,1500,0.182,-0.7908856238018966,2.22085317958108,-3.011738803382977,1.4299675557791836
0,1500,0.183,-0.7158420597450821,2.1880691730295,-2.903911232774582,1.472227113284418
0,1500,0.184,-0.6412782504985035,2.1555784338442225,-2.796856684342726,1.514300183345719
0,1500,0.185,-0.5671932035993184,2.123381175648783,-2.690574379248101,1.5561879720494645
0,1500,0.186,-0.49358592658466804,2.091477650141985,-2.585063576726653,1.597891723557317
0,1500,0.187,-0.4204554269917118,2.0598681487019586,-2.4803235756936703,1.6394127217102468
0,1500,0.188,-0.3478007123575999,2.0285530040589244,-2.3763537164165243,1.6807522917013245
0,1500,0.189,-0.2756207902194827,1.9975325920390044,-2.273153382258487,1.7219118018195216
0,1500,0.19,-0.2039146681145123,1.9668073333813176,-2.1707220014958297,1.7628926652668053
0,1500,0.191,-0.132681353579839,1.9363776956305763,-2.0690590492104155,1.8036963420507373
0,1500,0.192,-0.06191985415261314,1.9062441951072457,-1.9681640492598589,1.8443243409546326
0,1500,0.193,0.008370822630014985,1.8764073989572618,-1.8680365763272468,1.8847782215872768
0,1500,0.194,0.07819166923088972,1.8468679272830706,-1.7686762580521809,1.9250595965139603
0,1500,0.195,0.14754367811285718,1.8176264553575765,-1.6700827772447193,1.9651701334704337
0,1500,0.196,0.21642784173877594,1.7886837159222848,-1.5722558741835089,2.0051115576610608
0,1500,0.197,0.2848451525714868,1.7600405015706366,-1.4751953489991498,2.0448856541421234
0,1500,0.198,0.352796603073843,1.7316976672170736,-1.3789010641432307,2.0844942702909166
0,1500,0.199,0.42028318570868883,1.7036561326519637,-1.2833729469432749,2.1239393183606525
0,1500,0.2,0.48730589293887583,1.67591688518189,-1.1886109922430141,2.163222778120766
0,1500,0.201,0.5538657172272501,1.6484809823541804,-1.0946152651269303,2.2023466995814305
0,1500,0.202,0.6199636510366666,1.621349554763734,-1.0013859037270674,2.2413132058004006
0,1500,0.203,0.6856006868299662,1.5945238089393408,-0.9089231221093745,2.280124495769307
0,1500,0.20400000000000001,0.7507778170700057,1.5680050303055486,-0.8172272132355429,2.3187828473755543
0,1500,0.20500000000000002,0.8154960342196205,1.5417945862150002,-0.7262985519953797,2.357290620434621
0,1500,0.20600000000000002,0.8797563307416763,1.5158939290446667,-0.6361375983029904,2.395650259786343
0,1500,0.20700000000000002,0.9435596990990067,1.4903045993478734,-0.5467449002488667,2.4338642984468803
0,1500,0.20800000000000002,1.0069071317544722,1.465028229052075,-0.45812109729760286,2.4719353608065475
0,1500,0.20900000000000002,1.0697996211709118,1.4400665446903502,-0.37026692351943846,2.509866165861262
0,1500,0.21000000000000002,1.1322381598111821,1.4154213706521017,-0.2831832108409196,2.547659530463284
0,1500,0.21100000000000002,1.194223740138126,1.391094632435873,-0.19687089229774712,2.585318372573999
0,1500,0.21200000000000002,1.2557573546145946,1.3670883598840682,-0.11133100526947359,2.6228457144986628
0,1500,0.21300000000000002,1.3168399957034342,1.343404690376105,-0.026564694672670752,2.6602446860795395
0,1500,0.21400000000000002,1.3774726558674981,1.3200458719526402,0.05742678391485789,2.6975185278201383
0,1500,0.21500000000000002,1.4376563275696324,1.2970142663394268,0.1406420612302055,2.734670593909059
0,1500,0.21600000000000003,1.4973920032726866,1.27431235183464,0.22307965143804664,2.7717043551073264
0,1500,0.21700000000000003,1.5566806754395053,1.2519427260184801,0.30473794942102517,2.8086234014579854
0,1500,0.21800000000000003,1.6155233365329416,1.2299081082382053,0.38561522829473627,2.8454314447711466
0,1500,0.21900000000000003,1.6739209790158416,1.2082113418157308,0.4657096372001108,2.8821323208315723
0,1500,0.22,1.731874595351055,1.186855395918269,0.545019199432786,2.9187299912693243
0,1500,0.221,1.7893851780014334,1.1658433670254662,0.6235418109759672,2.9552285450268996
0,1500,0.222,1.8464537194298192,1.1451784799189089,0.7012752395109103,2.991632199348728
0,1500,0.223,1.903081212099071,1.1248640881118823,0.7782171239871887,3.0279453002109533
0,1500,0.224,1.959268648472026,1.1049036736289766,0.8543649748430495,3.064172322101003
0,1500,0.225,2.0150170210115395,1.085300846036445,0.9297161749750944,3.1003178670479845
0,1500,0.226,2.0703273221804572,1.0660593406155483,1.004267981564909,3.1363866627960055
0,1500,0.227,2.125200544441631,1.0471830155623003,1.0780175288793306,3.172383560003931
0,1500,0.228,2.1796376802579083,1.0286758480885811,1.1509618321693271,3.2083135283464896
0,1500,0.229,2.233639722092134,1.0105419292915006,1.2230977928006332,3.2441816513836343
0,1500,0.23,2.287207662407164,0.9927854576506967,1.2944222047564675,3.2799931200578607
0,1500,0.231,2.3403424936658404,0.9754107310071548,1.3649317626586854,3.3157532246729953
0,1500,0.232,2.393045208331012,0.9584221368726777,1.4346230714583341,3.3514673452036896
0,1500,0.233,2.4453167988655355,0.9418241409167382,1.5034926579487973,3.387140939782274
0,1500,0.234,2.4971582577322486,0.9256212734777768,1.5715369842544717,3.4227795312100255
0,1500,0.23500000000000001,2.5485705773940097,0.9098181139494952,1.6387524634445145,3.458388691343505
0,1500,0.23600000000000002,2.599554750313658,0.8944192729002619,1.7051354774133958,3.49397402321392
0,1500,0.23700000000000002,2.650111768954053,0.8794293717957975,1.7706823971582557,3.529541140749851
0,1500,0.23800000000000002,2.7002426257780314,0.8648530202128192,1.8353896055652124,3.5650956459908505
0,1500,0.23900000000000002,2.749948313248453,0.8506947904546963,1.8992535227937566,3.600643103703149
0,1500,0.24000000000000002,2.7992298238281563,0.8369591895102948,1.9622706343178615,3.636189013338451
0,1500,0.24100000000000002,2.848088149979999,0.8236506283342603,2.0244375216457384,3.671738778314259
0,1500,0.24200000000000002,2.8965242841668246,0.8107733884716625,2.085750895695162,3.707297672638487
0,1500,0.24300000000000002,2.9445392188514834,0.798331586101972,2.1462076327495114,3.7428708049534554
0,1500,0.24400000000000002,2.9921339464968195,0.7863291336368708,2.205804812859949,3.7784630801336903
0,1500,0.245,3.0393094595656898,0.7747696990726229,2.264539760493067,3.8140791586383127
0,1500,0.246,3.0860667505209367,0.7636566633698524,2.322410087151084,3.849723413890789
0,1500,0.247,3.1324068118254162,0.7529930762100345,2.3794137356153815,3.885399888035451
0,1500,0.248,3.1783306359419665,0.742781610556988,2.4355490253849785,3.9211122464989545
0,1500,0.249,3.2238392153334434,0.7330245165306161,2.4908146988028275,3.9568637318640594
0,1500,0.25,3.268933542462693,0.7237235751763224,2.545209967286371,3.9926571176390153
0,1500,0.251,3.3136146097925643,0.714880052783509,2.598734557009055,4.028494662576073
0,1500,0.252,3.357883409785905,0.7064946564669271,2.6513887533189777,4.064378066252832
0,1500,0.253,3.4017409349055683,0.6985674917715847,2.7031734431339833,4.100308426677153
0,1500,0.254,3.445188177614397,0.6910980230919594,2.754090154522437,4.1362862007063566
0,1500,0.255,3.488226130375244,0.6840850377060413,2.8041410926692025,4.172311168081285
0,1500,0.256,3.530855785650955,0.677526614211621,2.853329171439334,4.208382399862575
0,1500,0.257,3.573078135904381,0.6714200961142808,2.9016580397901,4.244498232018661
0,1500,0.258,3.614894173598368,0.6657620712529534,2.949132102345415,4.280656244851322
0,1500,0.259,3.656304891195769,0.6605483576599799,2.9957565335357894,4.316853248855749
0,1500,0.26,3.6973112811594255,0.6557739963400567,3.041537284819369,4.353085277499482
0,1500,0.261,3.737914335952194,0.6514332513192399,3.086481084632954,4.389347587271434
0,1500,0.262,3.7781150480369172,0.6475196171655832,3.130595430871334,4.425634665202501
0,1500,0.263,3.8179144098764493,0.6440258340222406,3.1738885758542086,4.46194024389869
0,1500,0.264,3.8573134139336354,0.6409439100281051,3.21636950390553,4.498257323961741
0,1500,0.265,3.8963130526713226,0.6382651508367,3.2580479018346225,4.534578203508023
0,1500,0.266,3.9349143185523623,0.6359801957876712,3.298934122764691,4.570894514340034
0,1500,0.267,3.9731182040396034,0.6340790601429569,3.3390391438966462,4.6071972641825605
0,1500,0.268,4.010925701595891,0.6325511826769513,3.37837451891894,4.643476884272842
0,1500,0.269,4.048337803684079,0.6313854778110529,3.4169523258730266,4.679723281495132
0,1500,0.27,4.085355502767012,0.6305703914109578,3.454785111356054,4.715925894177969
0,1500,0.271,4.1219797913075436,0.6300939593214694,3.491885831986074,4.7520737506290125
0,1500,0.272,4.158211661768517,0.6299438676986858,3.5282677940698313,4.788155529467203
0,1500,0.273,4.194052106612783,0.6301075142119263,3.5639445924008566,4.824159620824709
0,1500,0.274,4.229502118303187,0.6305720692253106,3.598930049077876,4.860074187528498
0,1500,0.275,4.2645626893025845,0.6313245361281505,3.633238153174434,4.8958872254307355
0,1500,0.276,4.299234812073817,0.6323518100602664,3.666883002013551,4.931586622134084
0,1500,0.277,4.33351947907974,0.6336407343685656,3.6998787447111745,4.967160213448306
0,1500,0.278,4.367417682783198,0.635178154230291,3.7322395285529066,5.002595837013489
0,1500,0.279,4.40093041564704,0.6369509669819009,3.7639794486651392,5.037881382628941
0,1500,0.28,4.434058670134114,0.6389461687966073,3.7951125013375067,5.073004838930721
0,1500,0.281,4.466803438707272,0.6411508974547809,3.825652541252491,5.107954336162053
0,1500,0.28200000000000003,4.499165713829356,0.6435524710467962,3.85561324278256,5.142718184876152
0,1500,0.28300000000000003,4.53114648796322,0.64613842253534,3.8850080654278796,5.177284910498559
0,1500,0.28400000000000003,4.562746753571714,0.6488965301821177,3.9138502233895966,5.211643283753832
0,1500,0.28500000000000003,4.593967503117683,0.65181484391139,3.9421526592062928,5.245782347029072
0,1500,0.28600000000000003,4.624809729063979,0.6548817077394313,3.969928021324548,5.27969143680341
0,1500,0.28700000000000003,4.655274423873448,0.6580857784448944,3.9971886454285537,5.313360202318342
0,1500,0.28800000000000003,4.685362580008935,0.66141604069066,4.023946539318275,5.346778620699594
0,1500,0.28900000000000003,4.715075189933297,0.6648618188337361,4.050213371099561,5.379937008767033
0,1500,0.29000000000000004,4.744413246109377,0.6684127856770664,4.076000460432311,5.412826031786444
0,1500,0.29100000000000004,4.7733777410000275,0.6720589684267664,4.101318772573261,5.445436709426794
0,1500,0.29200000000000004,4.801969667068093,0.6757907521213804,4.1261789149467125,5.477760419189473
0,1500,0.29300000000000004,4.830190016776425,0.6795988807973424,4.150591135979083,5.509788897573767
0,1500,0.29400000000000004,4.85803978258787,0.6834744566479455,4.174565325939924,5.541514239235815
0,1500,0.29500000000000004,4.88551995696528,0.687408937422778,4.198111019542502,5.572928894388058
0,1500,0.29600000000000004,4.912631532371499,0.6913941323016006,4.2212374000698984,5.6040256646731
0,1500,0.29700000000000004,4.939375501269381,0.6954221964618229,4.243953304807558,5.634797697731203
0,1500,0.29800000000000004,4.965752856121768,0.6994856245427326,4.266267231579036,5.665238480664501
0,1500,0.29900000000000004,4.991764589391514,0.7035772431930176,4.288187346198496,5.695341832584532
0,1500,0.30000000000000004,5.017411693541466,0.7076902028713398,4.309721490670126,5.725101896412806
0,1500,0.30100000000000005,5.042695161034475,0.7118179690531508,4.330877191981324,5.754513130087625
0,1500,0.30200000000000005,5.067615984333386,0.7159543129808759,4.3516616713525105,5.783570297314262
0,1500,0.30300000000000005,5.092175155901049,0.7200933020792392,4.372081853821809,5.812268457980288
0,1500,0.30400000000000005,5.116373668200311,0.7242292901430044,4.392144378057307,5.840602958343315
0,1500,0.30500000000000005,5.140212513694025,0.7283569073908877,4.4118556063031376,5.868569421084913
0,1500,0.30600000000000005,5.163692684845036,0.7324710504668989,4.431221634378137,5.8961637353119345
0,1500,0.30700000000000005,5.186815174116193,0.7365668724589132,4.45024830165728,5.923382046575106
0,1500,0.30800000000000005,5.209580973970346,0.7406397729938548,4.4689412009764915,5.950220746964201
0,1500,0.309,5.231991076870344,0.7446853884594812,4.487305688410863,5.976676465329825
0,1500,0.31,5.254046475279031,0.7486995823943384,4.505346892884693,6.002746057673369
0,1500,0.311,5.275748161659264,0.7526784360799412,4.523069725579322,6.028426597739205
0,1500,0.312,5.297097128473887,0.7566182393626046,4.540478889111282,6.0537153678364914
0,1500,0.313,5.318094368185746,0.7605154817265157,4.557578886459231,6.078609849912262
0,1500,0.314,5.338740873257693,0.764366843634521,4.574374029623172,6.1031077168922145
0,1500,0.315,5.3590376361525776,0.7681691881486773,4.5908684480039,6.127206824301255
0,1500,0.316,5.378985649333244,0.7719195528387908,4.607066096494453,6.150905202172035
0,1500,0.317,5.398585905262545,0.7756151419838749,4.62297076327867,6.174201047246419
0,1500,0.318,5.417839396403329,0.7792533190686834,4.6385860773346455,6.197092715472012
0,1500,0.319,5.436747115218442,0.7828315995750935,4.653915515643349,6.219578714793536
0,1500,0.32,5.455310054170736,0.7863476440661663,4.6689624101045695,6.241657698236903
0,1500,0.321,5.473529205723057,0.7897992515590591,4.683729954163998,6.263328457282117
0,1500,0.322,5.4914055623382545,0.7931843531816339,4.69822120915662,6.284589915519889
0,1500,0.323,5.508940116479177,0.7965010061065254,4.712439110372652,6.3054411225857026
0,1500,0.324,5.526133860608675,0.7997473877555896,4.726386472853085,6.325881248364264
0,1500,0.325,5.542987787189593,0.8029217902669809,4.7400659969226115,6.345909577456574
0,1500,0.326,5.559502888684783,0.8060226152166279,4.7534802734681545,6.365525503901411
0,1500,0.327,5.575680157557095,0.8090483685855234,4.766631788971571,6.384728526142618
0,1500,0.328,5.591520586269372,0.8119976559640225,4.779522930305349,6.403518242233394
0,1500,0.329,5.607025167284469,0.814869177984221,4.792155989300248,6.42189434526869
0,1500,0.33,5.622194893065233,0.8176617259714393,4.804533167093793,6.439856619036672
0,1500,0.331,5.637030756074507,0.8203741778058894,4.816656578268618,6.4574049338803965
0,1500,0.332,5.6515337487751465,0.8230054939856875,4.828528254789459,6.474539242760834
0,1500,0.333,5.665704863629996,0.8255547138825106,4.840150149747485,6.491259577512507
0,1500,0.334,5.679545093101908,0.8280209521813949,4.851524140920513,6.507566045283302
0,1500,0.335,5.693055429653729,0.8304033954963739,4.862652034157355,6.523458825150103
0,1500,0.336,5.706236865748307,0.8327012991538891,4.873535566594418,6.538938164902197
0,1500,0.337,5.719090393848493,0.8349139841361755,4.8841764097123175,6.554004377984668
0,1500,0.338,5.7316170064171335,0.8370408341770695,4.894576172240064,6.568657840594203
0,1500,0.339,5.743817695917077,0.839081293002984,4.904736402914093,6.582898988920061
0,1500,0.33999999999999997,5.755693454811172,0.8410348617120583,4.914658593099113,6.59672831652323
0,1500,0.34099999999999997,5.767245275562269,0.8429010962847902,4.924344179277479,6.610146371847059
0,1500,0.34199999999999997,5.778474150633217,0.8446796052197192,4.933794545413498,6.623153755852936
0,1500,0.34299999999999997,5.78938107248686,0.8463700472880343,4.9430110251988255,6.635751119774894
0,1500,0.344,5.799967033586052,0.8479721294012307,4.951994904184821,6.647939162987282
0,1500,0.345,5.81023302639364,0.8494856045862297,4.960747421807411,6.65971863097987
0,1500,0.346,5.820180043372472,0.8509102700626238,4.969269773309849,6.671090313435096
0,1500,0.347,5.8298090769853985,0.8522459654169782,4.97756311156842,6.682055042402377
0,1500,0.348,5.839121119695266,0.8534925708693586,4.985628548825908,6.692613690564624
0,1500,0.349,5.848117163964922,0.8546500056274999,4.993467158337422,6.702767169592422
0,1500,0.35,5.8567982022572185,0.8557182263242563,5.001079975932962,6.712516428581475
0,1500,0.351,5.865165227035002,0.856697225534204,5.008468001500797,6.721862452569206
0,1500,0.352,5.873219230761123,0.857587030365471,5.015632200395652,6.7308062611265935
0,1500,0.353,5.880961205898427,0.85838770112308,5.022573504775347,6.739348907021507
0,1500,0.354,5.888392144909766,0.8590993300402827,5.029292814869483,6.747491474950048
0,1500,0.355,5.895513040257985,0.8597220400745489,5.035791000183436,6.755235080332533
0,1500,0.356,5.902324884405937,0.8602559837650603,5.042068900640877,6.762580868170997
0,1500,0.357,5.908828669816469,0.8607013421487149,5.048127327667753,6.769530011965184
0,1500,0.358,5.915025388952428,0.8610583237318233,5.053967065220604,6.776083712684251
0,1500,0.359,5.920916034276663,0.8613271635148267,5.059588870761837,6.78224319779149
0,1500,0.36,5.926501598252026,0.8615081220675115,5.064993476184514,6.788009720319537
0,1500,0.361,5.93178307334136,0.8616014846523352,5.0701815886890245,6.793384557993695
0,1500,0.362,5.93676145200752,0.8616075603936189,5.075153891613901,6.798369012401139
0,1500,0.363,5.94143772671335,0.8615266814904724,5.079911045222877,6.802964408203822
0,1500,0.364,5.945812889921699,0.8613592024714565,5.084453687450242,6.807172092393156
0,1500,0.365,5.949887934095419,0.8611054994890798,5.0887824346063395,6.810993433584499
0,1500,0.366,5.953663851697354,0.8607659696523543,5.0928978820449995,6.814429821349709
0,1500,0.367,5.957141635190357,0.8603410303957266,5.09680060479463,6.817482665586084
0,1500,0.368,5.960322277037274,0.8598311188827956,5.100491158154478,6.8201533959200695
0,1500,0.369,5.963206769700955,0.8592366914433331,5.103970078257622,6.822443461144288
0,1500,0.37,5.965796105644248,0.8585582230421941,5.107237882602054,6.824354328686442
0,1500,0.371,5.968091277330002,0.8577962067788036,5.1102950705511985,6.825887484108805
0,1500,0.372,5.970093277221063,0.8569511534159738,5.11314212380509,6.827044430637037
0,1500,0.373,5.971803097780285,0.8560235909368864,5.115779506843398,6.827826688717171
0,1500,0.374,5.973221731470512,0.8550140641291418,5.118207667341371,6.828235795599654
0,1500,0.375,5.974350170754596,0.8539231341948547,5.120427036559741,6.82827330494945
0,1500,0.376,5.975189408095382,0.8527513783858256,5.122438029709556,6.827940786481207
0,1500,0.377,5.975740435955721,0.8514993896628926,5.124241046292829,6.827239825618614
0,1500,0.378,5.976004246798462,0.8501677763786164,5.125836470419846,6.826172023177079
0,1500,0.379,5.975981833086454,0.8487571619825157,5.127224671103939,6.824738995068969
0,1500,0.38,5.975674187282543,0.8472681847481155,5.128406002534428,6.822942372030658
0,1500,0.381,5.97508230184958,0.8457014975211279,5.129380804328452,6.820783799370707
0,1500,0.382,5.974207169250413,0.8440577674881273,5.130149401762285,6.81826493673854
0,1500,0.383,5.97304978194789,0.8423376759651351,5.130712105982755,6.815387457913025
0,1500,0.384,5.97161113240486,0.8405419182055662,5.131069214199293,6.812153050610426
0,1500,0.385,5.969892213084172,0.8386712032270376,5.131221009857135,6.80856341631121
0,1500,0.386,5.9678940164486765,0.8367262536565737,5.131167762792103,6.80462027010525
0,1500,0.387,5.965617534961218,0.8347078055937883,5.13090972936743,6.800325340555006
0,1500,0.388,5.963063761084648,0.8326166084916571,5.130447152592991,6.795680369576305
0,1500,0.389,5.960233687281815,0.8304534250545261,5.129780262227289,6.790687112336341
0,1500,0.39,5.9571283060155675,0.8282190311530445,5.128909274862523,6.785347337168612
0,1500,0.391,5.953748609748753,0.8259142157557344,5.127834393993019,6.779662825504487
0,1500,0.392,5.950095590944221,0.8235397808769491,5.126555810067272,6.77363537182117
0,1500,0.393,5.94617024206482,0.8210965415409921,5.125073700523828,6.7672667836058125
0,1500,0.394,5.941973555573399,0.8185853257622114,5.123388229811187,6.76055888133561
0,1500,0.395,5.937506523932806,0.8160069745408982,5.121499549391908,6.753513498473705
0,1500,0.396,5.932770139605892,0.8133623418748543,5.1194077977310375,6.746132481480746
0,1500,0.397,5.927765395055502,0.8106522947865192,5.117113100268983,6.738417689842021
0,1500,0.398,5.922493282744488,0.8078777133655624,5.114615569378925,6.73037099611005
0,1500,0.399,5.916954795135696,0.8050394908268864,5.11191530430881,6.721994285962583
0,1500,0.4,5.911150924691976,0.802138533583995,5.1090123911079806,6.713289458275971
0,1500,0.401,5.905082663876176,0.7991757613377098,5.105906902538466,6.704258425213887
0,1500,0.402,5.898751005151145,0.7961521071802371,5.102598897970908,6.6949031123313825
0,1500,0.403,5.892156940979732,0.7930685177146115,5.099088423265121,6.685225458694344
0,1500,0.404,5.885301463824785,0.7899259531895536,5.095375510635232,6.675227417014338
0,1500,0.405,5.878185566149154,0.7867253876498059,5.091460178499348,6.664910953798961
0,1500,0.406,5.870810240415686,0.7834678091020201,5.087342431313666,6.654278049517706
0,1500,0.40700000000000003,5.863176479087231,0.7801542196962918,5.0830222593909395,6.643330698783523
0,1500,0.40800000000000003,5.855285274626637,0.7767856359234498,5.078499638703187,6.6320709105500875
0,1500,0.40900000000000003,5.847137619496753,0.7733630888282195,5.073774530668533,6.620500708324972
0,1500,0.41000000000000003,5.838734506160426,0.7698876242383926,5.068846881922034,6.608622130398818
0,1500,0.41100000000000003,5.830076927080506,0.7663603030101503,5.063716624070356,6.596437230090656
0,1500,0.41200000000000003,5.821165874719841,0.7627822012896903,5.058383673430151,6.5839480760095315
0,1500,0.41300000000000003,5.812002341541282,0.7591544107913135,5.0528479307499685,6.5711567523325956
0,1500,0.41400000000000003,5.802587320007676,0.7554780390921454,5.047109280915531,6.558065359099822
0,1500,0.41500000000000004,5.792921802581871,0.751754209943648,5.041167592638223,6.544676012525519
0,1500,0.41600000000000004,5.783006781726716,0.7479840636001026,5.035022718126613,6.530990845326818
0,1500,0.41700000000000004,5.77284324990506,0.7441687571642239,5.028674492740836,6.517012007069284
0,1500,0.41800000000000004,5.762432199579752,0.740309464950072,5.02212273462968,6.502741664529824
0,1500,0.41900000000000004,5.75177462321364,0.7364073788634172,5.015367244350223,6.488182002077057
0,1500,0.42000000000000004,5.740871513269573,0.7324637087997051,5.008407804469868,6.473335222069278
0,1500,0.42100000000000004,5.729723862210399,0.7284796830597494,5.00124417915065,6.458203545270148
0,1500,0.42200000000000004,5.718332662498968,0.7244565487832677,4.9938761137157,6.442789211282236
0,1500,0.42300000000000004,5.706698906598127,0.7203955724003489,4.986303334197777,6.427094478998476
0,1500,0.42400000000000004,5.694823586970726,0.7162980401009135,4.978525546869812,6.41112162707164
0,1500,0.42500000000000004,5.682707696079612,0.7121652583221942,4.970542437757418,6.394872954401807
0,1500,0.42600000000000005,5.670352226387637,0.7079985542542284,4.962353672133409,6.378350780641865
0,1500,0.42700000000000005,5.657758170357646,0.7037992763632999,4.953958893994345,6.361557446720946
0,1500,0.42800000000000005,5.64492652045249,0.6995687949332262,4.945357725519264,6.344495315385716
0,1500,0.42900000000000005,5.631858269135015,0.6953085026243145,4.9365497665107005,6.327166771759329
0,1500,0.43000000000000005,5.618554408868073,0.6910198150497465,4.927534593818327,6.30957422391782
0,1500,0.43100000000000005,5.605015932114512,0.686704171369073,4.918311760745438,6.291720103483585
0,1500,0.43200000000000005,5.591243831337177,0.6823630348984078,4.908880796438769,6.2736068662355855
0,1500,0.43300000000000005,5.577239098998921,0.6779978937368091,4.899241205262111,6.25523699273573
0,1500,0.43400000000000005,5.5630027275625915,0.6736102614082253,4.889392466154366,6.236612988970817
0,1500,0.43500000000000005,5.548535709491036,0.6692016775182571,4.879334031972779,6.217737387009293
0,1500,0.43600000000000005,5.5338390372471045,0.664773708424844,4.869065328822261,6.198612745671948
0,1500,0.43700000000000006,5.518913703293645,0.6603279479218293,4.8585857553718155,6.179241651215475
0,1500,0.43800000000000006,5.503760700093506,0.6558660179341871,4.8478946821593185,6.159626718027693
0,1500,0.43900000000000006,5.488381020109536,0.6513895692234996,4.836991450886036,6.139770589333035
0,1500,0.44000000000000006,5.4727756558045835,0.6469002821020677,4.825875373702516,6.119675937906651
0,1500,0.44100000000000006,5.456945599641498,0.6423998671538049,4.8145457324876935,6.099345466795303
0,1500,0.44200000000000006,5.440891844083129,0.6378900659598151,4.803001778123314,6.078781910042944
0,1500,0.44300000000000006,5.424615381592322,0.6333726518262747,4.791242729766048,6.057988033418597
0,1500,0.44400000000000006,5.408117204631929,0.6288494305119487,4.7792677741199805,6.0369666351438775
0,1500,0.44500000000000006,5.391398305664797,0.6243222409523319,4.767076064712465,6.015720546617129
0,1500,0.44600000000000006,5.374459677153776,0.6197929559770657,4.75466672117671,5.9942526331308414
0,1500,0.44700000000000006,5.357302311561712,0.6152634830168943,4.742038828544818,5.972565794578607
0,1500,0.44800000000000006,5.339927201351457,0.6107357647960124,4.729191436555444,5.950662966147469
0,1500,0.44900000000000007,5.322335338985855,0.6062117800052226,4.716123558980633,5.9285471189910774
0,1500,0.45000000000000007,5.30452771692776,0.601693543950842,4.702834172976918,5.906221260878602
0,1500,0.45100000000000007,5.286505327640017,0.5971831091738026,4.689322218466215,5.88368843681382
0,1500,0.45199999999999996,5.268269163585479,0.5926825660328547,4.675586597552623,5.860951729618334
0,1500,0.45299999999999996,5.249820217226989,0.5881940432452162,4.661626173981773,5.838014260472205
0,1500,0.45399999999999996,5.231159481027398,0.5837197083774274,4.647439772649971,5.8148791894048255
0,1500,0.45499999999999996,5.212287947449554,0.5792617682785377,4.633026179171017,5.791549715728092
0,1500,0.45599999999999996,5.1932066089563085,0.5748224694471159,4.6183841395091925,5.7680290784034245
0,1500,0.45699999999999996,5.173916458010507,0.5704040983228998,4.603512359687607,5.744320556333407
0,1500,0.45799999999999996,5.154418487075,0.5660089814932185,4.588409505581781,5.720427468568218
0,1500,0.45899999999999996,5.134713688612634,0.5616394858036153,4.5730742028090186,5.69635317441625
0,1500,0.45999999999999996,5.11480305508626,0.557298018361395,4.557505036724865,5.672101073447656
0,1500,0.46099999999999997,5.094687578958726,0.5529870264201108,4.541700552538615,5.647674605378836
0,1500,0.46199999999999997,5.074368252692881,0.5487089971323055,4.5256592555605755,5.623077249825186
0,1500,0.46299999999999997,5.0538460687515725,0.5444664571571474,4.509379611594425,5.59831252590872
0,1500,0.46399999999999997,5.033122019597649,0.54026197210895,4.4928600474886995,5.573383991706599
0,1500,0.46499999999999997,5.01219709769396,0.5360981458319694,4.4760989518619905,5.54829524352593
0,1500,0.46599999999999997,4.991072295503355,0.5319776194863298,4.459094676017025,5.523049914989685
0,1500,0.46699999999999997,4.9697486054886815,0.5279030704294773,4.441845535059204,5.497651675918159
0,1500,0.46799999999999997,4.948227020112788,0.5238772108771916,4.424349809235596,5.47210423098998
0,1500,0.469,4.9265085318385236,0.5199027863279634,4.40660574551056,5.446411318166487
0,1500,0.47,4.904594133128737,0.5159825737344362,4.388611559394301,5.420576706863173
0,1500,0.471,4.882484816446277,0.5121193794057036,4.370365437040573,5.39460419585198
0,1500,0.472,4.860181574253992,0.5083160366245144,4.351865537629477,5.3684976108785065
0,1500,0.473,4.83768539901473,0.5045754029639418,4.333109996050789,5.3422608019786715
0,1500,0.474,4.8149972831913415,0.5009003572888183,4.314096925902523,5.31589764048016
0,1500,0.475,4.792118219246673,0.49729379642826466,4.294824422818408,5.289412015674937
0,1500,0.476,4.7690491996435735,0.49375863150697363,4.2752905681366,5.262807831150547
0,1500,0.477,4.745791216844894,0.49029778392457335,4.2554934329203205,5.236089000769467
0,1500,0.478,4.72234526331348,0.48691418097441574,4.235431082339065,5.209259444287896
0,1500,0.479,4.698712331512182,0.48361075109552,4.215101580416662,5.182323082607701
0,1500,0.48,4.674893413903848,0.48039041875418403,4.194502995149664,5.155283832658032
0,1500,0.481,4.650889502951328,0.47725609895494664,4.173633403996381,5.128145601906275
0,1500,0.482,4.6267015911174685,0.4742106913841482,4.15249089973332,5.100912282501617
0,1500,0.483,4.60233067086512,0.4712570741932935,4.131073596671826,5.073587745058414
0,1500,0.484,4.577777734657129,0.46839809743373745,4.109379637223392,5.046175832090866
0,1500,0.485,4.553043774956347,0.46563657615887305,4.087407198797473,5.01868035111522
0,1500,0.486,4.528129784225621,0.4629752832149501,4.065154501010671,4.9911050674405715
0,1500,0.487,4.503036754927799,0.46041694174684333,4.042619813180956,4.963453696674643
0,1500,0.488,4.4777656795257315,0.4579642174504473,4.019801462075284,4.935729896976179
0,1500,0.489,4.452317550482265,0.45561971060881673,3.9966978398734483,4.907937261091082
0,1500,0.49,4.42669336026025,0.4533859479546089,3.9733074123056413,4.880079308214859
0,1500,0.491,4.4008941013225344,0.45126537440669756,3.949628726915837,4.852159475729232
0,1500,0.492,4.374920766131968,0.4492603447339131,3.925660421398055,4.824181110865881
0,1500,0.493,4.348774347151396,0.4473731152035813,3.901401231947815,4.796147462354978
0,1500,0.494,4.322455836843671,0.445605835276765,3.8768500015669063,4.768061672120436
0,1500,0.495,4.295966227671641,0.4439605394157181,3.8520056882559226,4.739926767087359
0,1500,0.496,4.269306512098152,0.442439139071922,3.8268673730262295,4.711745651170074
0,1500,0.497,4.242477682586055,0.441043414925055,3.8014342676610005,4.68352109751111
0,1500,0.498,4.2154807315981975,0.4397750094442555,3.775705722153942,4.655255741042453
0,1500,0.499,4.18831665159743,0.43863541984297094,3.749681231754459,4.6269520714404
0,1500,0.5,4.160986435046599,0.4376259914974777,3.7233604435491214,4.598612426544077
0,1500,0.501,4.133491074408554,0.43674791189676454,3.6967431625117895,4.570238986305319
0,1500,0.502,4.105831562146144,0.4360022051878761,3.669829356958268,4.54183376733402
0,1500,0.503,4.078008890722217,0.4353897273760344,3.642619163346183,4.513398618098252
0,1500,0.504,4.050024052599622,0.4349111622329412,3.6151128903666807,4.484935214832563
0,1500,0.505,4.021878040241209,0.43456701795969405,3.5873110222815145,4.456445058200902
0,1500,0.506,3.9935718461098237,0.4343576246428422,3.5592142214669815,4.427929470752666
0,1500,0.507,3.965106462668317,0.4342831325334075,3.5308233301349095,4.399389595201725
0,1500,0.508,3.936482882379537,0.4343435111693622,3.5021393712101747,4.370826393548899
0,1500,0.509,3.9077020977063315,0.434538549352297,3.4731635483540346,4.342240647058628
0,1500,0.51,3.8787651011115507,0.43486785597901106,3.44389724513254,4.313632957090562
0,1500,0.511,3.8496728850580424,0.4353308617187421,3.4143420233393003,4.285003746776784
0,1500,0.512,3.8204264420086553,0.4359268215169302,3.384499620491725,4.256353263525585
0,1500,0.513,3.791026764426238,0.4366548178969873,3.3543719465292505,4.227681582323225
0,1500,0.514,3.7614748447736392,0.43751376502271005,3.323961079750929,4.198988609796349
0,1500,0.515,3.731771675513708,0.4385024134759122,3.2932692620377955,4.17027408898962
0,1500,0.516,3.7019182491092923,0.439619355696703,3.262298893412589,4.141537604805995
0,1500,0.517,3.671915558023241,0.44086303202772903,3.231052525995512,4.11277859005097
0,1500,0.518,3.641764594718403,0.4422317372987055,3.1995328574196975,4.083996332017109
0,1500,0.519,3.6114663516576275,0.44372362788376646,3.167742723773861,4.055189979541394
0,1500,0.52,3.581021821303762,0.44533672916155603,3.135685092142206,4.026358550465318
0,1500,0.521,3.5504319961196553,0.44706894330658214,3.1033630528130733,3.9975009394262373
0,1500,0.522,3.519697868568157,0.4489180573401041,3.0707798112280527,3.968615925908261
0,1500,0.523,3.4888204311121145,0.45088175136966446,3.03793867974245,3.939702182481779
0,1500,0.524,3.4578006762143776,0.4529576069482204,3.0048430692661574,3.9107582831625978
0,1500,0.525,3.426639596337795,0.45514311548656844,2.9714964808512265,3.8817827118243633
0,1500,0.526,3.395338183945214,0.4574356866562705,2.9379024972889436,3.8527738706014842
0,1500,0.527,3.3638974314994843,0.4598326567244554,2.904064774775029,3.8237300882239396
0,1500,0.528,3.332318331463454,0.4623312967665484,2.8699870346969054,3.7946496282300024
0,1500,0.529,3.300601876299973,0.46492882070805114,2.8356730555919216,3.7655306970080242
0,1500,0.53,3.2687490584718883,0.4676223931518165,2.801126665320072,3.7363714516237048
0,1500,0.531,3.2367608704420494,0.4704091369527252,2.766351733489324,3.7071700073947746
0,1500,0.532,3.204638304673305,0.4732861405071644,2.7313521641661405,3.6779244451804693
0,1500,0.533,3.1723823536285036,0.4762504647301223,2.6961318888983814,3.648632818358626
0,1500,0.534,3.1399940097704944,0.47929914969797965,2.660694860072515,3.619293159468474
0,1500,0.535,3.107474265562125,0.48242922094010615,2.625045044622019,3.589903486502231
0,1500,0.536,3.0748241134662444,0.4856376953671176,2.5891864180991266,3.560461808833362
0,1500,0.537,3.0420445459457017,0.4889215868280562,2.5531229591176454,3.530966132773758
0,1500,0.538,3.0091365554633454,0.4922779112928036,2.516858644170542,3.501414466756149
0,1500,0.539,2.976101134482024,0.4957036916596885,2.4803974428223357,3.4718048261417125
0,1500,0.54,2.9429392754645862,0.49919596219151235,2.4437433132730737,3.4421352376560987
0,1500,0.541,2.909651970873881,0.5027517725860753,2.406900198287806,3.412403743459956
0,1500,0.542,2.876240213172756,0.5063681916897492,2.369872021483007,3.382608404862505
0,1500,0.543,2.8427049948240612,0.5100423108647353,2.332662683959326,3.3527473056887964
0,1500,0.544,2.8090473082906446,0.513771247022368,2.2952760612682765,3.3228185553130127
0,1500,0.545,2.775268146035355,0.5175521453362177,2.257716000699137,3.292820291371573
0,1500,0.546,2.7413685005210406,0.5213821816498159,2.219986318871225,3.2627506821708563
0,1500,0.547,2.7073493642105504,0.5252585645946185,2.1820907996159318,3.232607928805169
0,1500,0.548,2.6732117295667335,0.5291785374343537,2.1440331921323796,3.2023902670010873
0,1500,0.549,2.638956589052438,0.5331393796521958,2.105817209400242,3.1720959687046335
0,1500,0.55,2.604584935130512,0.5371384082973122,2.0674465268332,3.1417233434278242
0,1500,0.551,2.5700977602638053,0.5411729791072464,2.028924781156559,3.1112707393710517
0,1500,0.552,2.5354960569151666,0.5452404874223796,1.990255569492787,3.080736544337546
0,1500,0.553,2.5007808175474437,0.5493383689083521,1.9514424486390918,3.0501191864557957
0,1500,0.554,2.4659530346234857,0.5534641001018777,1.9124889345216078,3.0194171347253635
0,1500,0.555,2.4310137006061407,0.5576151987948378,1.873398501811303,2.9886288994009784
0,1500,0.556,2.3959638079582577,0.5617892242709411,1.8341745836873167,2.9577530322291987
0,1500,0.557,2.360804349142686,0.5659837774085791,1.7948205717341073,2.926788126551265
0,1500,0.558,2.3255363166222742,0.5701965006628186,1.7553398159594558,2.8957328172850927
0,1500,0.559,2.29016070285987,0.574425077938768,1.715735624921102,2.864585780798638
0,1500,0.56,2.254678500318322,0.57866723436783,1.6760112659504922,2.833345734686152
0,1500,0.561,2.2190907014604804,0.5829207359976343,1.636169965462846,2.8020114374581144
0,1500,0.562,2.183398298749192,0.5871833894057304,1.5962149093434617,2.7705816881549223
0,1500,0.5630000000000001,2.1476022846473066,0.5914530412464196,1.556149243400887,2.7390553258937262
0,1500,0.5640000000000001,2.1117036516176726,0.5957275777394224,1.5159760738782502,2.707431229357095
0,1500,0.5650000000000001,2.0757033921231383,0.600004924108418,1.4756984680147203,2.6757083162315562
0,1500,0.5660000000000001,2.0396024986265533,0.6042830439768604,1.4353194546496928,2.643885542603414
0,1500,0.5670000000000001,2.0034019635907656,0.6085599387278683,1.3948420248628972,2.611961902318634
0,1500,0.5680000000000001,1.9671027794786238,0.6128336468344122,1.3542691326442116,2.579936426313036
0,1500,0.5690000000000001,1.930705938752976,0.6171022431654754,1.3136036955875006,2.5478081819184513
0,1500,0.5700000000000001,1.8942124338766724,0.6213638382733564,1.272848595603316,2.515576272150029
0,1500,0.5710000000000001,1.8576232573125606,0.6256165776667976,1.232006679645763,2.4832398349793583
0,1500,0.5720000000000001,1.820939401523489,0.6298586410741713,1.1910807604493177,2.4507980425976603
0,1500,0.5730000000000001,1.7841618589723067,0.6340882417005427,1.150073617271764,2.418250100672849
0,1500,0.5740000000000001,1.7472916221218626,0.6383036254820325,1.1089879966398302,2.385595247603895
0,1500,0.5750000000000001,1.7103296834350052,0.642503070340549,1.0678266130944563,2.3528327537755542
0,1500,0.5760000000000001,1.6732770353745827,0.6466848854416187,1.026592149932964,2.3199619208162012
0,1500,0.5770000000000001,1.6361346704034445,0.6508474104577447,0.9852872599456998,2.2869820808611894
0,1500,0.5780000000000001,1.5989035809844383,0.6549890148394413,0.943914566144997,2.2538925958238796
0,1500,0.5790000000000001,1.5615847595804138,0.6591080970958285,0.9024766624845852,2.2206928566762425
0,1500,0.58,1.5241791986542235,0.6632030840864473,0.8609761145677761,2.187382282740671
0,1500,0.581,1.4866878906687069,0.6672724303257331,0.8194154603429737,2.15396032099444
0,1500,0.582,1.4491118280867175,0.6713146173013922,0.7777972107853253,2.1204264453881096
0,1500,0.583,1.4114520033711044,0.6753281528077589,0.7361238505633455,2.0867801561788633
0,1500,0.584,1.373709408984716,0.6793115702950441,0.6943978386896719,2.05302097927976
0,1500,0.585,1.3358850373904,0.6832634282352421,0.652621609155158,2.0191484656256424
0,1500,0.586,1.2979798810510061,0.6871823095053453,0.6107975715456608,1.9851621905563515
0,1500,0.587,1.2599949324293833,0.6910668207883921,0.5689281116409912,1.9510617532177754
0,1500,0.588,1.2219311839883793,0.6949155919927772,0.5270155919956021,1.9168467759811565
0,1500,0.589,1.1837896281908424,0.69872727569016,0.4850623525006824,1.8825169038810023
0,1500,0.59,1.1455712574996224,0.7025005465722324,0.44307071092739003,1.848071804071855
0,1500,0.591,1.1072770643775676,0.7062341009265316,0.40104296345103596,1.8135111653040992
0,1500,0.592,1.0689080412875267,0.7099266561314281,0.35898138515609856,1.7788346974189548
0,1500,0.593,1.0304651806923473,0.7135769501703633,0.316888230521984,1.7440421308627105
0,1500,0.594,0.9919494750548796,0.7171837411653655,0.2747657338895141,1.7091332162202453
0,1500,0.595,0.9533619168379718,0.7207458069298417,0.2326161099081301,1.6741077237678135
0,1500,0.596,0.9147034985044729,0.7242619445405972,0.19044155396387563,1.6389654430450702
0,1500,0.597,0.8759752125172294,0.727730969929024,0.14824424258820545,1.6037061824462535
0,1500,0.598,0.8371780513390928,0.7311517174913658,0.10602633384772708,1.5683297688304587
0,1500,0.599,0.7983130074329099,0.7345230397179578,0.06378996771495204,1.5328360471508677
0,1500,0.6,0.7593810732615309,0.7378438068413236,0.021537266420207368,1.4972248801028545
0,1500,0.601,0.7203832412878022,0.7411129065030058,-0.020729665215203585,1.461496147790808
0,1500,0.602,0.6813205039745749,0.7443292434389976,-0.06300873946442276,1.4256497474135725
0,1500,0.603,0.6421938537846964,0.747491739183651,-0.10529788539895457,1.3896855929683474
0,1500,0.604,0.6030042831810152,0.7505993317919231,-0.1475950486109079,1.3536036149729382
0,1500,0.605,0.5637527846263805,0.7536509755798418,-0.1898981909534614,1.3174037602062223
0,1500,0.606,0.5244403505836407,0.7566456408830698,-0.23220529029942916,1.2810859914667105
0,1500,0.607,0.48506797351564435,0.7595823138334556,-0.2745143403178113,1.2446502873491
0,1500,0.608,0.44563664588524043,0.7624599961534733,-0.31682335026823283,1.2080966420387136
0,1500,0.609,0.40614736015527697,0.7652777049684667,-0.35913034481318973,1.1714250651237437
0,1500,0.61,0.3666011087886033,0.7680344726366227,-0.4014333638480194,1.134635581425226
0,1500,0.611,0.32699888424806856,0.770729346596623,-0.4437304623485544,1.0977282308446914
0,1500,0.612,0.28734167899651974,0.7733613892329346,-0.4860197102364149,1.0607030682294543
0,1500,0.613,0.247630485496807,0.7759296777587235,-0.5282991922619165,1.0235601632555305
0,1500,0.614,0.20786629621177743,0.7784333041163936,-0.5705670079046161,0.986299600328171
0,1500,0.615,0.16805010360428219,0.7808713748957798,-0.6128212712914977,0.948921478500062
0,1500,0.616,0.12818290013716793,0.7832430112700454,-0.6550601111328774,0.9114259114072133
0,1500,0.617,0.08826567827328347,0.7855473489493541,-0.6972816706760706,0.8738130272226375
0,1500,0.618,0.04829943047547769,0.7877835381524286,-0.7394841076769509,0.8360829686279063
0,1500,0.619,0.008285149206600284,0.7899507435961153,-0.781665594389515,0.7982358928027156
0,1500,0.62,-0.03177617307050207,0.7920481445031228,-0.8238243175736248,0.7602719714326207
0,1500,0.621,-0.07188354389297935,0.7940749346281183,-0.8659584785210976,0.7221913907351389
0,1500,0.622,-0.11203597079798322,0.7960303223024091,-0.9080662931003923,0.6839943515044259
0,1500,0.623,-0.15223246132266477,0.7979135304974591,-0.9501459918201238,0.6456810691747943
0,1500,0.624,-0.19247202300417499,0.7997237969075369,-0.9921958199117119,0.6072517739033619
0,1500,0.625,-0.23275366337966708,0.8014603740518188,-1.0342140374314859,0.5687067106721517
0,1500,0.626,-0.27307638998629047,0.8031225293963108,-1.0761989193826014,0.5300461394100203
0,1500,0.627,-0.3134392103611968,0.8047095454960007,-1.1181487558571974,0.4912703351348039
0,1500,0.628,-0.353841132041538,0.8062207201576823,-1.1600618521992203,0.4523795881161443
0,1500,0.629,-0.39428116256446555,0.8076553666239433,-1.201936529188409,0.4133742040594778
0,1500,0.63,-0.43475830946713057,0.8090128137788527,-1.2437711232459834,0.37425450431172214
0,1500,0.631,-0.4752715802866836,0.810292406375935,-1.2855639866626185,0.33502082608925143
0,1500,0.632,-0.515819982560277,0.8114935052890613,-1.3273134878493382,0.29567352272878433
0,1500,0.633,-0.5564025238250616,0.8126154877869431,-1.3690180116120048,0.25621296396188153
0,1500,0.634,-0.5970182116181888,0.8136577478319744,-1.4106759594501632,0.21663953621378562
0,1500,0.635,-0.637666053476811,0.8146196964042158,-1.4522857498810269,0.1769536429274048
0,1500,0.636,-0.6783450569380773,0.8155007618513808,-1.493845818789458,0.13715570491330342
0,1500,0.637,-0.7190542295391404,0.8163003902657505,-1.5353546198048909,0.09724616072661008
0,1500,0.638,-0.7597925788171525,0.8170180458889986,-1.576810624706151,0.05722546707184617
0,1500,0.639,-0.8005591123092628,0.8176532115459916,-1.6182123238552544,0.017094099236728777
0,1500,0.64,-0.8413528375526247,0.8182053891086936,-1.6595582266613182,-0.02314744844393113
0,1500,0.641,-0.8821727620843891,0.8186740999913856,-1.7008468620757746,-0.06349866209300348
0,1500,0.642,-0.9230178934417064,0.8190588856784929,-1.7420767791201994,-0.10395900776321343
0,1500,0.643,-0.963887239161729,0.819359308286392,-1.7832465474481212,-0.144527930875337
0,1500,0.644,-1.004779806781606,0.8195749511606727,-1.8243547579422787,-0.18520485562093336
0,1500,0.645,-1.0456946038384918,0.8197054195104092,-1.865400023348901,-0.22598918432808257
0,1500,0.646,-1.0866306378695365,0.8197503410811059,-1.9063809789506423,-0.2668802967884306
0,1500,0.647,-1.1275869164118912,0.8197093668680876,-1.9472962832799787,-0.30787754954380364
0,1500,0.648,-1.1685624470027074,0.8195821718722114,-1.9881446188749188,-0.348980275130496
0,1500,0.649,-1.2095562371791373,0.8193684558998927,-2.02892469307903,-0.3901877812792446
0,1500,0.65,-1.2505672944783301,0.8190679444095715,-2.069635238887902,-0.4314993500687586
0,1500,0.651,-1.2915946264374385,0.8186803894068627,-2.110275015844301,-0.4729142370305758
0,1500,0.652,-1.3326372405936142,0.8182055703907775,-2.1508428109843916,-0.5144316702028368
0,1500,0.653,-1.3736941444840087,0.817643295353549,-2.191337439837558,-0.5560508491304598
0,1500,0.654,-1.4147643456457721,0.8169934018367366,-2.2317577474825088,-0.5977709438090355
0,1500,0.655,-1.4558468516160554,0.816255758046459,-2.2721026096625145,-0.6395910935695964
0,1500,0.656,-1.4969406699320127,0.8154302640307562,-2.312370933962769,-0.6815104059012564
0,1500,0.657,-1.538044808130793,0.8145168529222709,-2.352561661053064,-0.723527955208522
0,1500,0.658,-1.5791582737495484,0.8135154922496125,-2.392673765999161,-0.7656427814999359
0,1500,0.659,-1.62028007432543,0.8124261853209767,-2.4327062596464066,-0.8078538890044533
0,1500,0.66,-1.661409217395589,0.8112489726837746,-2.472658190079364,-0.8501602447118144
0,1500,0.661,-1.702544710497177,0.8099839336642625,-2.5125286441614394,-0.8925607768329145
0,1500,0.662,-1.7436855611673447,0.8086311879913634,-2.552316749158708,-0.9350543731759814
0,1500,0.663,-1.784830776943245,0.8071908975091198,-2.592021674452365,-0.9776398794341252
0,1500,0.664,-1.8259793653620287,0.8056632679824514,-2.6316426333444802,-1.0203160973795773
0,1500,0.665,-1.867130333960846,0.804048551001138,-2.671178884961984,-1.0630817829597081
0,1500,0.666,-1.9082826902768497,0.802347045987221,-2.7106297362640706,-1.1059356442896289
0,1500,0.667,-1.9494354418471898,0.8005591023112725,-2.7499945441584623,-1.1488763395359172
0,1500,0.668,-1.990587596209018,0.7986851215232671,-2.789272717732285,-1.191902474685751
0,1500,0.669,-2.0317381608994864,0.7967255597040743,-2.828463720603561,-1.2350126011954121
0,1500,0.67,-2.0728861434557455,0.7946809299438797,-2.8675670733996252,-1.2782052135118658
0,1500,0.671,-2.114030551414947,0.7925518049541426,-2.9065823563690896,-1.3214787464608047
0,1500,0.672,-2.1551703923142425,0.7903388198199989,-2.945509212134241,-1.3648315724942437
0,1500,0.673,-2.1963046736907823,0.7880426749003162,-2.9843473485910987,-1.408261998790466
0,1500,0.674,-2.2374324030817205,0.7856641388829181,-3.0230965419646387,-1.4517682641988023
0,1500,0.675,-2.2785525880242066,0.7832040520027815,-3.061756640026988,-1.495348536021425
0,1500,0.676,-2.3196642360553894,0.7806633294313141,-3.1003275654867037,-1.5390009066240753
0,1500,0.6769999999999999,-2.3607663547124194,0.7780429648450883,-3.1388093195575077,-1.582723389867331
0,1500,0.6779999999999999,-2.4018579515324556,0.7753440341826726,-3.1772019857151284,-1.626513917349783
0,1500,0.6789999999999999,-2.442938034052646,0.7725676995984447,-3.2155057336510904,-1.6703703344542011
0,1500,0.6799999999999999,-2.484005609810139,0.7697152136224705,-3.2537208234326096,-1.7142903961876685
0,1500,0.6809999999999999,-2.5250596863420887,0.7667879235357187,-3.2918476098778076,-1.75827176280637
0,1500,0.6819999999999999,-2.566099271185646,0.7637872759699825,-3.3298865471556285,-1.8023119952156632
0,1500,0.6829999999999999,-2.6071233718779627,0.7607148217419587,-3.3678381936199213,-1.8464085501360041
0,1500,0.6839999999999999,-2.648130995956187,0.7575722209309195,-3.4057032168871064,-1.8905587750252675
0,1500,0.6849999999999999,-2.6891211509574733,0.7543612482093134,-3.4434823991667867,-1.93475990274816
0,1500,0.6859999999999999,-2.7300928444189743,0.7510837984354205,-3.4811766428543947,-1.9790090459835539
0,1500,0.6869999999999999,-2.7710450838778367,0.7477418925168734,-3.51878697639471,-2.0233031913609634
0,1500,0.688,-2.8119768768712157,0.7443376835533716,-3.556314560424587,-2.067639193317844
0,1500,0.689,-2.8528872309362594,0.740873463266254,-3.5937606942025133,-2.1120137676700055
0,1500,0.69,-2.8937751536101235,0.7373516687217687,-3.6311268223318924,-2.1564234848883546
0,1500,0.691,-2.934639652429956,0.7337748893537592,-3.668414541783715,-2.200864763076197
0,1500,0.692,-2.9754797349329074,0.7301458742901583,-3.7056256092230657,-2.245333860642749
0,1500,0.693,-3.0162944086561327,0.7264675399859839,-3.7427619486421166,-2.289826868670149
0,1500,0.694,-3.057082681136782,0.7227429781635105,-3.7798256593002924,-2.3343397029732715
0,1500,0.695,-3.0978435599120044,0.7189754640578637,-3.816819023969868,-2.378868095854141
0,1500,0.696,-3.138576052518953,0.7151684649633744,-3.8537445174823275,-2.423407587555579
0,1500,0.697,-3.179279166494781,0.7113256490726261,-3.890604815567407,-2.4679535174221545
0,1500,0.698,-3.2199519093766353,0.7074508945961238,-3.9274028039727593,-2.5125010147805114
0,1500,0.699,-3.26059328870167,0.7035482991458782,-3.9641415878475486,-2.557044989555792
0,1500,0.7,-3.3012023120070357,0.6996221893608396,-4.000824501367875,-2.601580122646196
0,1500,0.701,-3.3417779868298836,0.6956771307459572,-4.037455117575841,-2.6461008560839265
0,1500,0.702,-3.38231932070737,0.6917179376896495,-4.074037258397019,-2.6906013830177202
0,1500,0.703,-3.4228253211766364,0.6877496836165307,-4.1105750047931675,-2.7350756375601057
0,1500,0.704,-3.4632949957748425,0.6837777112233097,-4.147072706998152,-2.779517284551533
0,1500,0.705,-3.503727352039135,0.6798076427357989,-4.183534994774934,-2.823919709303336
0,1500,0.706,-3.544121397506669,0.6758453901139001,-4.219966787620569,-2.868276007392769
0,1500,0.707,-3.5844761397145914,0.6718971651192278,-4.2563733048338195,-2.9125789745953634
0,1500,0.708,-3.6247905862000587,0.6679694891466976,-4.292760075346756,-2.956821097053361
0,1500,0.709,-3.6650637445002165,0.6640692027069673,-4.329132947207184,-3.0009945417932493
0,1500,0.71,-3.705294622152222,0.6602034744311386,-4.3654980965833605,-3.0450911477210836
0,1500,0.711,-3.7454822266932215,0.6563798094527036,-4.401862036145925,-3.089102417240518
0,1500,0.712,-3.7856255656603706,0.652606057004544,-4.438231622664914,-3.133019508655827
0,1500,0.713,-3.8257236465908173,0.648890417051089,-4.474614063641907,-3.1768332295397284
0,1500,0.714,-3.865775477021714,0.645241445757827,-4.511016922779541,-3.220534031263887
0,1500,0.715,-3.9057800644902114,0.6416680595826697,-4.547448124072881,-3.264112004907542
0,1500,0.716,-3.945736416533464,0.6381795377566829,-4.583915954290147,-3.307556878776781
0,1500,0.717,-3.9856435406886184,0.634785522906084,-4.6204290635947025,-3.3508580177825342
0,1500,0.718,-4.025500444492831,0.6314960195538579,-4.6569964640466885,-3.394004424938973
0,1500,0.719,-4.065306135483249,0.6283213902287671,-4.693627525712016,-3.436984745254482
0,1500,0.72,-4.105059621197025,0.6252723489028708,-4.730331970099896,-3.4797872722941543
0,1500,0.721,-4.144759909171311,0.6223599514770097,-4.767119860648321,-3.5223999576943017
0,1500,0.722,-4.184406006943258,0.6195955830381923,-4.80400158998145,-3.5648104239050653
0,1500,0.723,-4.223996922050016,0.6169909416246341,-4.84098786367465,-3.6070059804253822
0,1500,0.724,-4.26353166202874,0.6145580182545229,-4.878089680283263,-3.648973643774217
0,1500,0.725,-4.303009234416576,0.6123090730045258,-4.915318307421102,-3.6907001614120505
0,1500,0.726,-4.342428646750681,0.6102566069645629,-4.952685253715244,-3.7321720397861187
0,1500,0.727,-4.381788906568202,0.6084133299472012,-4.990202236515403,-3.773375576621001
0,1500,0.728,-4.421089021406296,0.6067921238935207,-5.0278811452998164,-3.814296897512775
0,1500,0.729,-4.460327998802105,0.6054060019924546,-5.06573400079456,-3.854921996809651
0,1500,0.73,-4.499504846292789,0.6042680636168124,-5.103772909909601,-3.895236782675976
0,1500,0.731,-4.538618571415494,0.6033914452752187,-5.142010016690713,-3.9352271261402754
0,1500,0.732,-4.5776681817073746,0.6027892678831873,-5.180457449590562,-3.9748789138241873
0,1500,0.733,-4.616652684705578,0.6024745807658036,-5.219127265471381,-4.014178103939774
0,1500,0.734,-4.655571087947264,0.6024603029157145,-5.258031390862978,-4.053110785031549
0,1500,0.735,-4.694422398969575,0.6027591621392935,-5.297181561108869,-4.091663236830281
0,1500,0.736,-4.733205625309667,0.6033836328264964,-5.336589258136163,-4.129821992483171
0,1500,0.737,-4.771919774504688,0.6043458731711615,-5.37626564767585,-4.167573901333527
0,1500,0.738,-4.810563854091793,0.6056576627435013,-5.416221516835295,-4.204906191348291
0,1500,0.739,-4.849136871608131,0.6073303413705518,-5.456467212978683,-4.24180653023758
0,1500,0.74,-4.887637834590857,0.6093747503093065,-5.497012584900164,-4.27826308428155
0,1500,0.741,-4.926065750577116,0.6118011766978866,-5.537866927275003,-4.31426457387923
0,1500,0.742,-4.964419627104066,0.6146193022403534,-5.579038929344419,-4.349800324863713
0,1500,0.743,-5.002698471708852,0.6178381570199665,-5.620536628728819,-4.384860314688885
0,1500,0.744,-5.0409012919286305,0.6214660792447853,-5.662367371173415,-4.419435212683846
0,1500,0.745,-5.07902709530055,0.6255106816109878,-5.704537776911537,-4.453516413689562
0,1500,0.746,-5.1170748893617635,0.6299788248272372,-5.747053714189001,-4.487096064534526
0,1500,0.747,-5.155043681649419,0.63487659868319,-5.789920280332609,-4.520167082966228
0,1500,0.748,-5.192932479700673,0.6402093108732466,-5.83314179057392,-4.552723168827426
0,1500,0.749,-5.230740291052673,0.6459814836098446,-5.876721774662517,-4.584758807442828
0,1500,0.75,-5.268466123242574,0.652196857886219,-5.9206629811287925,-4.616269265356355
0,1500,0.751,-5.306108983807521,0.6588584050834085,-5.96496738889093,-4.647250578724112
0,1500,0.752,-5.343667880284673,0.6659683454666608,-6.009636225751334,-4.677699534818012
0,1500,0.753,-5.381141820211175,0.6735281729873019,-6.054669993198477,-4.707613647223873
0,1500,0.754,-5.418529811124181,0.6815386857015414,-6.100068496825722,-4.736991125422639
0,1500,0.755,-5.455830860560843,0.6900000210398304,-6.1458308816006735,-4.765830839521012
0,1500,0.756,-5.493043976058312,0.6989116951103317,-6.191955671168643,-4.79413228094798
0,1500,0.757,-5.5301681651537375,0.708272645197163,-6.238440810350901,-4.821895519956574
0,1500,0.758,-5.567202435384275,0.7180812746167847,-6.28528371000106,-4.84912116076749
0,1500,0.759,-5.604145794287071,0.7283354991213835,-6.3324812934084544,-4.875810295165687
0,1500,0.76,-5.640997249399282,0.7390327940830681,-6.38003004348235,-4.9019644553162145
0,1500,0.761,-5.677755808258054,0.750170241753185,-6.427926050011239,-4.9275855665048685
0,1500,0.762,-5.71442047840054,0.7617445779631704,-6.47616505636371,-4.95267590043737
0,1500,0.763,-5.750990267363892,0.7737522377130263,-6.524742505076918,-4.977238029650866
0,1500,0.764,-5.787464182685264,0.7861893991771874,-6.573653581862452,-5.001274783508077
0,1500,0.765,-5.823841231901801,0.7990520257418049,-6.6228932576436055,-5.024789206159996
0,1500,0.766,-5.860120422550661,0.8123359057697244,-6.6724563283203855,-5.047784516780937
0,1500,0.767,-5.896300762168989,0.8260366898672354,-6.722337452036225,-5.070264072301754
0,1500,0.768,-5.932381258293944,0.8401499254985777,-6.7725311837925215,-5.092231332795366
0,1500,0.769,-5.968360918462672,0.8546710888587971,-6.823032007321469,-5.113689829603874
0,1500,0.77,-6.004238750212327,0.8695956139724406,-6.873834364184767,-5.1346431362398866
0,1500,0.771,-6.040013761080052,0.8849189190342213,-6.924932680114273,-5.155094842045831
0,1500,0.772,-6.075684958603014,0.9006364300485008,-6.976321388651515,-5.1750485285545125
0,1500,0.773,-6.111251350318348,0.916743601857324,-7.027994952175672,-5.194507748461024
0,1500,0.774,-6.146711943763217,0.9332359366725087,-7.079947880435725,-5.2134760070907085
0,1500,0.775,-6.182065746474768,0.9501090002464649,-7.132174746721233,-5.2319567462283025
0,1500,0.776,-6.217311765990152,0.9673584358298175,-7.184670201819969,-5.249953330160334
0,1500,0.777,-6.25244900984652,0.9849799760722053,-7.237428985918726,-5.267469033774315
0,1500,0.778,-6.287476485581024,1.0029694530267008,-7.290445938607725,-5.284507032554323
0,1500,0.779,-6.322393200730817,1.021322806418712,-7.343716007149529,-5.301070394312105
0,1500,0.78,-6.357198162833049,1.04003609033785,-7.3972342531708986,-5.317162072495199
0,1500,0.781,-6.39189037942487,1.0591054785064868,-7.450995857931357,-5.332784900918384
0,1500,0.782,-6.426468858043434,1.0785272682723355,-7.50499612631577,-5.347941589771099
0,1500,0.783,-6.460932606225889,1.0982978834646473,-7.5592304896905365,-5.362634722761241
0,1500,0.784,-6.49528063150939,1.1184138762450977,-7.613694507754488,-5.376866755264292
0,1500,0.785,-6.529511941431085,1.1388719280753448,-7.66838386950643,-5.390640013355741
0,1500,0.786,-6.563625543528131,1.1596688499139711,-7.723294393442102,-5.40395669361416
0,1500,0.787,-6.597620445337668,1.1808015817461868,-7.778422027083855,-5.416818863591481
0,1500,0.788,-6.631495654396859,1.2022671915405618,-7.833762845937421,-5.429228462856297
0,1500,0.789,-6.665250178242851,1.2240628737181714,-7.889313051961023,-5.4411873045246795
0,1500,0.79,-6.698883024412796,1.2461859472111543,-7.94506897162395,-5.452697077201641
0,1500,0.791,-6.732393200443845,1.2686338531796375,-8.001027053623481,-5.463759347264207
0,1500,0.792,-6.765779713873147,1.2914041524485889,-8.057183866321736,-5.474375561424558
0,1500,0.793,-6.799041572237856,1.3144945227191556,-8.113536094957011,-5.4845470495187
0,1500,0.794,-6.832177783075123,1.3379027556027139,-8.170080538677837,-5.494275027472408
0,1500,0.795,-6.8651873539220984,1.3616267535199424,-8.22681410744204,-5.503560600402156
0,1500,0.796,-6.898069292315935,1.3856645265019565,-8.283733818817892,-5.512404765813978
0,1500,0.797,-6.930822605793782,1.410014188925631,-8.340836794719413,-5.520808416868151
0,1500,0.798,-6.963446301892796,1.434673956210966,-8.398120258103763,-5.52877234568183
0,1500,0.799,-6.995939388150118,1.45964214150434,-8.455581529654458,-5.536297246645779
0,1500,0.8,-7.0283008721029105,1.4849171523680842,-8.513218024470994,-5.543383719734827
0,1500,0.801,-7.06052976128832,1.5104974874936155,-8.571027248781936,-5.550032273794705
0,1500,0.802,-7.092625063243496,1.5363817334526726,-8.629006796696169,-5.556243329790823
0,1500,0.803,-7.124585785505589,1.5625685614986864,-8.687154347004276,-5.562017224006903
0,1500,0.8039999999999999,-7.1564109356117545,1.5890567244282339,-8.745467660039989,-5.56735421118352
0,1500,0.8049999999999999,-7.188099521099148,1.6158450535105968,-8.803944574609744,-5.572254467588551
0,1500,0.8059999999999999,-7.219650549504911,1.6429324554917726,-8.862583004996683,-5.576718094013138
0,1500,0.8069999999999999,-7.251063028366199,1.6703179096779612,-8.92138093804416,-5.580745118688238
0,1500,0.8079999999999999,-7.282335965220166,1.698000465102158,-8.980336430322325,-5.584335500118008
0,1500,0.8089999999999999,-7.313468367603959,1.7259792377765495,-9.03944760538051,-5.58748912982741
0,1500,0.8099999999999999,-7.344459243054733,1.7542534080323708,-9.098712651087105,-5.5902058350223625
0,1500,0.8109999999999999,-7.375307599109636,1.7828222179482174,-9.158129817057853,-5.592485381161419
0,1500,0.8119999999999999,-7.406012443305821,1.8116849688670038,-9.217697412172825,-5.594327474438817
0,1500,0.813,-7.436572783180442,1.8408410190013245,-9.277413802181767,-5.595731764179118
0,1500,0.814,-7.466987626270646,1.8702897811263994,-9.337277407397044,-5.596697845144246
0,1500,0.815,-7.497255980113581,1.9000307203594713,-9.397286700473053,-5.59722525975411
0,1500,0.816,-7.527376852246405,1.9300633520241233,-9.45744020427053,-5.597313500222282
0,1500,0.817,-7.557349250206274,1.9603872395978255,-9.517736489804099,-5.596962010608449
0,1500,0.818,-7.5871721815303275,1.9910019927406801,-9.578174174271007,-5.596170188789648
0,1500,0.819,-7.616844653755724,2.0219072654033186,-9.638751919159041,-5.594937388352405
0,1500,0.82,-7.646365674419612,2.0531027540116398,-9.699468428431253,-5.593262920407972
0,1500,0.821,-7.675734251059145,2.084588195726106,-9.760322446785251,-5.59114605533304
0,1500,0.822,-7.704949391211475,2.1163633667731716,-9.821312757984646,-5.588586024438303
0,1500,0.823,-7.734010102413748,2.1484280808464336,-9.88243818326018,-5.585582021567315
0,1500,0.824,-7.762915392203123,2.1807821875750384,-9.943697579778162,-5.582133204628084
0,1500,0.825,-7.791664268116743,2.2134255710569395,-10.005089839173682,-5.5782386970598035
0,1500,0.826,-7.820255737691767,2.2463581484545214,-10.066613886146289,-5.573897589237245
0,1500,0.827,-7.848688808465343,2.279579868650274,-10.128268677115617,-5.569108939815068
0,1500,0.828,-7.876962487974623,2.313090710960067,-10.19005319893469,-5.5638717770145565
0,1500,0.829,-7.905075783756754,2.3468906839018167,-10.251966467658571,-5.558185099854937
0,1500,0.83,-7.933027703348893,2.380979824017184,-10.314007527366076,-5.552047879331709
0,1500,0.831,-7.960817254288191,2.4153581947442126,-10.376175449032404,-5.545459059543978
0,1500,0.832,-7.988443444111793,2.450025885338678,-10.43846932945047,-5.538417558773115
0,1500,0.833,-8.015905280356861,2.484983009842148,-10.50088829019901,-5.530922270514713
0,1500,0.834,-8.043201770560538,2.5202297060947174,-10.563431476655255,-5.5229720644658205
0,1500,0.835,-8.070331922259978,2.555766134790495,-10.626098057050473,-5.514565787469483
0,1500,0.836,-8.097294742992332,2.591592478573968,-10.6888872215663,-5.505702264418364
0,1500,0.837,-8.12408924029475,2.627708941175485,-10.751798181470235,-5.4963802991192665
0,1500,0.838,-8.150714421704388,2.6641157465840624,-10.81483016828845,-5.486598675120325
0,1500,0.839,-8.177169294758391,2.7008131382559406,-10.877982433014331,-5.476356156502451
0,1500,0.84,-8.203452866993917,2.7378013783572177,-10.941254245351136,-5.465651488636699
0,1500,0.841,-8.22956414594811,2.775080747039103,-11.004644892987214,-5.454483398909007
0,1500,0.842,-8.255502139158125,2.81265154174426,-11.068153680902384,-5.442850597413865
0,1500,0.843,-8.281265854161116,2.8505140765429138,-11.131779930704031,-5.430751777618203
0,1500,0.844,-8.30685429849423,2.8886686814973057,-11.195522979991535,-5.418185616996924
0,1500,0.845,-8.332266479694624,2.92711570205327,-11.259382181747894,-5.405150777641355
0,1500,0.846,-8.357501405299445,2.965855498457683,-11.323356903757128,-5.391645906841761
0,1500,0.847,-8.38255808284584,3.0048884452006215,-11.38744652804646,-5.377669637645218
0,1500,0.848,-8.407435519870967,3.044214930481085,-11.451650450352052,-5.363220589389883
0,1500,0.849,-8.43213272391198,3.083835355695281,-11.515968079607262,-5.348297368216699
0,1500,0.85,-8.456648702506019,3.123750134946364,-11.580398837452384,-5.3328985675596545
0,1500,0.851,-8.480982463190252,3.163959694574738,-11.644942157764989,-5.317022768615514
0,1500,0.852,-8.505133013501815,3.2044644727079348,-11.70959748620975,-5.300668540793881
0,1500,0.853,-8.529099360977865,3.245264918829232,-11.774364279807097,-5.283834442148633
0,1500,0.854,-8.552880513155554,3.286361493364109,-11.839242006519662,-5.266519019791445
0,1500,0.855,-8.576475477572028,3.327754667283818,-11.904230144855847,-5.24872081028821
0,1500,0.856,-8.599883261764449,3.3694449217251963,-11.969328183489644,-5.230438340039252
0,1500,0.857,-8.623102873269959,3.4114327476261135,-12.034535620896072,-5.211670125643845
0,1500,0.858,-8.646133319625713,3.4537186453757287,-12.099851965001442,-5.192414674249985
0,1500,0.859,-8.668973608368864,3.49630312447901,-12.165276732847873,-5.1726704838898545
0,1500,0.86,-8.691622747036563,3.5391867032347784,-12.230809450271341,-5.152436043801785
0,1500,0.861,-8.714079743165957,3.5823699084267826,-12.29644965159274,-5.1317098347391745
0,1500,0.862,-8.7363436042942,3.625853275027104,-12.362196879321305,-5.110490329267096
0,1500,0.863,-8.75841333795844,3.6696373459114753,-12.428050683869916,-5.0887759920469655
0,1500,0.864,-8.780287951695836,3.7137226715858747,-12.49401062328171,-5.066565280109962
0,1500,0.865,-8.801966453043537,3.7581098099239862,-12.560076262967524,-5.04385664311955
0,1500,0.866,-8.823447849538685,3.8027993259149873,-12.626247175453672,-5.020648523623697
0,1500,0.867,-8.844731148718449,3.847791791421261,-12.69252294013971,-4.996939357297188
0,1500,0.868,-8.865815358119962,3.8930877849455654,-12.758903143065528,-4.972727573174396
0,1500,0.869,-8.886699485280387,3.9386878914072714,-12.825387376687658,-4.948011593873115
0,1500,0.87,-8.907382537736872,3.984592701927258,-12.89197523966413,-4.922789835809614
0,1500,0.871,-8.927863523026568,4.030802813621127,-12.958666336647696,-4.897060709405441
0,1500,0.872,-8.948141448686627,4.077318829400324,-13.025460278086952,-4.870822619286303
0,1500,0.873,-8.9682153222542,4.124141357780895,-13.092356680035095,-4.844073964473304
0,1500,0.874,-8.988084151266436,4.1712710126994805,-13.159355163965916,-4.816813138566956
0,1500,0.875,-9.00774694326049,4.218708413336318,-13.226455356596809,-4.789038529924171
0,1500,0.876,-9.027202705773513,4.266454183944873,-13.293656889718386,-4.76074852182864
0,1500,0.877,-9.04645044634265,4.314508953687907,-13.360959400030557,-4.731941492654743
0,1500,0.878,-9.065489172505064,4.362873356479618,-13.428362528984682,-4.702615816025446
0,1500,0.879,-9.084317891797895,4.411548030833696,-13.495865922631591,-4.672769860964198
0,1500,0.88,-9.102935611758301,4.460533619716961,-13.563469231475263,-4.64240199204134
0,1500,0.881,-9.121341339923436,4.5098307704084215,-13.631172110331857,-4.611510569515015
0,1500,0.882,-9.139534083830442,4.559440134363476,-13.698974218193918,-4.580093949466966
0,1500,0.883,-9.157512851016474,4.609362367083077,-13.76687521809955,-4.548150483933397
0,1500,0.884,-9.175276649018691,4.659598127987644,-13.834874777006336,-4.515678521031047
0,1500,0.885,-9.192824485374231,4.710148080295549,-13.902972565669781,-4.482676405078682
0,1500,0.886,-9.210155367620256,4.761012890905934,-13.971168258526191,-4.449142476714322
0,1500,0.887,-9.227268303293913,4.812193230285769,-14.039461533579683,-4.415075073008144
0,1500,0.888,-9.244162299932352,4.863689772360898,-14.10785207229325,-4.380472527571454
0,1500,0.889,-9.260836365072729,4.9155031944109755,-14.176339559483704,-4.345333170661753
0,1500,0.89,-9.277289506252194,4.967634176968093,-14.244923683220286,-4.309655329284101
0,1500,0.891,-9.293520731007895,5.0200834037189805,-14.313604134726877,-4.273437327288915
0,1500,0.892,-9.309529046876989,5.07285156141061,-14.3823806082876,-4.2366774854663785
0,1500,0.893,-9.325313461396618,5.125939339759115,-14.451252801155732,-4.199374121637503
0,1500,0.894,-9.340872982103942,5.179347431361819,-14.520220413465761,-4.161525550742123
0,1500,0.895,-9.356206616536111,5.233076531612356,-14.589283148148468,-4.123130084923755
0,1500,0.896,-9.371313372230269,5.287127338618644,-14.658440710848913,-4.0841860336116245
0,1500,0.897,-9.386192256723579,5.3415005531237085,-14.727692809847287,-4.04469170359987
0,1500,0.898,-9.400842277553181,5.396196878429162,-14.797039155982343,-4.004645399124019
0,1500,0.899,-9.415262442256232,5.451217020321302,-14.866479462577534,-3.96404542193493
0,1500,0.9,-9.429451758369892,5.506561686999672,-14.936013445369564,-3.9228900713702197
0,1800,0.1,5.716672391342909,4.610232215707631,1.106440175635278,10.32690460705054
0,1800,0.101,5.67723191872045,4.565183913747718,1.1120480049727322,10.242415832468168
0,1800,0.10200000000000001,5.638115259309858,4.520392798731048,1.1177224605788103,10.158508058040905
0,1800,0.10300000000000001,5.599321320389242,4.475858314777262,1.1234630056119803,10.075179635166503
0,1800,0.10400000000000001,5.560849009236708,4.431579907697266,1.1292691015394425,9.992428916933974
0,1800,0.10500000000000001,5.522697233130357,4.3875570250417635,1.1351402080885933,9.91025425817212
0,1800,0.10600000000000001,5.484864899348295,4.343789116151414,1.1410757831968814,9.828654015499708
0,1800,0.10700000000000001,5.44735091516863,4.300275632208719,1.1470752829599107,9.74762654737735
0,1800,0.10800000000000001,5.410154187869459,4.257016026291654,1.1531381615778047,9.667170214161114
0,1800,0.10900000000000001,5.373273624728894,4.21400975342917,1.159263871299724,9.587283378158062
0,1800,0.11,5.336708133025036,4.171256270658573,1.1654518623664627,9.507964403683609
0,1800,0.111,5.300456620035989,4.128755037084933,1.171701582951056,9.429211657120923
0,1800,0.112,5.26451799303986,4.086505513942517,1.178012479097343,9.351023506982376
0,1800,0.113,5.228891159314748,4.04450716465841,1.1843839946563381,9.273398323973158
0,1800,0.114,5.193575026138761,4.002759454918343,1.1908155712204183,9.196334481057104
0,1800,0.115,5.1585685007900075,3.96126185273487,1.1973066480551373,9.119830353524877
0,1800,0.116,5.123870490546585,3.9200138285179364,1.2038566620286484,9.04388431906452
0,1800,0.117,5.089479902686607,3.8790148551479886,1.2104650475386185,8.968494757834595
0,1800,0.11800000000000001,5.055395644488166,3.8382644080516837,1.2171312364364821,8.89366005253985
0,1800,0.11900000000000001,5.021616623229376,3.7977619652803445,1.223854657949032,8.819378588509721
0,1800,0.12000000000000001,4.988141746188337,3.757507007591235,1.2306347385971015,8.745648753779571
0,1800,0.12100000000000001,4.9549699206431566,3.7174990185317953,1.2374709021113612,8.672468939174951
0,1800,0.122,4.922100053871936,3.677737484526952,1.2443625693449838,8.599837538398887
0,1800,0.123,4.889531053152785,3.6382218949696448,1.2513091581831404,8.52775294812243
0,1800,0.124,4.8572618257638,3.598951742314669,1.258310083449131,8.456213568078468
0,1800,0.125,4.8252912789830935,3.5599265221760183,1.2653647568070752,8.385217801159111
0,1800,0.126,4.793618320088763,3.5211457334278293,1.2724725866609337,8.314764053516592
0,1800,0.127,4.76224185635892,3.482608878309129,1.2796329780497913,8.244850734668049
0,1800,0.128,4.731160795071663,3.4443154625324914,1.2868453325391713,8.175476257604155
0,1800,0.129,4.700374043505102,3.406264995396823,1.2941090481082789,8.106639038901925
0,1800,0.13,4.669880508937336,3.3684569899044146,1.3014235190329213,8.03833749884175
0,1800,0.131,4.639679098646473,3.3308909628824614,1.3087881357640119,7.970570061528935
0,1800,0.132,4.609768719910615,3.2935664351092395,1.316202284801376,7.903335155019855
0,1800,0.133,4.58014828000787,3.256482931445146,1.3236653485627237,7.836631211453016
0,1800,0.134,4.550816686216341,3.219639980968794,1.3311767052475467,7.770456667185135
0,1800,0.135,4.52177284581413,3.1830371171184186,1.3387357286957116,7.704809962932549
0,1800,0.136,4.493015666079346,3.146673877838783,1.3463417882405633,7.639689543918129
0,1800,0.137,4.464544054290091,3.110549805733875,1.3539942485562158,7.575093860023966
0,1800,0.138,4.436356917724468,3.074664448225594,1.3616924694988741,7.511021365950062
0,1800,0.139,4.408453163660585,3.0390173577187514,1.369435805941834,7.447470521379337
0,1800,0.14,4.380831699376541,3.003608091772612,1.3772236076039293,7.384439791149154
0,1800,0.14100000000000001,4.3534914321504505,2.96843621327932,1.3850552188711305,7.321927645429771
0,1800,0.14200000000000002,4.326431269260407,2.9335012906494593,1.392929978610948,7.259932559909867
0,1800,0.14300000000000002,4.299650117984522,2.898802898005136,1.4008472199793864,7.198453015989658
0,1800,0.14400000000000002,4.273146885600897,2.8643406153808506,1.4088062702200466,7.137487500981748
0,1800,0.14500000000000002,4.24692047938764,2.8301140289325826,1.4168064504550575,7.077034508320223
0,1800,0.14600000000000002,4.220969806622848,2.796122731155389,1.4248470754674587,7.017092537778237
0,1800,0.14700000000000002,4.195293774584634,2.762366321109982,1.4329274534746523,6.9576600956946155
0,1800,0.14800000000000002,4.169891290551098,2.728844404658611,1.4410468858924865,6.898735695209709
0,1800,0.14900000000000002,4.144761261800347,2.6955565947107583,1.4492046670895884,6.8403178565111045
0,1800,0.15000000000000002,4.119902595610483,2.662502511479023,1.4574000841314603,6.782405107089506
0,1800,0.15100000000000002,4.09531419925961,2.62968178274573,1.4656324165138797,6.72499598200534
0,1800,0.15200000000000002,4.070994980025834,2.597094044140696,1.4739009358851378,6.668089024166529
0,1800,0.153,4.046943845187262,2.5647389394307254,1.4822049057565367,6.6116827846179875
0,1800,0.154,4.023159702021992,2.5326161208213303,1.490543581200662,6.555775822843323
0,1800,0.155,3.999641457808135,2.500725249271288,1.4989162085368468,6.500366707079423
0,1800,0.156,3.976388019823794,2.4690659948205806,1.5073220250032136,6.445454014644374
0,1800,0.157,3.953398295347071,2.4376380369323973,1.5157602584146739,6.3910363322794685
0,1800,0.158,3.930671191656072,2.40644106484981,1.5242301268062621,6.337112256505883
0,1800,0.159,3.9082056160289023,2.3754747779678316,1.5327308380610707,6.283680393996734
0,1800,0.16,3.886000475743664,2.344738886221559,1.5412615895221053,6.230739361965223
0,1800,0.161,3.8640546780784657,2.314233110491183,1.5498215675872826,6.178287788569649
0,1800,0.162,3.842367130311409,2.2839571830246093,1.5584099472867998,6.126324313336019
0,1800,0.163,3.8209367397206,2.2539108478785583,1.5670258918420417,6.074847587599159
0,1800,0.164,3.799762413584139,2.224093861378977,1.5756685522051619,6.023856274963116
0,1800,0.165,3.778843059180138,2.1945059926016905,1.5843370665784473,5.973349051781828
0,1800,0.166,3.7581775837866935,2.165147023874204,1.5930305599124894,5.923324607660898
0,1800,0.167,3.7377648946819146,2.13601675129969,1.6017481433822245,5.873781645981605
0,1800,0.168,3.717603899143907,2.107114985304138,1.6104889138397689,5.824718884448044
0,1800,0.169,3.6976935044507715,2.078441551207787,1.6192519532429843,5.776135055658559
0,1800,0.17,3.6780326178806146,2.0499962898219413,1.6280363280586734,5.728028907702556
0,1800,0.171,3.658620146711542,2.0217790580723407,1.6368410886392013,5.680399204783883
0,1800,0.17200000000000001,3.6394549982216517,1.993789729650306,1.6456652685713458,5.633244727871958
0,1800,0.173,3.620536079689061,1.9660281956929504,1.6545078839961107,5.5865642753820115
0,1800,0.174,3.6018622983918607,1.9384943654937157,1.663367932898145,5.540356663885577
0,1800,0.175,3.5834325616081637,1.9111881672446909,1.6722443943634728,5.494620728852855
0,1800,0.176,3.5652457766160714,1.8841095488120383,1.6811362278040332,5.44935532542811
0,1800,0.177,3.547300850693689,1.8572584785460773,1.6900423721476119,5.404559329239767
0,1800,0.178,3.5295966911191217,1.8306349461274896,1.698961744991632,5.360231637246612
0,1800,0.179,3.5121322051704724,1.8042389634512517,1.7078932417192207,5.316371168621724
0,1800,0.18,3.4949063001258476,1.7780705655498765,1.716835734575971,5.272976865675724
0,1800,0.181,3.4779178832633497,1.7521298115576642,1.7257880717056855,5.230047694821014
0,1800,0.182,3.461165861861086,1.7264167857176163,1.7347490761434696,5.187582647578703
0,1800,0.183,3.444649143197157,1.7009315984327906,1.7437175447643662,5.1455807416299475
0,1800,0.184,3.42836663454967,1.675674387363837,1.7526922471858333,5.104041021913507
0,1800,0.185,3.4123172431967306,1.6506453185745278,1.7616719246222028,5.062962561771259
0,1800,0.186,3.3964998764164407,1.6258445877270722,1.7706552886893685,5.022344464143513
0,1800,0.187,3.3809134414869066,1.6012724213290574,1.7796410201578492,4.982185862815964
0,1800,0.188,3.365556845686231,1.5769290780337986,1.7886277676524325,4.94248592372003
0,1800,0.189,3.3504289962925218,1.5528148499959198,1.797614146296602,4.903243846288442
0,1800,0.19,3.3355288005838784,1.5289300642839025,1.8065987362999758,4.864458864867781
0,1800,0.191,3.3208551658384082,1.5052750843513274,1.8155800814870808,4.826130250189736
0,1800,0.192,3.306406999334217,1.4818503115684092,1.824556687765808,4.788257310902626
0,1800,0.193,3.2921832083494094,1.4586561868153791,1.8335270215340302,4.750839395164789
0,1800,0.194,3.278182700162086,1.4356931921390839,1.842489508023002,4.71387589230117
0,1800,0.195,3.264404382050355,1.412961852474034,1.8514425295763213,4.677366234524389
0,1800,0.196,3.250847161292318,1.3904627374289036,1.8603844238634144,4.641309898721222
0,1800,0.197,3.2375099451660843,1.3681964631392536,1.8693134820268307,4.605706408305338
0,1800,0.198,3.2243916409497535,1.3461636941869022,1.8782279467628513,4.570555335136656
0,1800,0.199,3.2114911559214336,1.324365145586036,1.8871260103353977,4.5358563015074695
0,1800,0.2,3.1988073973592255,1.3028015848356835,1.896005812523542,4.5016089821949095
0,1800,0.201,3.186339272541238,1.2814738340376726,1.9048654385035653,4.467813106578911
0,1800,0.202,3.1740856887455706,1.2603827720785636,1.913702916667007,4.434468460824134
0,1800,0.203,3.162045553250333,1.239529336873377,1.922516216376956,4.40157489012371
0,1800,0.20400000000000001,3.1502177733336256,1.2189145276680498,1.9313032456655759,4.369132301001676
0,1800,0.20500000000000002,3.1386012562735557,1.198539407396672,1.9400618488768837,4.337140663670228
0,1800,0.20600000000000002,3.1271949093482263,1.1784051050883964,1.94878980425983,4.305600014436623
0,1800,0.20700000000000002,3.1159976398357436,1.158512818317715,1.9574848215180287,4.2745104581534585
0,1800,0.20800000000000002,3.1050083550142094,1.138863815690305,1.9661445393239043,4.243872170704514
0,1800,0.20900000000000002,3.09422596216173,1.1194594393550827,1.9747665228066473,4.213685401516813
0,1800,0.21000000000000002,3.0836493685564084,1.1003011075311888,1.9833482610252195,4.183950476087597
0,1800,0.21100000000000002,3.073277481476353,1.0813903170366195,1.9918871644397336,4.154667798512973
0,1800,0.21200000000000002,3.0631092081996636,1.0627286458027896,2.000380562396874,4.125837854002453
0,1800,0.21300000000000002,3.053143456004447,1.0443177553567815,2.0088257006476655,4.097461211361228
0,1800,0.21400000000000002,3.043379132168809,1.0261593932500137,2.0172197389187954,4.069538525418823
0,1800,0.21500000000000002,3.033815143970851,1.0082553954088869,2.025559748561964,4.042070539379738
0,1800,0.21600000000000003,3.0244503986886793,0.9906076883792924,2.033842710309387,4.015058087067971
0,1800,0.21700000000000003,3.0152838036003997,0.9732182914329687,2.042065512167431,3.9885020950333683
0,1800,0.21800000000000003,3.006314265984113,0.9560893184992811,2.050224947484832,3.9624035844833942
0,1800,0.21900000000000003,2.9975406931179274,0.9392229798813361,2.0583177132365913,3.9367636729992634
0,1800,0.22,2.9889619922799455,0.9226215837101538,2.0663404085697916,3.9115835759900994
0,1800,0.221,2.9805770707482733,0.9062875370851713,2.074289533663102,3.8868646078334446
0,1800,0.222,2.972384835801013,0.8902233468434507,2.0821614889575626,3.862608182644464
0,1800,0.223,2.96438419471627,0.874431619893761,2.089952574822509,3.8388158146100313
0,1800,0.224,2.956574054772152,0.8589150630452485,2.0976589917269033,3.8154891178174006
0,1800,0.225,2.9489533232467577,0.8436764822536723,2.1052768409930853,3.79262980550043
0,1800,0.226,2.9415209074181963,0.8287187812014223,2.112802126216774,3.7702396886196183
0,1800,0.227,2.9342757145645697,0.8140449591206955,2.120230755443874,3.7483206736852654
0,1800,0.228,2.9272166519639833,0.799658107762632,2.127558544201351,3.7268747597266154
0,1800,0.229,2.920342626894544,0.7855614074089302,2.134781219485614,3.705904034303474
0,1800,0.23,2.913652546634352,0.7717581218168655,2.1418944248174863,3.6854106684512176
0,1800,0.231,2.9071453184615144,0.758251591983892,2.1488937264776222,3.6653969104454065
0,1800,0.232,2.9008198496541358,0.7450452286145507,2.155774621039585,3.6458650782686863
0,1800,0.233,2.8946750474903196,0.7321425031705335,2.1625325443197863,3.626817550660853
0,1800,0.234,2.88870981924817,0.7195469373850201,2.16916288186315,3.6082567566331902
0,1800,0.23500000000000001,2.882923072205793,0.7072620911251043,2.1756609810806884,3.590185163330897
0,1800,0.23600000000000002,2.877313713641292,0.695291548492021,2.182022165149271,3.5726052621333126
0,1800,0.23700000000000002,2.8718806508327734,0.6836389020582411,2.1882417487745323,3.5555195528910146
0,1800,0.23800000000000002,2.8666227910583397,0.6723077351541226,2.1943150559042173,3.538930526212462
0,1800,0.23900000000000002,2.8615390415960955,0.6613016021349734,2.200237439461122,3.522840643731069
0,1800,0.24000000000000002,2.8566283097241456,0.6506240065827961,2.2060043031413494,3.507252316306942
0,1800,0.24100000000000002,2.851889502720595,0.6402783774258117,2.211611125294783,3.4921678801464067
0,1800,0.24200000000000002,2.8473215278635493,0.6302680429935759,2.2170534848699734,3.477589570857125
0,1800,0.24300000000000002,2.8429232924311103,0.6205962030659734,2.222327089365137,3.4635194954970836
0,1800,0.24400000000000002,2.8386937037013844,0.611265899020644,2.2274278046807403,3.4499596027220285
0,1800,0.245,2.834631668952475,0.6022799822348768,2.2323516867175983,3.436911651187352
0,1800,0.246,2.8307360954624885,0.593641080954081,2.2370950145084074,3.4243771764165696
0,1800,0.247,2.8270058905095268,0.5853515658983649,2.241654324611162,3.4123574564078916
0,1800,0.248,2.8234399613716956,0.5774135149401634,2.2460264464315323,3.400853476311859
0,1800,0.249,2.8200372153271016,0.5698286772472319,2.2502085380798698,3.3898658925743335
0,1800,0.25,2.8167965596538456,0.5625984373445397,2.254198122309306,3.379394996998385
0,1800,0.251,2.8137169016300336,0.5557237796030033,2.25799312202703,3.369440681233037
0,1800,0.252,2.810797148533772,0.5492052537099175,2.2615918948238543,3.3600024022436896
0,1800,0.253,2.8080362076431626,0.5430429417124315,2.2649932659307312,3.351079149355594
0,1800,0.254,2.80543298623631,0.5372364272487741,2.268196558987536,3.3426694134850843
0,1800,0.255,2.802986391591321,0.5317847675895231,2.271201624001798,3.334771159180844
0,1800,0.256,2.800695330986299,0.5266864691010351,2.274008861885264,3.327381800087334
0,1800,0.257,2.7985587116993473,0.521939466713635,2.2766192449857123,3.3204981784129823
0,1800,0.258,2.7965754410085726,0.5175411079277356,2.279034333080837,3.3141165489363082
0,1800,0.259,2.794744426192078,0.5134881418219205,2.2812562843701576,3.308232568013999
0,1800,0.26,2.7930645745279676,0.5097767134395405,2.2832878610884273,3.302841287967508
0,1800,0.261,2.791534793294347,0.5064023638268066,2.2851324294675406,3.2979371571211535
0,1800,0.262,2.790153989769321,0.5033600358790827,2.286793953890238,3.2935140256484035
0,1800,0.263,2.788921071230992,0.5006440860271156,2.2882769852038765,3.2895651572581075
0,1800,0.264,2.787834944957467,0.4982483016660869,2.28958664329138,3.286083246623554
0,1800,0.265,2.786894518226849,0.49616592410260946,2.2907285941242397,3.2830604423294587
0,1800,0.266,2.786098698317244,0.4943896766732329,2.291709021644011,3.280488374990477
0,1800,0.267,2.7854463925067554,0.4929117975774253,2.29253459492933,3.2783581900841807
0,1800,0.268,2.7849365080734856,0.49172407687257025,2.2932124312009154,3.2766605849460557
0,1800,0.269,2.7845679522955438,0.4908178970016166,2.293750055293927,3.2753858492971606
0,1800,0.27,2.7843396324510308,0.49018427616802335,2.2941553562830075,3.274523908619054
0,1800,0.271,2.784250455818053,0.4898139138387574,2.294436541979296,3.2740643696568106
0,1800,0.272,2.7842993296747136,0.489697237644513,2.2946020920302006,3.2739965673192266
0,1800,0.273,2.7844851612991186,0.4898244509560367,2.294660710343082,3.274309612255155
0,1800,0.274,2.7848068579693717,0.4901855804446359,2.294621277524736,3.2749924384140074
0,1800,0.275,2.7852633269635767,0.4907705229810015,2.294492803982575,3.2760338499445782
0,1800,0.276,2.78585347555984,0.4915690912863001,2.29428438427354,3.27742256684614
0,1800,0.277,2.7865762110362633,0.4925710578196244,2.294005153216639,3.279147268855888
0,1800,0.278,2.7874304406709545,0.4937661964629088,2.2936642442080455,3.2811966371338634
0,1800,0.279,2.7884150717420155,0.49514432164491246,2.2932707500971032,3.283559393386928
0,1800,0.28,2.7895290115275526,0.49669532462677235,2.29283368690078,3.286224336154325
0,1800,0.281,2.7907711673056688,0.49840920675028205,2.292361960555387,3.2891803740559507
0,1800,0.28200000000000003,2.7921404463544692,0.5002761095241852,2.291864336830284,3.2924165558786544
0,1800,0.28300000000000003,2.7936357559520584,0.5022863414917552,2.2913494144603033,3.2959220974438135
0,1800,0.28400000000000003,2.795256003376541,0.5044304018834967,2.290825601493044,3.299686405260038
0,1800,0.28500000000000003,2.797000095906022,0.5066990011112747,2.290301094794747,3.303699097017297
0,1800,0.28600000000000003,2.7988669408186047,0.509083078204223,2.2897838626143816,3.3079500190228277
0,1800,0.28700000000000003,2.800855445392394,0.5115738153224602,2.289281630069934,3.312429260714854
0,1800,0.28800000000000003,2.8029645169054955,0.5141626495123078,2.288801867393188,3.3171271664178033
0,1800,0.28900000000000003,2.805193062636012,0.5168412818869106,2.2883517807491014,3.3220343445229226
0,1800,0.29000000000000004,2.80753998986205,0.5196016844295985,2.2879383054324514,3.3271416742916484
0,1800,0.29100000000000004,2.810004205861712,0.5224361046248424,2.2875681012368694,3.3324403104865543
0,1800,0.29200000000000004,2.812584617913104,0.5253370681240432,2.2872475497890608,3.3379216860371472
0,1800,0.29300000000000004,2.81528013329433,0.5282973796515228,2.286982753642807,3.3435775129458527
0,1800,0.29400000000000004,2.818089659283494,0.531310122350734,2.28677953693276,3.349399781634228
0,1800,0.29500000000000004,2.8210121031587017,0.5343686557626705,2.286643447396031,3.355380758921372
0,1800,0.29600000000000004,2.8240463721980564,0.5374666126183565,2.2865797595797,3.3615129848164127
0,1800,0.29700000000000004,2.827191373679663,0.5405978946157854,2.2865934790638773,3.3677892682954482
0,1800,0.29800000000000004,2.8304460148816255,0.5437566673392313,2.286689347542394,3.374202682220857
0,1800,0.29900000000000004,2.833809203082051,0.5469373544659418,2.2868718486161095,3.380746557547993
0,1800,0.30000000000000004,2.8372798455590407,0.550134631392179,2.287145214166862,3.3874144769512196
0,1800,0.30100000000000005,2.840856849590701,0.5533434183976937,2.287513431193007,3.3942002679883947
0,1800,0.30200000000000005,2.844539122455136,0.5565588734552284,2.2879802489999075,3.4010979959103644
0,1800,0.30300000000000005,2.8483255714304496,0.5597763847797116,2.288549186650738,3.408101956210161
0,1800,0.30400000000000005,2.852215103794747,0.5629915632005377,2.2892235405942096,3.4152066669952847
0,1800,0.30500000000000005,2.856206626826133,0.5662002344298115,2.2900063923963216,3.4224068612559444
0,1800,0.30600000000000005,2.8602990478027115,0.569398431289727,2.2909006165129844,3.4296974790924386
0,1800,0.30700000000000005,2.8644912740025874,0.5725823859533391,2.291908888049248,3.4370736599559266
0,1800,0.30800000000000005,2.8687822127038647,0.5757485222448916,2.293033690458973,3.4445307349487564
0,1800,0.309,2.873170771184648,0.5788934480385606,2.294277323146088,3.4520642192232085
0,1800,0.31,2.8776558567230426,0.5820139477879274,2.2956419089351154,3.4596698045109697
0,1800,0.311,2.8822363765971524,0.5851069752126556,2.2971294013844967,3.467343351809808
0,1800,0.312,2.886911238085082,0.58816964616369,2.2987415919213916,3.475080884248772
0,1800,0.313,2.891679348464936,0.5911992316837625,2.3004801167811735,3.4828785801486983
0,1800,0.314,2.8965396150148184,0.5941931512760105,2.302346463738808,3.490732766290829
0,1800,0.315,2.901490945012835,0.5971489663900735,2.3043419786227615,3.4986399114029085
0,1800,0.316,2.906532245737089,0.6000643741320638,2.306467871605025,3.5065966198691525
0,1800,0.317,2.9116624244656855,0.6029372012022408,2.3087252232634445,3.5145996256679264
0,1800,0.318,2.9168803884767285,0.6057653980620672,2.3111149904146613,3.5226457865387957
0,1800,0.319,2.922185045048323,0.6085470333304723,2.3136380117178508,3.5307320783787954
0,1800,0.32,2.9275753014585733,0.6112802884076328,2.3162950130509405,3.538855589866206
0,1800,0.321,2.9330500649855846,0.6139634523232964,2.3190866126622884,3.547013517308881
0,1800,0.322,2.9386082429074607,0.6165949168056426,2.322013326101818,3.5552031597131033
0,1800,0.323,2.944248742502306,0.61917317156583,2.325075570936476,3.563421914068136
0,1800,0.324,2.9499704710482257,0.6216967997927294,2.3282736712554963,3.571667270840955
0,1800,0.325,2.9557723358233243,0.624164473851815,2.3316078619715093,3.5799368096751394
0,1800,0.326,2.9616532441057055,0.6265749511818167,2.335078292923889,3.588228195287522
0,1800,0.327,2.9676121031734737,0.6289270703824602,2.3386850327910134,3.596539173555934
0,1800,0.328,2.973647820304735,0.6312197474864489,2.342428072818286,3.604867567791184
0,1800,0.329,2.9797593027775924,0.6334519724087482,2.346307330368844,3.6132112751863406
0,1800,0.33,2.9859454578701508,0.6356228055661949,2.350322652303956,3.6215682634363455
0,1800,0.331,2.992205192860515,0.6377313746604961,2.354473818200019,3.629936567521011
0,1800,0.332,2.998537415026789,0.6397768716177469,2.3587605434090424,3.638314286644536
0,1800,0.333,3.0049410316470784,0.6417585496777034,2.3631824819693747,3.646699581324782
0,1800,0.334,3.0114149499994864,0.643675720626202,2.367739229373284,3.6550906706256887
0,1800,0.335,3.0179580773621186,0.6455277521642689,2.3724303251978496,3.6634858295263877
0,1800,0.336,3.0245693210130784,0.6473140654076526,2.3772552556054256,3.671883386420731
0,1800,0.337,3.0312475882304715,0.649034132510713,2.3822134557197585,3.6802817207411844
0,1800,0.338,3.0379917862924017,0.6506874744088011,2.3873043118836006,3.688679260701203
0,1800,0.339,3.044800822476974,0.6522736586734847,2.3925271638034893,3.697074481150459
0,1800,0.33999999999999997,3.051673604062292,0.6537922974751884,2.397881306587103,3.7054659015374805
0,1800,0.34099999999999997,3.058609038326461,0.6552430456480408,2.40336599267842,3.7138520839745017
0,1800,0.34199999999999997,3.0656060325475853,0.6566255988519358,2.4089804336956497,3.722231631399521
0,1800,0.34299999999999997,3.072663494003769,0.6579396918270388,2.41472380217673,3.730603185830808
0,1800,0.344,3.079780329973118,0.6591850967361745,2.4205952332369436,3.7389654267092927
0,1800,0.345,3.0869554477337355,0.6603616215907543,2.426593826142981,3.74731706932449
0,1800,0.346,3.0941877545637264,0.6614691087560891,2.432718645807637,3.7556568633198157
0,1800,0.347,3.101476157741195,0.6625074335321544,2.4389687242090408,3.7639835912733495
0,1800,0.348,3.1088195645442465,0.6634765028060461,2.4453430617382006,3.7722960673502923
0,1800,0.349,3.116216882250985,0.6643762537725666,2.4518406284784184,3.780593136023551
0,1800,0.35,3.1236670181395145,0.665206652719551,2.4584603654199633,3.788873670859066
0,1800,0.351,3.13116887948794,0.6659676938747241,2.465201185613216,3.797136573362664
0,1800,0.352,3.1387213735743664,0.6666593983110352,2.4720619752633315,3.8053807718854014
0,1800,0.353,3.1463234076768978,0.6672818129075869,2.4790415947693107,3.813605220584485
0,1800,0.354,3.1539738890736384,0.6678350093634159,2.4861388797102224,3.8218088984370544
0,1800,0.355,3.1616717250426936,0.6683190832615358,2.493352641781158,3.8299908083042293
0,1800,0.356,3.169415822862167,0.6687341531807913,2.500681669681376,3.8381499760429585
0,1800,0.357,3.177205089810163,0.6690803598531956,2.5081247299569673,3.846285449663359
0,1800,0.358,3.185038433164787,0.6693578653645625,2.5156805678002248,3.8543962985293496
0,1800,0.359,3.1929147602041437,0.6695668523963542,2.5233479078077896,3.8624816126004977
0,1800,0.36,3.2008329782063365,0.6697075235067844,2.531125454699552,3.870540501713121
0,1800,0.361,3.208791994449471,0.6697801004493213,2.53901189400015,3.878572094898792
0,1800,0.362,3.216790716211651,0.6697848235268459,2.547005892684805,3.8865755397384967
0,1800,0.363,3.224828050770981,0.6697219509798058,2.5551060997911748,3.894550001750787
0,1800,0.364,3.2329029054055654,0.6695917584068148,2.5633111469987506,3.90249466381238
0,1800,0.365,3.241014187393509,0.6693945382162194,2.57161964917729,3.910408725609728
0,1800,0.366,3.2491608040129174,0.6691305991072479,2.5800302049056696,3.918291403120165
0,1800,0.367,3.257341662541893,0.6688002655794411,2.588541396962452,3.9261419281213343
0,1800,0.368,3.2655556702585415,0.66840387746912,2.5971517927894214,3.9339595477276617
0,1800,0.369,3.2738017344409682,0.6679417895117463,2.6058599449292217,3.9417435239527148
0,1800,0.37,3.282078762367276,0.6674143709290706,2.6146643914382053,3.9494931332963463
0,1800,0.371,3.29038566131557,0.66682200504005,2.62356365627552,3.95720766635562
0,1800,0.372,3.2987213385639556,0.6661650888945658,2.6325562496693897,3.9648864274585214
0,1800,0.373,3.307084701390536,0.665444032929038,2.641640668461498,3.972528734319574
0,1800,0.374,3.315474657073416,0.6646592606430777,2.6508153964303385,3.980133917716494
0,1800,0.375,3.323890112890701,0.6638112082963887,2.660078904594312,3.9877013211870898
0,1800,0.376,3.332329976120495,0.6629003246251631,2.669429651495332,3.9952303007456584
0,1800,0.377,3.340793154040902,0.6619270705772713,2.678866083463631,4.002720224618173
0,1800,0.378,3.349278553930027,0.660891919065593,2.6883866348644343,4.01017047299562
0,1800,0.379,3.3577850830659743,0.6597953547388766,2.697989728327098,4.017580437804851
0,1800,0.38,3.3663116487268496,0.6586378737695562,2.7076737749572937,4.024949522496406
0,1800,0.381,3.3748571581907556,0.6574199836579951,2.7174371745327606,4.032277141848751
0,1800,0.382,3.383420518735798,0.6561422030526624,2.7272783156831357,4.03956272178846
0,1800,0.383,3.3920006376400806,0.654805061585785,2.7371955760542956,4.046805699225866
0,1800,0.384,3.4005964221817084,0.6534090997240525,2.747187322457656,4.054005521905761
0,1800,0.385,3.4092067796387857,0.6519548686339836,2.7572519110048024,4.061161648272769
0,1800,0.386,3.4178306172894173,0.6504429300615938,2.7673876872278234,4.068273547351011
0,1800,0.387,3.426466842411708,0.6488738562260379,2.7775929861856703,4.075340698637746
0,1800,0.388,3.4351143622837608,0.6472482297269262,2.7878661325568346,4.082362592010687
0,1800,0.389,3.443772084183682,0.6455666434650403,2.7982054407186414,4.089338727648722
0,1800,0.39,3.4524389153895756,0.643829700576204,2.8086092148133717,4.09626861596578
0,1800,0.391,3.461113763179545,0.6420380143780884,2.8190757488014566,4.103151777557633
0,1800,0.392,3.4697955348316962,0.6401922083297563,2.82960332650194,4.109987743161453
0,1800,0.393,3.4784831376241327,0.6382929160037695,2.840190221620363,4.116776053627902
0,1800,0.394,3.48717547883496,0.6363407810707148,2.850834697764245,4.123516259905674
0,1800,0.395,3.495871465742282,0.6343364572960155,2.8615350084462663,4.130207923038297
0,1800,0.396,3.504570005624203,0.6322806085489243,2.8722893970752787,4.136850614173127
0,1800,0.397,3.513270005758828,0.6301739088236101,2.8830960969352177,4.143443914582438
0,1800,0.398,3.5219703734242613,0.628017042272268,2.8939533311519936,4.149987415696529
0,1800,0.399,3.530670015898607,0.6258107032502096,2.9048593126483975,4.156480719148817
0,1800,0.4,3.5393678404599704,0.6235555963728961,2.9158122440870744,4.162923436832867
0,1800,0.401,3.5480627543864562,0.6212524365849041,2.926810317801552,4.169315190971361
0,1800,0.402,3.5567536649561675,0.6189019492408239,2.9378517157153436,4.175655614196991
0,1800,0.403,3.56543947944721,0.6165048701981102,2.9489346092490996,4.18194434964532
0,1800,0.404,3.5741191051376884,0.6140619459219164,2.960057159215772,4.188181051059605
0,1800,0.405,3.5827914493057063,0.6115739336019611,2.9712175157037453,4.194365382907668
0,1800,0.406,3.5914554192293684,0.6090416012814823,2.982413817947886,4.20049702051085
0,1800,0.40700000000000003,3.60010992218678,0.6064657279983577,2.9936441941884224,4.206575650185138
0,1800,0.40800000000000003,3.608753865456045,0.6038471039384694,3.0049067615175757,4.212600969394515
0,1800,0.40900000000000003,3.617386156315268,0.601186530601411,3.016199625713857,4.218572686916679
0,1800,0.41000000000000003,3.626005702042553,0.5984848209786363,3.027520881063917,4.224490523021189
0,1800,0.41100000000000003,3.634611409916006,0.5957427997441644,3.038868610171842,4.23035420966017
0,1800,0.41200000000000003,3.6432021872137303,0.5929613034579613,3.050240883755769,4.236163490671691
0,1800,0.41300000000000003,3.6517769412138303,0.5901411807821138,3.0616357604317166,4.241918121995944
0,1800,0.41400000000000003,3.660334579194411,0.5872832927099367,3.073051286484474,4.247617871904348
0,1800,0.41500000000000004,3.668874008433577,0.5843885128081321,3.084485495625445,4.253262521241709
0,1800,0.41600000000000004,3.6773941362094322,0.5814577274721394,3.095936408737293,4.2588518636815715
0,1800,0.41700000000000004,3.685893869800082,0.5784918361948063,3.1074020336052754,4.264385705994888
0,1800,0.41800000000000004,3.6943721164836307,0.575491751848502,3.1188803646351286,4.269863868332132
0,1800,0.41900000000000004,3.702827783538182,0.5724584009808023,3.1303693825573795,4.2752861845189845
0,1800,0.42000000000000004,3.7112597782418413,0.5693927241238527,3.1418670541179887,4.280652502365694
0,1800,0.42100000000000004,3.7196670078727125,0.5662956761175149,3.1533713317551975,4.285962683990228
0,1800,0.42200000000000004,3.728048379708901,0.5631682264463826,3.1648801532625184,4.291216606155284
0,1800,0.42300000000000004,3.73640280102851,0.5600113595907373,3.1763914414377727,4.296414160619247
0,1800,0.42400000000000004,3.7447291791096458,0.5568260753914911,3.1879031037181544,4.301555254501137
0,1800,0.42500000000000004,3.753026421230411,0.5536133894291373,3.199413031801274,4.306639810659549
0,1800,0.42600000000000005,3.7612934346689118,0.5503743334167039,3.210919101252208,4.3116677680856155
0,1800,0.42700000000000005,3.769529126703251,0.5471099556066591,3.222419171096592,4.31663908230991
0,1800,0.42800000000000005,3.777732404611535,0.5438213212116905,3.2339110833998443,4.321553725823225
0,1800,0.42900000000000005,3.7859021756718665,0.540509512839218,3.2453926628326486,4.326411688511085
0,1800,0.43000000000000005,3.794037347162351,0.5371756309394565,3.2568617162228946,4.331212978101807
0,1800,0.43100000000000005,3.802136826361094,0.5338207942667792,3.268316032094315,4.335957620627873
0,1800,0.43200000000000005,3.810199520546198,0.5304461403540602,3.2797533801921377,4.340645660900258
0,1800,0.43300000000000005,3.8182243369957685,0.5270528259996047,3.291171510996164,4.345277162995373
0,1800,0.43400000000000005,3.82621018298791,0.523642027766174,3.302568155221736,4.349852210754084
0,1800,0.43500000000000005,3.834155965800727,0.5202149424915314,3.3139410233091953,4.354370908292259
0,1800,0.43600000000000005,3.8420605927123237,0.5167727878098116,3.325287804902512,4.358833380522135
0,1800,0.43700000000000006,3.849922971000805,0.5133168026829007,3.3366061683179042,4.363239773683706
0,1800,0.43800000000000006,3.8577420079442764,0.5098482479408825,3.347893760003394,4.367590255885159
0,1800,0.43900000000000006,3.86551661082084,0.5063684068304527,3.3591482039903875,4.371885017651293
0,1800,0.44000000000000006,3.8732456869086023,0.5028785855700452,3.370367101338557,4.3761242724786475
0,1800,0.44100000000000006,3.880928143485667,0.49938011391022974,3.381548029575437,4.380308257395897
0,1800,0.44200000000000006,3.8885628878301386,0.4958743456977529,3.392688542132386,4.384437233527891
0,1800,0.44300000000000006,3.896148827220122,0.4923626594413686,3.4037861677787533,4.388511486661491
0,1800,0.44400000000000006,3.903684868933721,0.48884645887738487,3.414838410056336,4.392531327811106
0,1800,0.44500000000000006,3.911169920249042,0.48532717353258675,3.425842746716455,4.396497093781629
0,1800,0.44600000000000006,3.9186028884441875,0.48180625928193244,3.436796629162255,4.40040914772612
0,1800,0.44700000000000006,3.925982680797262,0.47828519889811666,3.4476974818991453,4.404267879695379
0,1800,0.44800000000000006,3.933308204586371,0.4747655025897798,3.4585427019965915,4.408073707176151
0,1800,0.44900000000000007,3.940578367089619,0.47124870852479617,3.469329658564823,4.411827075614415
0,1800,0.45000000000000007,3.9477920755851104,0.4677363833347137,3.4800556922503967,4.415528458919824
0,1800,0.45100000000000007,3.954948237350949,0.4642301225960213,3.4907181147549275,4.4191783599469705
0,1800,0.45199999999999996,3.9620457596652394,0.4607315512835115,3.5013142083817277,4.422777310948751
0,1800,0.45299999999999996,3.9690835498060877,0.45724232419056293,3.511841225615525,4.4263258739966505
0,1800,0.45399999999999996,3.976060515051597,0.4537641263107151,3.5222963887408816,4.429824641362312
0,1800,0.45499999999999996,3.9829755626798726,0.4502986731744125,3.53267688950546,4.433274235854285
0,1800,0.45599999999999996,3.989827599969018,0.44684771113430644,3.5429798888347115,4.436675311103325
0,1800,0.45699999999999996,3.9966155341971383,0.44341301759197355,3.5532025166051646,4.440028551789112
0,1800,0.45799999999999996,4.003338272642337,0.4399964011583815,3.563341871483956,4.443334673800719
0,1800,0.45899999999999996,4.0099947225827215,0.4365997017398839,3.5733950208428378,4.446594424322606
0,1800,0.45999999999999996,4.0165837912963935,0.43322479054097723,3.5833590007554164,4.449808581837371
0,1800,0.46099999999999997,4.023104386061458,0.4298735699745053,3.593230816086953,4.452977956035964
0,1800,0.46199999999999997,4.029555414156021,0.4265479734694487,3.603007440686572,4.456103387625469
0,1800,0.46299999999999997,4.035935782858186,0.42324996516591357,3.612685817692272,4.459185748024099
0,1800,0.46399999999999997,4.042244399446056,0.4199815394864295,3.6222628599596263,4.462225938932486
0,1800,0.46499999999999997,4.048480171197738,0.41674472057220147,3.631735450625537,4.46522489176994
0,1800,0.46599999999999997,4.054642005391335,0.4135415615725392,3.6411004438187957,4.468183566963874
0,1800,0.46699999999999997,4.060728809304953,0.41037414377533615,3.650354665529617,4.4711029530802895
0,1800,0.46799999999999997,4.066739490216694,0.40724457556618576,3.6594949146505082,4.473984065782879
0,1800,0.469,4.072672955404666,0.4041549912035445,3.668517964201122,4.476827946608211
0,1800,0.47,4.07852811214697,0.4011075493972728,3.6774205627496976,4.479635661544243
0,1800,0.471,4.084303867721713,0.39810443167795057,3.6861994360437627,4.482408299399664
0,1800,0.472,4.089999129406999,0.39514784054457286,3.694851288862426,4.485146969951572
0,1800,0.473,4.095612804480931,0.3922399973786184,3.7033728071023124,4.48785280185955
0,1800,0.474,4.101143800221615,0.3893831401130657,3.711760660108549,4.49052694033468
0,1800,0.475,4.106591023907155,0.3865795206457282,3.720011503261427,4.493170544552884
0,1800,0.476,4.111953382815657,0.3838314019873178,3.7281219808283392,4.495784784802975
0,1800,0.477,4.1172297842252235,0.3811410551359365,3.736088729089287,4.49837083936116
0,1800,0.478,4.122419135413959,0.3785107556712696,3.7439083797426895,4.500929891085229
0,1800,0.479,4.1275203436599694,0.3759427800636059,3.7515775635963635,4.503463123723575
0,1800,0.48,4.132532316241358,0.3734394016949735,3.7590929145463843,4.5059717179363314
0,1800,0.481,4.13745396043623,0.3710028865921466,3.7664510738440833,4.508456847028376
0,1800,0.482,4.1422841835226905,0.3686354888740454,3.773648694648645,4.510919672396736
0,1800,0.483,4.147021892778843,0.3663394459191313,3.780682446859712,4.513361338697974
0,1800,0.484,4.151665995482793,0.36411697326175146,3.7875490222210413,4.515782968744544
0,1800,0.485,4.156215398912643,0.36197025923001097,3.7942451396826318,4.518185658142654
0,1800,0.486,4.160669010346499,0.3599014593415973,3.8007675510049017,4.520570469688097
0,1800,0.487,4.165025737062466,0.3579126904780157,3.8071130465844503,4.522938427540482
0,1800,0.488,4.169284486338648,0.35600602486186084,3.813278461476787,4.525290511200509
0,1800,0.489,4.173444165453149,0.3541834838659791,3.8192606815871697,4.527627649319128
0,1800,0.49,4.177503681684074,0.35244703168760455,3.8250566499964695,4.5299507133716785
0,1800,0.491,4.181461942309528,0.35079856892467964,3.8306633733848483,4.532260511234208
0,1800,0.492,4.185317854607614,0.349239926095526,3.8360779285120885,4.534557780703141
0,1800,0.493,4.189070325856438,0.3477728571466992,3.8412974687097385,4.536843183003137
0,1800,0.494,4.192718263334104,0.34639903299714736,3.846319230336957,4.539117296331251
0,1800,0.495,4.196260574318717,0.34512003516960127,3.8511405391491156,4.541380609488318
0,1800,0.496,4.19969616608838,0.3439373495623422,3.8557588165260377,4.543633515650722
0,1800,0.497,4.2030239459212,0.34285236041603706,3.860171585505163,4.545876306337237
0,1800,0.498,4.206242821095279,0.3418663445311142,3.864376476564165,4.548109165626394
0,1800,0.499,4.209351698888723,0.3409804657910986,3.868371233097624,4.550332164679821
0,1800,0.5,4.212349486579636,0.3401957700463905,3.872153716533245,4.5525452566260265
0,1800,0.501,4.2152350914461225,0.33951318041110745,3.875721911035015,4.55474827185723
0,1800,0.502,4.218007420766287,0.3389334930228173,3.8790739277434696,4.556940913789104
0,1800,0.503,4.220665381818234,0.33845737331127357,3.882208008506961,4.559122755129508
0,1800,0.504,4.22320788188007,0.338085352817667,3.8851225290624027,4.561293234697737
0,1800,0.505,4.2256338282298955,0.33781782660048837,3.887816001629407,4.563451654830384
0,1800,0.506,4.227942128145818,0.33765505125795164,3.8902870768878666,4.5655971794037695
0,1800,0.507,4.230131688905941,0.3375971435901626,3.8925345453157787,4.567728832496104
0,1800,0.508,4.23220141778837,0.3376440799169622,3.894557337871408,4.569845497705332
0,1800,0.509,4.234150222071208,0.3377956960597898,3.8963545260114185,4.571945918130998
0,1800,0.51,4.235977009032561,0.3380516879881326,3.897925321044428,4.574028697020693
0,1800,0.511,4.237680685950533,0.33841161312334844,3.8992690728271846,4.576092299073881
0,1800,0.512,4.239260160103227,0.3388748922850078,3.9003852678182196,4.578135052388236
0,1800,0.513,4.2407143387687505,0.3394408122575786,3.9012735265111718,4.580155151026329
0,1800,0.514,4.242042129225205,0.34010852894840976,3.9019336002767955,4.582150658173615
0,1800,0.515,4.243242438750697,0.3408770711017023,3.9023653676489944,4.584119509852399
0,1800,0.516,4.24431417462333,0.3417453445275997,3.9025688300957304,4.58605951915093
0,1800,0.517,4.245256244121209,0.3427121368007782,3.9025441073204306,4.587968380921987
0,1800,0.518,4.24606755452244,0.3437761223790413,3.9022914321433984,4.589843676901481
0,1800,0.519,4.246747013105124,0.3449358680894665,3.9018111450156576,4.591682881194591
0,1800,0.52,4.2472935271473675,0.3461898389276305,3.901103688219737,4.593483366074998
0,1800,0.521,4.247706003927275,0.3475364041143461,3.900169599812929,4.595242408041622
0,1800,0.522,4.2479833507229525,0.3489738433541524,3.8990095073688003,4.596957194077105
0,1800,0.523,4.248124474812502,0.3505003532404502,3.897624121572052,4.5986248280529525
0,1800,0.524,4.248128283474029,0.3521140537536109,3.896014229720418,4.600242337227639
0,1800,0.525,4.247993683985639,0.3538129948005129,3.894180689185126,4.601806678786152
0,1800,0.526,4.247719583625434,0.35559516274669495,3.8921244208787393,4.60331474637213
0,1800,0.527,4.247304889671521,0.35745848689555104,3.8898464027759703,4.604763376567072
0,1800,0.528,4.246748509402003,0.3594008458726308,3.8873476635293724,4.606149355274634
0,1800,0.529,4.246049350094986,0.36142007387705005,3.884629276217936,4.607469423972036
0,1800,0.53,4.245206319028573,0.3635139667661514,3.8816923522624216,4.608720285794725
0,1800,0.531,4.244218323480869,0.3656802879438039,3.8785380355370647,4.609898611424673
0,1800,0.532,4.24308427072998,0.3679167740269991,3.875167496702981,4.611001044756979
0,1800,0.533,4.241803068054008,0.37022114026961106,3.871581927784397,4.612024208323619
0,1800,0.534,4.240373622731059,0.3725910857262786,3.8677825370047803,4.612964708457337
0,1800,0.535,4.238794842039237,0.3750242981432824,3.8637705438959546,4.613819140182519
0,1800,0.536,4.2370656332566465,0.3775184585669729,3.8595471746896735,4.61458409182362
0,1800,0.537,4.235184903661393,0.3800712456637357,3.8551136579976575,4.615256149325129
0,1800,0.538,4.23315156053158,0.3826803397486259,3.850471220782954,4.615831900280206
0,1800,0.539,4.230964511145313,0.3853434265226411,3.845621084622672,4.616307937667954
0,1800,0.54,4.228622662780695,0.38805820052113876,3.840564462259556,4.616680863301833
0,1800,0.541,4.226124922715831,0.3908223682781269,3.835302554437704,4.616947290993958
0,1800,0.542,4.223470198228827,0.39363365121307103,3.829836547015756,4.617103849441898
0,1800,0.543,4.220657396597785,0.39648978824848696,3.824167608349298,4.617147184846272
0,1800,0.544,4.217685425100812,0.3993885381679305,3.818296886932881,4.6170739632687425
0,1800,0.545,4.214553191016011,0.40232768172507144,3.812225509290939,4.616880872741082
0,1800,0.546,4.211259601621487,0.4053050235153788,3.805954578106108,4.616564625136865
0,1800,0.547,4.207803564195345,0.40831839362255495,3.79948517057279,4.616121957817899
0,1800,0.548,4.204183986015687,0.41136564905226897,3.7928183369634185,4.615549635067956
0,1800,0.549,4.200399774360622,0.41444467496597276,3.785955099394649,4.614844449326594
0,1800,0.55,4.1964498365082505,0.4175533857276615,3.778896450780589,4.614003222235912
0,1800,0.551,4.192333079736678,0.42068972577637676,3.7716433539603016,4.613022805513055
0,1800,0.552,4.188048411324011,0.42385167033707777,3.764196740986933,4.611900081661088
0,1800,0.553,4.183594738548352,0.42703722598222804,3.7565575125661237,4.6106319645305796
0,1800,0.554,4.178970968687806,0.43024443105609284,3.7487265376317134,4.609215399743899
0,1800,0.555,4.174176009020478,0.4334713559733216,3.7407046530471564,4.6076473649938
0,1800,0.556,4.169208766824472,0.43671610340291844,3.7324926634215534,4.6059248702273905
0,1800,0.557,4.164068149377892,0.4399768083481993,3.7240913410296925,4.604044957726091
0,1800,0.558,4.158753063958843,0.4432516381327931,3.7155014258260497,4.6020047020916355
0,1800,0.559,4.15326241784543,0.44653879230220117,3.706723625543229,4.599801210147631
0,1800,0.56,4.147595118315757,0.44983650244986345,3.6977586158658937,4.5974316207656205
0,1800,0.561,4.1417500726479295,0.4531430319761226,3.688607040671807,4.594893104624052
0,1800,0.562,4.135726188120051,0.4564566757879219,3.6792695123321293,4.592182863907973
0,1800,0.5630000000000001,4.129522372010226,0.45977575994652725,3.669746612063699,4.589298131956753
0,1800,0.5640000000000001,4.123137531596559,0.4630986412700349,3.6600388903265237,4.5862361728665935
0,1800,0.5650000000000001,4.116570574157155,0.4664237068969105,3.6501468672602444,4.582994281054066
0,1800,0.5660000000000001,4.109820406970118,0.4697493738163167,3.6400710331538013,4.579569780786435
0,1800,0.5670000000000001,4.102885937313553,0.47307408837051357,3.629811848943039,4.575960025684067
0,1800,0.5680000000000001,4.0957660724655645,0.4763963257341679,3.6193697467313966,4.572162398199732
0,1800,0.5690000000000001,4.0884597197042565,0.47971458937498634,3.60874513032927,4.568174309079243
0,1800,0.5700000000000001,4.080965786307734,0.48302741049968845,3.597938375808046,4.563993196807423
0,1800,0.5710000000000001,4.073283179554101,0.4863333474889604,3.586949832065141,4.559616527043062
0,1800,0.5720000000000001,4.065410806721463,0.4896309853246818,3.575779821396781,4.555041792046144
0,1800,0.5730000000000001,4.057347575087924,0.49291893501238987,3.5644286400755343,4.550266510100314
0,1800,0.5740000000000001,4.0490923919315875,0.4961958330016476,3.55289655892994,4.545288224933235
0,1800,0.5750000000000001,4.04064416453056,0.49946034060669603,3.541183823923864,4.540104505137256
0,1800,0.5760000000000001,4.032001800162945,0.5027111434295175,3.5292906567334272,4.534712943592463
0,1800,0.5770000000000001,4.023164206106846,0.5059469507871948,3.5172172553196512,4.52911115689404
0,1800,0.5780000000000001,4.014130289640369,0.5091664951452379,3.504963794495131,4.523296784785607
0,1800,0.5790000000000001,4.004898958041617,0.5123685315583429,3.4925304264832744,4.51726748959996
0,1800,0.58,3.9954691185886984,0.5155518371198718,3.4799172814688264,4.51102095570857
0,1800,0.581,3.9858396785597128,0.5187152104211745,3.4671244681385383,4.504554888980888
0,1800,0.582,3.976009545232767,0.5218574710217168,3.4541520742110503,4.497867016254483
0,1800,0.583,3.965977625885965,0.5249774589308556,3.441000166955109,4.490955084816821
0,1800,0.584,3.955742827797412,0.5280740341019649,3.427668793695447,4.483816861899377
0,1800,0.585,3.9453040582452124,0.531146075939515,3.4141579823056976,4.476450134184727
0,1800,0.586,3.93466022450747,0.5341924828196027,3.4004677416878675,4.4688527073270725
0,1800,0.587,3.923810233862289,0.537212171624347,3.386598062237942,4.461022405486636
0,1800,0.588,3.912752993587776,0.5402040772904794,3.3725489162972964,4.452957070878255
0,1800,0.589,3.9014874109620328,0.5431671523723942,3.3583202585896386,4.444654563334427
0,1800,0.59,3.8900123932631665,0.5461003666198566,3.3439120266433098,4.436112759883023
0,1800,0.591,3.8783268477692805,0.5490027065705179,3.3293241411987626,4.427329554339798
0,1800,0.592,3.8664296817584787,0.5518731751573358,3.314556506601143,4.4183028569158145
0,1800,0.593,3.854319802508866,0.5547107913309594,3.2996090111779064,4.409030593839825
0,1800,0.594,3.841996117298547,0.5575145896970998,3.284481527601447,4.399510706995646
0,1800,0.595,3.8294575334056264,0.5602836201688852,3.2691739132367412,4.389741153574512
0,1800,0.596,3.8167029581082086,0.5630169476341643,3.2536860104740444,4.379719905742373
0,1800,0.597,3.803731298684398,0.5657136516377087,3.2380176470466893,4.369444950322107
0,1800,0.598,3.7905414624122997,0.5683728260782466,3.222168636334053,4.3589142884905465
0,1800,0.599,3.7771323565700183,0.5709935789202465,3.206138777649772,4.348125935490264
0,1800,0.6,3.763502888435657,0.5735750319203584,3.1899278565152986,4.337077920356015
0,1800,0.601,3.749651965287321,0.5761163203684208,3.1735356449189,4.325768285655742
0,1800,0.602,3.735578494403115,0.5786165928429242,3.156961901560191,4.3141950872460395
0,1800,0.603,3.721281383061143,0.5810750109808399,3.140206372080303,4.302356394041983
0,1800,0.604,3.7067595385395107,0.5834907492617042,3.1232687892778066,4.290250287801215
0,1800,0.605,3.6920118681163223,0.5858629948058637,3.1061488733104587,4.277874862922186
0,1800,0.606,3.677037279069681,0.5881909471867924,3.0888463318828885,4.265228226256474
0,1800,0.607,3.6618346786776925,0.5904738182573894,3.0713608604203033,4.252308496935082
0,1800,0.608,3.6464029742184607,0.592710831990183,3.053692142228278,4.2391138062086435
0,1800,0.609,3.6307410729700904,0.5949012243313763,3.035839848638714,4.225642297301467
0,1800,0.61,3.6148478822106864,0.5970442430686734,3.017803639142013,4.21189212527936
0,1800,0.611,3.5987223092183527,0.5991391477128496,2.999583161505503,4.197861456931202
0,1800,0.612,3.5823632612711944,0.6011852093930323,2.981178051878162,4.183548470664227
0,1800,0.613,3.5657696456473165,0.6031817107656824,2.962587934881634,4.1689513564129985
0,1800,0.614,3.548940369624822,0.6051279459372761,2.943812423687546,4.154068315562098
0,1800,0.615,3.5318743404818154,0.607023220400712,2.9248511200811036,4.138897560882527
0,1800,0.616,3.5145704654964027,0.6088668509854779,2.9057036145109247,4.123437316481881
0,1800,0.617,3.497027651946688,0.6106581658216396,2.8863694861250484,4.107685817768328
0,1800,0.618,3.4792448071107747,0.612396504317729,2.866848302793046,4.0916413114285035
0,1800,0.619,3.461220838266768,0.6140812171526336,2.847139621114134,4.075302055419401
0,1800,0.62,3.442954652692774,0.6157116662816121,2.8272429864111617,4.058666318974386
0,1800,0.621,3.4244451576668946,0.6172872249565801,2.8071579327103144,4.041732382623475
0,1800,0.622,3.405691260467236,0.6188072777608441,2.786883982706392,4.02449853822808
0,1800,0.623,3.3866918683719014,0.620271220658478,2.7664206477134234,4.006963089030379
0,1800,0.624,3.367445888658996,0.6216784610585699,2.745767427600426,3.9891243497175664
0,1800,0.625,3.3479522286066254,0.6230284178945943,2.7249238107120313,3.9709806465012196
0,1800,0.626,3.328209795492892,0.6243205217191894,2.7038892737737026,3.952530317212082
0,1800,0.627,3.308217496595903,0.6255542148146627,2.6826632817812404,3.9337717114105657
0,1800,0.628,3.287974239193761,0.6267289513195632,2.661245287874198,3.914703190513324
0,1800,0.629,3.26747893056457,0.627844197371709,2.639634733192861,3.8953231279362788
0,1800,0.63,3.2467304779864357,0.6288994312680812,2.6178310467183543,3.875629909254517
0,1800,0.631,3.2257277887374625,0.6298941436420437,2.5958336450954187,3.8556219323795062
0,1800,0.632,3.2044697700957547,0.6308278376583764,2.5736419324373783,3.835297607754131
0,1800,0.633,3.182955329339417,0.6317000292266591,2.5512553001127576,3.814655358566076
0,1800,0.634,3.161183373746554,0.6325102472335804,2.528673126512974,3.793693620980134
0,1800,0.635,3.1391528105952693,0.633258033794792,2.5058947768004773,3.7724108443900612
0,1800,0.636,3.1168625471636684,0.6339429445269765,2.482919602636692,3.750805491690645
0,1800,0.637,3.0943114907298557,0.6345645488408488,2.4597469418890068,3.7288760395707046
0,1800,0.638,3.0714985485719355,0.6351224302558526,2.436376118316083,3.706620978827788
0,1800,0.639,3.0484226279680118,0.6356161867373822,2.4128064412306296,3.684038814705394
0,1800,0.64,3.0250826361961902,0.6360454310574075,2.3890372051387825,3.661128067253598
0,1800,0.641,3.001477480534575,0.63640979117944,2.3650676893551354,3.637887271714015
0,1800,0.642,2.9776060682612706,0.6367089106688477,2.3408971575924227,3.6143149789301185
0,1800,0.643,2.9534673066543804,0.6369424491295864,2.316524857524794,3.5904097557839667
0,1800,0.644,2.9290601029920103,0.63711008266849,2.29195002032352,3.5661701856605004
0,1800,0.645,2.904383364552264,0.6372115043883322,2.267171860163932,3.5415948689405963
0,1800,0.646,2.8794359986132467,0.6372464249109514,2.242189573702295,3.5166824235241982
0,1800,0.647,2.8542169124530625,0.6372145729318172,2.2170023395212453,3.49143148538488
0,1800,0.648,2.8287250133498167,0.6371156958074944,2.1916093175423224,3.465840709157311
0,1800,0.649,2.802959208581613,0.6369495601775575,2.166009648404055,3.4399087687591705
0,1800,0.65,2.7769184054265557,0.6367159526226046,2.140202452803951,3.41363435804916
0,1800,0.651,2.750601511162749,0.6364146803601168,2.114186830802632,3.387016191522866
0,1800,0.652,2.724007433068299,0.6360455719800203,2.0879618610882784,3.3600530050483193
0,1800,0.653,2.697135078421309,0.6356084782219159,2.061526600199393,3.3327435566432246
0,1800,0.654,2.669983354499884,0.6351032727960599,2.034880081703824,3.305086627295944
0,1800,0.655,2.642551168582128,0.6345298532503085,2.0080213153318196,3.277081021832436
0,1800,0.656,2.6148374279461466,0.6338881418853604,1.9809492860607862,3.2487255698315067
0,1800,0.657,2.5868410398700434,0.6331780867207738,1.9536629531492697,3.220019126590817
0,1800,0.658,2.558560911631923,0.6323996625143788,1.926161249117544,3.1909605741463016
0,1800,0.659,2.529995950509889,0.631552871837856,1.898443078672033,3.1615488223477453
0,1800,0.66,2.501145063782048,0.630637746211403,1.8705073175706448,3.131782809993451
0,1800,0.661,2.4720071587265027,0.6296543473005909,1.8423528114259118,3.1016615060270936
0,1800,0.662,2.44258114262136,0.6286027681786696,1.8139783744426907,3.0711839108000296
0,1800,0.663,2.4128659227447216,0.6274831346577704,1.785382788086951,3.040349057402492
0,1800,0.664,2.3828604063746934,0.6262956066926414,1.7565647996820521,3.0091560130673347
0,1800,0.665,2.352563500789379,0.6250403798607405,1.7275231209286384,2.9776038806501193
0,1800,0.666,2.3219741132668843,0.6237176869227213,1.6982564263441629,2.9456918001896057
0,1800,0.667,2.291091151085313,0.6223277994675509,1.668763351617762,2.913418950552864
0,1800,0.668,2.25991352152277,0.6208710296467134,1.6390424918760567,2.880784551169483
0,1800,0.669,2.228440131857359,0.6193477320021821,1.6090923998551767,2.8477878638595406
0,1800,0.67,2.196669889367186,0.6177583053930609,1.5789115839741252,2.814428194760247
0,1800,0.671,2.1646017013303545,0.6161031950260323,1.5484985063043222,2.7807048963563865
0,1800,0.672,2.1322344750249687,0.6143828945949835,1.5178515804299852,2.746617369619952
0,1800,0.673,2.099567117729134,0.6125979485354118,1.4869691691937221,2.7121650662645456
0,1800,0.674,2.066598536720954,0.6107489543994534,1.4558495823215005,2.677347491120407
0,1800,0.675,2.0333276392785344,0.6088365653576021,1.4244910739209322,2.6421642046361367
0,1800,0.676,1.9997533326799783,0.6068614928334201,1.3928918398465582,2.6066148255133985
0,1800,0.6769999999999999,1.9658745242033944,0.6048245092777518,1.3610500149256426,2.570699033481146
0,1800,0.6779999999999999,1.9316901211268802,0.602726451089159,1.3289636700377212,2.534416572216039
0,1800,0.6789999999999999,1.8971990307285451,0.6005682216874821,1.296630809041063,2.4977672524160273
0,1800,0.6799999999999999,1.8624001602864917,0.5983507947475911,1.2640493655389005,2.460750955034083
0,1800,0.6809999999999999,1.8272924170788243,0.5960752176005297,1.2312171994782946,2.4233676346793542
0,1800,0.6819999999999999,1.7918747083836486,0.5937426148093418,1.1981320935743067,2.3856173231929905
0,1800,0.6829999999999999,1.756145941479068,0.5913541919269205,1.1647917495521476,2.3475001334059886
0,1800,0.6839999999999999,1.720105023643189,0.5889112394432218,1.1311937841999673,2.3090162630864106
0,1800,0.6849999999999999,1.6837508621541142,0.5864151369290935,1.0973357252250207,2.2701659990832077
0,1800,0.6859999999999999,1.64708236428995,0.5838673573838188,1.0632150069061312,2.2309497216737686
0,1800,0.6869999999999999,1.6100984373287988,0.5812694717932202,1.0288289655355785,2.191367909122019
0,1800,0.688,1.572797988548765,0.5786231539048,0.994174834643965,2.151421142453565
0,1800,0.689,1.5351799252279554,0.5759301852258749,0.9592497400020805,2.11111011045383
0,1800,0.69,1.4972431546444729,0.573192460250019,0.9240506943944539,2.070435614894492
0,1800,0.691,1.4589865840764222,0.5704119919162659,0.8885745921601563,2.0293985759926882
0,1800,0.692,1.4204091208019087,0.5675909173044789,0.8528182034974299,1.9880000381063876
0,1800,0.693,1.3815096720990367,0.5647315035689858,0.8167781685300509,1.9462411756680225
0,1800,0.694,1.3422871452459089,0.5618361541110023,0.7804509911349066,1.904123299356911
0,1800,0.695,1.3027404475206317,0.5589074149884802,0.7438330325321515,1.8616478625091117
0,1800,0.696,1.2628684862013086,0.5559479815597572,0.7069205046415514,1.8188164677610659
0,1800,0.697,1.2226701685660446,0.5529607053547351,0.6697094632113095,1.7756308739207798
0,1800,0.698,1.1821444018929448,0.5499486011642051,0.6321958007287397,1.73209300305715
0,1800,0.699,1.1412900934601122,0.5469148543343314,0.5943752391257808,1.6882049477944436
0,1800,0.7,1.100106150545653,0.5438628282491405,0.5562433222965126,1.6439689787947935
0,1800,0.701,1.058591480427673,0.5407960719790758,0.5177954084485973,1.599387552406749
0,1800,0.702,1.0167449903842707,0.5377183280682445,0.4790266623160262,1.5544633184525152
0,1800,0.703,0.9745655876935584,0.5346335404268043,0.43993204726675406,1.5091991281203627
0,1800,0.704,0.9320521796336334,0.5315458622880104,0.40050631734562303,1.4635980419216437
0,1800,0.705,0.8892036734826059,0.5284596641816681,0.36074400930093775,1.417663337664274
0,1800,0.706,0.8460189765185762,0.5253795418671484,0.32063943465142775,1.3713985183857247
0,1800,0.707,0.8024969960196522,0.5223103241596195,0.28018667186003265,1.3248073201792718
0,1800,0.708,0.758636639263937,0.5192570805727945,0.23937955869114247,1.2778937198367315
0,1800,0.709,0.7144368135295354,0.5162251286902629,0.19821168483927243,1.2306619422197982
0,1800,0.71,0.6698964260945495,0.5132200411654438,0.15667638492910563,1.1831164672599934
0,1800,0.711,0.6250143842370885,0.5102476522374302,0.11476673199965837,1.1352620364745187
0,1800,0.712,0.5797895952352521,0.5073140636366408,0.07247553159861131,1.087103658871893
0,1800,0.713,0.5342209663671493,0.5044256497404382,0.029795316626711088,1.0386466161075876
0,1800,0.714,0.48830740491088065,0.5015890618249429,-0.013281656914062245,0.9898964667358235
0,1800,0.715,0.4420478181445535,0.49881123124552273,-0.05676341310096922,0.9408590493900763
0,1800,0.716,0.39544111334627097,0.4960993713652303,-0.10065825801895933,0.8915404847115013
0,1800,0.717,0.3484861977941378,0.4934609780383224,-0.1449747802441846,0.8419471758324601
0,1800,0.718,0.3011819787662571,0.49090382844546687,-0.1897218496792098,0.792085807211724
0,1800,0.719,0.2535273635407389,0.4884359780690175,-0.2349086145282786,0.7419633416097564
0,1800,0.72,0.2055212593956801,0.48606575559156084,-0.28054449619588073,0.691587014987241
0,1800,0.721,0.15716257360919084,0.48380175549965215,-0.3266391818904613,0.6409643291088429
0,1800,0.722,0.10845021345937145,0.4816528281781339,-0.3732026147187624,0.5901030416375053
0,1800,0.723,0.059383086224330306,0.47962806728962243,-0.4202449810652921,0.5390111535139528
0,1800,0.724,0.009960099182168669,0.4777367942495393,-0.46777669506737063,0.48769689343170797
0,1800,0.725,-0.0398198403890051,0.475988539630345,-0.51580838001935,0.4361686992413399
0,1800,0.726,-0.08995782521109152,0.47439302136012074,-0.5643508465712123,0.3844351961490292
0,1800,0.727,-0.14045494800598046,0.4729601196209337,-0.6134150676269141,0.33250517161495324
0,1800,0.728,-0.19131230149557243,0.4716998484017849,-0.6630121498973574,0.2803875469062125
0,1800,0.729,-0.24253097840175908,0.4706223237193552,-0.7131533021211143,0.22809134531759612
0,1800,0.73,-0.29411207144644,0.4697377285867802,-0.7638498000332202,0.17562565714034017
0,1800,0.731,-0.34605667335150514,0.4690562748853335,-0.8151129482368387,0.12299960153382838
0,1800,0.732,-0.3983658768388558,0.4685881623747268,-0.8669540392135826,0.07022228553587095
0,1800,0.733,-0.45104077463038195,0.4683435351626736,-0.9193843097930555,0.017302760532291628
0,1800,0.734,-0.5040824594479849,0.4683324360408206,-0.9724148954888054,-0.03575002340716432
0,1800,0.735,-0.5574920240135546,0.4685647591790168,-1.0260567831925713,-0.08892726483453778
0,1800,0.736,-0.6112705610489906,0.46905020174968654,-1.080320762798677,-0.14222035929930404
0,1800,0.737,-0.6654191632761854,0.46979821512499564,-1.135217378401181,-0.1956209481511898
0,1800,0.738,-0.7199389234170379,0.47081795634780077,-1.1907568797648387,-0.24912096706923714
0,1800,0.739,-0.7748309341934396,0.47211824061935975,-1.2469491748127994,-0.30271269357407987
0,1800,0.74,-0.8300962883272902,0.473707495569299,-1.3038037838965892,-0.35638879275799124
0,1800,0.741,-0.8857360785404804,0.4755937180738154,-1.3613297966142959,-0.410142360466665
0,1800,0.742,-0.9417513975549108,0.4777844343649716,-1.4195358319198823,-0.4639669631899392
0,1800,0.743,-0.9981433380924702,0.4802866641266705,-1.4784300022191408,-0.5178566739657997
0,1800,0.744,-1.054912992875062,0.48310688920223654,-1.5380198820772986,-0.5718061036728255
0,1800,0.745,-1.112061454624576,0.48625102744638754,-1.5983124820709635,-0.6258104271781884
0,1800,0.746,-1.1695898160629117,0.48972441214396506,-1.6593142282068767,-0.6798654039189467
0,1800,0.747,-1.22749916991196,0.4935317772932276,-1.7210309472051875,-0.7339673926187323
0,1800,0.748,-1.2857906088936213,0.49767724891780896,-1.7834678578114302,-0.7881133599758123
0,1800,0.749,-1.3444652257297856,0.5021643424340062,-1.8466295681637916,-0.8423008832957793
0,1800,0.75,-1.4035241131423533,0.5069959659645064,-1.9105200791068597,-0.8965281471778469
0,1800,0.751,-1.462968363853216,0.5121744293612842,-1.9751427932145003,-0.9507939344919318
0,1800,0.752,-1.5227990705842744,0.5177014585840867,-2.0405005291683613,-1.0050976120001878
0,1800,0.753,-1.5830173260574183,0.5235782149805751,-2.1065955410379935,-1.059439111076843
0,1800,0.754,-1.643624222994549,0.5298053189328841,-2.173429541927433,-1.1138189040616648
0,1800,0.755,-1.7046208541175538,0.5363828772748377,-2.2410037313923916,-1.168237976842716
0,1800,0.756,-1.7660083121483359,0.543310513845149,-2.309318825993485,-1.2226977983031868
0,1800,0.757,-1.827787689808785,0.550587402524129,-2.378375092332914,-1.2772002872846562
0,1800,0.758,-1.8899600798208027,0.5582123021035387,-2.4481723819243415,-1.331747777717264
0,1800,0.759,-1.9525265749062788,0.5661835923590232,-2.518710167265302,-1.3863429825472555
0,1800,0.76,-2.0154882677871138,0.5744993107295228,-2.5899875785166366,-1.440988957057591
0,1800,0.761,-2.0788462511851975,0.5831571890550806,-2.6620034402402784,-1.4956890621301169
0,1800,0.762,-2.1426016178224323,0.5921546898805189,-2.734756307702951,-1.5504469279419135
0,1800,0.763,-2.2067554604207062,0.601489041894391,-2.8082445023150973,-1.6052664185263152
0,1800,0.764,-2.2713088717019208,0.6111572741376672,-2.882466145839588,-1.6601515975642536
0,1800,0.765,-2.3362629443879666,0.6211562486821085,-2.9574191930700753,-1.715106695705858
0,1800,0.766,-2.401618771200745,0.6314826915422282,-3.033101462742973,-1.7701360796585168
0,1800,0.767,-2.4673774448621444,0.6421332216452122,-3.1095106665073566,-1.8252442232169321
0,1800,0.768,-2.5335400580940677,0.6531043777390758,-3.1866444358331436,-1.8804356803549918
0,1800,0.769,-2.600107703618403,0.6643926431695528,-3.2645003467879556,-1.9357150604488502
0,1800,0.77,-2.667081474157052,0.675994468500446,-3.3430759426574976,-1.991087005656606
0,1800,0.771,-2.7344624624319067,0.6879062919899754,-3.422368754421882,-2.0465561704419315
0,1800,0.772,-2.8022517611648627,0.7001245579673203,-3.502376319132183,-2.1021272031975426
0,1800,0.773,-2.870450463077816,0.7126457331791077,-3.583096196256924,-2.157804729898708
0,1800,0.774,-2.9390596608926653,0.7254663211956379,-3.6645259820883034,-2.2135933396970273
0,1800,0.775,-3.0080804473312996,0.7385828749815362,-3.746663322312836,-2.2694975723497635
0,1800,0.776,-3.077513915115623,0.7519920077459415,-3.8295059228615647,-2.3255219073696813
0,1800,0.777,-3.147361156967521,0.7656904021937885,-3.9130515591613095,-2.381670754773732
0,1800,0.778,-3.2176232656088954,0.7796748183029073,-3.9972980839118026,-2.4379484473059883
0,1800,0.779,-3.2883013337616394,0.7939420997519909,-4.08224343351363,-2.4943592340096483
0,1800,0.78,-3.3593964541476513,0.8084891791226289,-4.16788563327028,-2.5509072750250223
0,1800,0.781,-3.430909719488824,0.8233130819949066,-4.25422280148373,-2.6075966374939172
0,1800,0.782,-3.502842222507054,0.8384109300511048,-4.341253152558159,-2.6644312924559492
0,1800,0.783,-3.575195055924233,0.8537799432960097,-4.428974999220243,-2.7214151126282236
0,1800,0.784,-3.647969312462264,0.8694174414957309,-4.517386753957995,-2.778551870966533
0,1800,0.785,-3.721166084843036,0.8853208449298478,-4.606486929772884,-2.835845239913188
0,1800,0.786,-3.794786465788449,0.9014876745445072,-4.696274140332956,-2.8932987912439416
0,1800,0.787,-3.8688315480203928,0.9179155515868285,-4.786747099607221,-2.9509159964335643
0,1800,0.788,-3.9433024242607706,0.9346021967939032,-4.8779046210546735,-3.0087002274668673
0,1800,0.789,-4.0182001872314705,0.9515454292027604,-4.969745616434231,-3.0666547580287102
0,1800,0.79,-4.093525929654395,0.9687431646411537,-5.062269094295549,-3.124782765013241
0,1800,0.791,-4.169280744251432,0.9861934139527765,-5.155474158204208,-3.183087330298655
0,1800,0.792,-4.245465723744482,1.0038942810047562,-5.249360004749239,-3.241571442739726
0,1800,0.793,-4.322081960855437,1.0218439605198428,-5.34392592137528,-3.300238000335594
0,1800,0.794,-4.3991305483062,1.0400407357707782,-5.439171284076978,-3.359089812535422
0,1800,0.795,-4.476612578818655,1.05848297616974,-5.535095554988395,-3.4181296026489143
0,1800,0.796,-4.55452914511471,1.077169134781651,-5.631698279896361,-3.477360010333059
0,1800,0.797,-4.632881339916249,1.0960977457863272,-5.728979085702576,-3.536783594129922
0,1800,0.798,-4.711670255945176,1.1152674219111232,-5.826937677856299,-3.596402834034053
0,1800,0.799,-4.7908969859233785,1.1346768518526016,-5.92557383777598,-3.656220134070777
0,1800,0.8,-4.870562622572762,1.1543247977031212,-6.024887420275883,-3.7162378248696406
0,1800,0.801,-4.950668258615212,1.1742100923957353,-6.124878351010947,-3.776458166219477
0,1800,0.802,-5.031214986772633,1.1943316371787134,-6.225546623951346,-3.8368833495939194
0,1800,0.803,-5.1122038997669135,1.2146883991290316,-6.326892298895945,-3.8975155006378817
0,1800,0.8039999999999999,-5.193636090319941,1.2352794087125736,-6.428915499032514,-3.958356681607367
0,1800,0.8049999999999999,-5.275512651153636,1.2561037573972724,-6.531616408550908,-4.0194088937563635
0,1800,0.8059999999999999,-5.3578346749898715,1.2771605953241287,-6.6349952703140005,-4.080674079665743
0,1800,0.8069999999999999,-5.440603254550559,1.2984491290400115,-6.73905238359057,-4.142154125510547
0,1800,0.8079999999999999,-5.5238194825575775,1.3199686192950613,-6.843788101852638,-4.203850863262517
0,1800,0.8089999999999999,-5.607484451732839,1.3417183789067968,-6.949202830639636,-4.265766072826042
0,1800,0.8099999999999999,-5.691599254798227,1.3636977706922073,-7.055297025490434,-4.32790148410602
0,1800,0.8109999999999999,-5.776164984475642,1.3859062054686102,-7.162071189944252,-4.3902587790070315
0,1800,0.8119999999999999,-5.861182733486977,1.4083431401234165,-7.269525873610394,-4.452839593363561
0,1800,0.813,-5.946653594554132,1.4310080757526193,-7.377661670306751,-4.515645518801512
0,1800,0.814,-6.032578660398995,1.4539005558673672,-7.486479216266362,-4.578678104531628
0,1800,0.815,-6.118959023743471,1.477020164667742,-7.595979188411213,-4.6419388590757285
0,1800,0.816,-6.205795777309444,1.5003665253825509,-7.706162302691995,-4.705429251926892
0,1800,0.817,-6.293090013818822,1.5239392986738172,-7.8170293124926395,-4.769150715145004
0,1800,0.818,-6.380842825993489,1.5477381811043953,-7.928581007097884,-4.833104644889094
0,1800,0.819,-6.469055306555348,1.5717629036671101,-8.040818210222458,-4.8972924028882385
0,1800,0.82,-6.557728548226291,1.596013230373636,-8.153741778599928,-4.961715317852655
0,1800,0.821,-6.646863643728218,1.6204889569013312,-8.267352600629549,-5.026374686826887
0,1800,0.822,-6.736461685783019,1.6451899092961446,-8.381651595079164,-5.091271776486875
0,1800,0.823,-6.826523767112594,1.6701159427297267,-8.49663970984232,-5.1564078243828675
0,1800,0.824,-6.917050980438832,1.695266940308819,-8.612317920747651,-5.221784040130013
0,1800,0.825,-7.008044418483637,1.7206428119350565,-8.728687230418693,-5.28740160654858
0,1800,0.826,-7.099505173968895,1.7462434932132556,-8.84574866718215,-5.353261680755639
0,1800,0.827,-7.191434339616514,1.7720689444063775,-8.963503284022892,-5.419365395210136
0,1800,0.828,-7.283833008148374,1.7981191494352737,-9.081952157583647,-5.4857138587131
0,1800,0.829,-7.376702272286385,1.8243941149214857,-9.20109638720787,-5.5523081573649
0,1800,0.83,-7.47004322475243,1.8508938692712764,-9.320937094023707,-5.619149355481154
0,1800,0.831,-7.563856958268416,1.8776184617992528,-9.441475420067668,-5.686238496469163
0,1800,0.832,-7.658144565556229,1.9045679618898619,-9.56271252744609,-5.7535766036663665
0,1800,0.833,-7.752907139337771,1.9317424581951943,-9.684649597532966,-5.821164681142577
0,1800,0.834,-7.848145772334935,1.9591420578675167,-9.807287830202451,-5.889003714467418
0,1800,0.835,-7.94386155726962,1.986766885825041,-9.93062844309466,-5.957094671444579
0,1800,0.836,-8.040055586863708,2.0146170840494655,-10.054672670913174,-6.025438502814243
0,1800,0.837,-8.136728953839114,2.0426928109139326,-10.179421764753046,-6.094036142925182
0,1800,0.838,-8.233882750917717,2.0709942405399913,-10.304876991457707,-6.162888510377726
0,1800,0.839,-8.331518070821424,2.099521562182359,-10.431039633003783,-6.231996508639066
0,1800,0.84,-8.429636006272125,2.1282749796401688,-10.557910985912294,-6.301361026631955
0,1800,0.841,-8.528237649991718,2.157254710693575,-10.685492360685293,-6.370982939298143
0,1800,0.842,-8.627324094702091,2.1864609865645304,-10.813785081266621,-6.440863108137561
0,1800,0.843,-8.726896433125152,2.2158940514006957,-10.942790484525847,-6.511002381724456
0,1800,0.844,-8.826955757982788,2.245554161781388,-11.072509919764176,-6.581401596201399
0,1800,0.845,-8.927503161996896,2.275441586244615,-11.20294474824151,-6.652061575752281
0,1800,0.846,-9.028539737889368,2.3055566048342175,-11.334096342723585,-6.72298313305515
0,1800,0.847,-9.13006657838211,2.335899508666222,-11.465966087048331,-6.794167069715888
0,1800,0.848,-9.232084776197002,2.3664705995135136,-11.598555375710516,-6.865614176683488
0,1800,0.849,-9.334595424055959,2.3972701894080424,-11.731865613464,-6.937325234647917
0,1800,0.85,-9.437599614680856,2.428298600259714,-11.86589821494057,-7.009301014421142
0,1800,0.851,-9.541098440793604,2.459556163491261,-12.000654604284865,-7.0815422773023435
0,1800,0.852,-9.645092995116089,2.4910432196883345,-12.136136214804424,-7.1540497754277546
0,1800,0.853,-9.749584370370213,2.522760118264161,-12.272344488634374,-7.226824252106052
0,1800,0.854,-9.854573659277866,2.5547072171380676,-12.409280876415934,-7.299866442139798
0,1800,0.855,-9.96006195456095,2.586884882427312,-12.546946836988262,-7.373177072133639
0,1800,0.856,-10.066050348941353,2.619293488151537,-12.68534383709289,-7.446756860789816
0,1800,0.857,-10.172539935140977,2.651933415949378,-12.824473351090354,-7.520606519191599
0,1800,0.858,-10.279531805881708,2.684805054806587,-12.964336860688295,-7.594726751075122
0,1800,0.859,-10.387027053885458,2.7179088007952408,-13.104935854680699,-7.669118253090216
0,1800,0.86,-10.495026771874105,2.7512450568234614,-13.246271828697566,-7.743781715050644
0,1800,0.861,-10.603532052569559,2.7848142323952687,-13.388346284964827,-7.818717820174291
0,1800,0.862,-10.712543988693703,2.8186167433800193,-13.531160732073722,-7.893927245313684
0,1800,0.863,-10.82206367296844,2.8526530117911024,-13.674716684759542,-7.969410661177338
0,1800,0.864,-10.932092198115662,2.8869234655734037,-13.819015663689065,-8.045168732542258
0,1800,0.865,-11.042630656857266,2.921428538399218,-13.964059195256484,-8.121202118458049
0,1800,0.866,-11.153680141915148,2.956168669472184,-14.109848811387332,-8.197511472442963
0,1800,0.867,-11.265241746011203,2.991144303338941,-14.256386049350144,-8.27409744267226
0,1800,0.868,-11.377316561867323,3.026355889708134,-14.403672451575456,-8.35096067215919
0,1800,0.869,-11.489905682205414,3.0618038832764656,-14.551709565481879,-8.42810179892895
0,1800,0.87,-11.603010199747358,3.0974887435614846,-14.700498943308842,-8.505521456185873
0,1800,0.871,-11.716631207215062,3.133410934740836,-14.850042141955898,-8.583220272474227
0,1800,0.872,-11.830769797330413,3.1695709254976587,-15.000340722828073,-8.661198871832754
0,1800,0.873,-11.945427062815313,3.2059691888719195,-15.151396251687231,-8.739457873943394
0,1800,0.874,-12.060604096391646,3.242606202117375,-15.303210298509022,-8.81799789427427
0,1800,0.875,-12.17630199078133,3.279482446563979,-15.455784437345308,-8.896819544217351
0,1800,0.876,-12.292521838706232,3.316598407485439,-15.609120246191672,-8.975923431220792
0,1800,0.877,-12.409264732888271,3.353954573971788,-15.763219306860059,-9.055310158916484
0,1800,0.878,-12.526531766049327,3.3915514388066654,-15.918083204855993,-9.134980327242662
0,1800,0.879,-12.644324030911308,3.429389498349201,-16.07371352926051,-9.214934532562108
0,1800,0.88,-12.762642620196097,3.4674692524202393,-16.230111872616337,-9.295173367775858
0,1800,0.881,-12.881488626625599,3.5057912041927755,-16.387279830818375,-9.375697422432824
0,1800,0.882,-13.000863142921705,3.544355860086388,-16.545219003008093,-9.456507282835318
0,1800,0.883,-13.120767261806316,3.5831637296655363,-16.703930991471854,-9.53760353214078
0,1800,0.884,-13.241202076001315,3.622215325541542,-16.863417401542858,-9.618986750459772
0,1800,0.885,-13.362168678228612,3.6615111632781248,-17.023679841506738,-9.700657514950487
0,1800,0.886,-13.483668161210094,3.7010517613003135,-17.184719922510407,-9.78261639990978
0,1800,0.887,-13.60570161766766,3.7408376408066477,-17.34653925847431,-9.864863976861013
0,1800,0.888,-13.7282701403232,3.7808693256844776,-17.509139466007678,-9.947400814638723
0,1800,0.889,-13.851374821898617,3.821147342428294,-17.67252216432691,-10.030227479470323
0,1800,0.89,-13.975016755115803,3.8616722200609237,-17.836688975176727,-10.113344535054878
0,1800,0.891,-14.099197032696651,3.902444490057503,-18.001641522754156,-10.196752542639148
0,1800,0.892,-14.22391674736306,3.9434646862720983,-18.167381433635157,-10.280452061090962
0,1800,0.893,-14.349176991836927,3.9847333448669016,-18.33391033670383,-10.364443646970026
0,1800,0.894,-14.47497885884014,4.026251004243846,-18.501229863083985,-10.448727854596294
0,1800,0.895,-14.601323441094607,4.068018204978625,-18.66934164607323,-10.533305236115982
0,1800,0.896,-14.728211831322207,4.1100354897569185,-18.838247321079127,-10.618176341565288
0,1800,0.897,-14.855645122244852,4.1523034033128585,-19.00794852555771,-10.703341718931993
0,1800,0.898,-14.983624406584427,4.194822492369533,-19.17844689895396,-10.788801914214893
0,1800,0.899,-15.11215077706283,4.23759330558154,-19.34974408264437,-10.874557471481289
0,1800,0.9,-15.241225326401954,4.280616393479457,-19.52184171988141,-10.960608932922497
10,1500,0.1,-5.298741633092627,2.8205976092633076,-8.119339242355935,-2.4781440238293193
10,1500,0.101,-5.209715714180131,2.793036495882384,-8.002752210062514,-2.4166792182977472
10,1500,0.10200000000000001,-5.12108703683924,2.7656327326832533,-7.886719769522493,-2.355454304155987
10,1500,0.10300000000000001,-5.032854972819415,2.7383859795713725,-7.771240952390787,-2.294468993248042
10,1500,0.10400000000000001,-4.945018893870085,2.7112958974869383,-7.656314791357023,-2.2337229963831464
10,1500,0.10500000000000001,-4.8575781717407125,2.684362148434575,-7.5419403201752875,-2.1732160233061375
10,1500,0.10600000000000001,-4.7705321781807335,2.657584395514026,-7.428116573694759,-2.1129477826667076
10,1500,0.10700000000000001,-4.683880284939603,2.6309623029518963,-7.3148425878914995,-2.0529179819877066
10,1500,0.10800000000000001,-4.597621863766765,2.6044955361344644,-7.20211739990123,-1.9931263276323006
10,1500,0.10900000000000001,-4.511756286411666,2.578183761641641,-7.0899400480533075,-1.933572524770025
10,1500,0.11,-4.426282924623749,2.552026647282074,-6.978309571905823,-1.8742562773416749
10,1500,0.111,-4.341201150152468,2.5260238621294935,-6.867225012281962,-1.8151772880229746
10,1500,0.112,-4.256510334747265,2.5001750765602995,-6.756685411307565,-1.7563352581869656
10,1500,0.113,-4.172209850157589,2.474479962292487,-6.646689812450076,-1.6977298878651021
10,1500,0.114,-4.088299068132882,2.448938192425918,-6.5372372605588,-1.6393608757069638
10,1500,0.115,-4.004777360422601,2.4235494414840306,-6.428326801906632,-1.5812279189385703
10,1500,0.116,-3.9216440987761825,2.398313385457022,-6.319957484233205,-1.5233307133191603
10,1500,0.117,-3.8388986549430832,2.3732297018465696,-6.212128356789653,-1.4656689530965137
10,1500,0.11800000000000001,-3.756540400672737,2.3482980697121554,-6.104838470384893,-1.4082423309605816
10,1500,0.11900000000000001,-3.674568707714606,2.323518169719064,-5.9980868774336695,-1.3510505379955418
10,1500,0.12000000000000001,-3.5929829478181254,2.2988896841881092,-5.891872632006235,-1.2940932636300162
10,1500,0.12100000000000001,-3.511782492732749,2.2744122971471685,-5.786194789879918,-1.2373701955855805
10,1500,0.122,-3.4309667142079157,2.250085694384603,-5.681052408592519,-1.1808810198233126
10,1500,0.123,-3.3505349839930805,2.2259095635046395,-5.5764445474977204,-1.124625420488441
10,1500,0.124,-3.2704866738376843,2.2018835939847876,-5.4723702678224715,-1.0686030798528967
10,1500,0.125,-3.1908211554911823,2.178007477235394,-5.368828632726576,-1.0128136782557884
10,1500,0.126,-3.1115378007030117,2.1542809066614,-5.265818707364412,-0.9572568940416115
10,1500,0.127,-3.032635981222624,2.1307035777264307,-5.163339558949055,-0.9019324034961933
10,1500,0.128,-2.9541150687994673,2.107275188019269,-5.061390256818736,-0.8468398807801982
10,1500,0.129,-2.875974435182986,2.0839954373228617,-4.959969872505848,-0.7919789978601242
10,1500,0.13,-2.798213452122626,2.0608640276859322,-4.859077479808558,-0.7373494244366938
10,1500,0.131,-2.7208314913678393,2.0378806634973285,-4.758712154865168,-0.6829508278705108
10,1500,0.132,-2.6438279246680683,2.015045051563219,-4.658872976231287,-0.6287828731048495
10,1500,0.133,-2.5672021237727645,1.9923569011872633,-4.559559024960028,-0.5748452225855012
10,1500,0.134,-2.490953460431369,1.9698159242538802,-4.460769384685249,-0.5211375361774886
10,1500,0.135,-2.415081306393331,1.947421835314759,-4.36250314170809,-0.467659471078572
10,1500,0.136,-2.3395850334080937,1.9251743516787383,-4.2647593850868315,-0.41441068172935536
10,1500,0.137,-2.264464013225112,1.9030731935052299,-4.167537206730342,-0.3613908197198821
10,1500,0.138,-2.189717617593825,1.8811180839013029,-4.0708357014951275,-0.308599533692522
10,1500,0.139,-2.1153452182636876,1.8593087490226345,-3.974653967286322,-0.25603646924105306
10,1500,0.14,-2.0413461869841374,1.8376449181784609,-3.8789911051625983,-0.20370126880567652
10,1500,0.14100000000000001,-1.9677198955046311,1.8161263239407408,-3.7838462194453717,-0.1515935715638903
10,1500,0.14200000000000002,-1.8944657155746043,1.7947527022576821,-3.6892184178322864,-0.09971301331692217
10,1500,0.14300000000000002,-1.8215830189435138,1.7735237925718745,-3.5951068115153886,-0.048059226371639285
10,1500,0.14400000000000002,-1.7490711773608023,1.7524393379431837,-3.501510515303986,0.00336816058238143
10,1500,0.14500000000000002,-1.6769295625759213,1.7314990851766732,-3.4084286477525945,0.054569522600751874
10,1500,0.14600000000000002,-1.6051575463383045,1.7107027849557321,-3.3158603312940365,0.1055452386174276
10,1500,0.14700000000000002,-1.533754500397416,1.6900501919807007,-3.223804692378117,0.1562956915832847
10,1500,0.14800000000000002,-1.4627197965026895,1.669541065113184,-3.1322608616158734,0.20682126861049444
10,1500,0.14900000000000002,-1.39205280640358,1.6491751675263715,-3.0412279739299515,0.2571223611227915
10,1500,0.15000000000000002,-1.3217529018495267,1.628952266861592,-2.9507051687111185,0.30719936501206524
10,1500,0.15100000000000002,-1.2518194545899863,1.6088721353914255,-2.860691589981412,0.35705268080143915
10,1500,0.15200000000000002,-1.1822518363743946,1.5889345501896461,-2.7711863865640405,0.40668271381525156
10,1500,0.153,-1.11304941895221,1.5691392933083401,-2.68218871226055,0.45608987435613013
10,1500,0.154,-1.04421157407287,1.5494861519624974,-2.5936977260353675,0.5052745778896275
10,1500,0.155,-0.9757376734858276,1.5299749187224674,-2.505712592208295,0.5542372452366398
10,1500,0.156,-0.907627088940524,1.5106053917145925,-2.4182324806551163,0.6029783027740685
10,1500,0.157,-0.8398791921864106,1.4913773748304513,-2.3312565670168617,0.6514981826440407
10,1500,0.158,-0.7724933549729336,1.4722906779450768,-2.2447840329180107,0.6997973229721433
10,1500,0.159,-0.7054689490495409,1.4533451171445861,-2.158814066194127,0.7478761680950452
10,1500,0.16,-0.6388053461656735,1.4345405149636512,-2.073345861129325,0.7957351687979777
10,1500,0.161,-0.5725019180707829,1.4158767006332893,-1.9883786187040722,0.8433747825625064
10,1500,0.162,-0.5065580365143187,1.3973535103394266,-1.9039115468537453,0.8907954738251078
10,1500,0.163,-0.440973073245722,1.3789707874927712,-1.8199438607384932,0.9379977142470493
10,1500,0.164,-0.37574640001444237,1.360728383010496,-1.7364747830249383,0.9849819829960536
10,1500,0.165,-0.31087738856992964,1.3426261556103083,-1.653503544180238,1.0317487670403787
10,1500,0.166,-0.24636541066162465,1.3246639721174591,-1.5710293827790838,1.0782985614558345
10,1500,0.167,-0.18220983803897717,1.306841707785325,-1.489051545824302,1.1246318697463478
10,1500,0.168,-0.11841004245143338,1.2891592466301594,-1.4075692890815927,1.170749204178726
10,1500,0.169,-0.05496539564844127,1.2716164817807059,-1.3265818774291471,1.2166510861322646
10,1500,0.17,0.008124730620552967,1.254213315843332,-1.246088585222779,1.262338046463885
10,1500,0.171,0.07086096460609959,1.23694966128342,-1.1660886966773205,1.3078106258895197
10,1500,0.17200000000000001,0.13324393455875594,1.2198254408237446,-1.0865815062649886,1.3530693753825005
10,1500,0.173,0.1952742687290705,1.2028405878606319,-1.0075663191315614,1.3981148565897024
10,1500,0.174,0.2569525953676006,1.1859950468986777,-0.9290424515310771,1.4429476422662784
10,1500,0.175,0.31827954272489833,1.169288774004906,-0.8510092312800077,1.4875683167298044
10,1500,0.176,0.3792557390515192,1.1527217372831842,-0.773465998231665,1.5319774763347034
10,1500,0.177,0.43988181259801173,1.1362939173698425,-0.6964121047718308,1.5761757299678543
10,1500,0.178,0.500158391614935,1.1200053079513936,-0.6198469163364586,1.6201636995663287
10,1500,0.179,0.5600861043528305,1.103855916305332,-0.5437698119525016,1.6639420206581625
10,1500,0.18,0.619665579062266,1.087845763864987,-0.46818018480272094,1.707511342927253
10,1500,0.181,0.6788974439937849,1.0719748868094607,-0.3930774428156758,1.7508723308032457
10,1500,0.182,0.7377823273979462,1.0562433366796733,-0.31846100928172705,1.7940256640776195
10,1500,0.183,0.7963208575252931,1.0406511810215937,-0.24433032349630057,1.8369720385468868
10,1500,0.184,0.8545136626263918,1.0251985040577254,-0.17068484143133356,1.8797121666841172
10,1500,0.185,0.9123613709517855,1.0098854073879568,-0.09752403643617136,1.9222467783397423
10,1500,0.186,0.9698646107520332,0.9947120107208697,-0.024847399968836448,1.964576621472903
10,1500,0.187,1.027024010277687,0.9796784526366328,0.0473455576410543,2.00670246291432
10,1500,0.188,1.0838401977792955,0.9647848913825726,0.1190553063967229,2.048625089161868
10,1500,0.189,1.1403138015074177,0.9500315057025345,0.1902822958048832,2.0903453072099523
10,1500,0.19,1.196445449712602,0.9354184957010977,0.26102695401150433,2.1318639454137
10,1500,0.191,1.2522357706454041,0.9209460837436987,0.33128968690170546,2.173181854389103
10,1500,0.192,1.307685392556376,0.9066145153936446,0.4010708771627315,2.2142999079500205
10,1500,0.193,1.3627949436960751,0.8924240603869634,0.4703708833091117,2.2552190040830387
10,1500,0.194,1.4175650523150498,0.8783750136459321,0.5391900386691177,2.295940065960982
10,1500,0.195,1.4719963466638522,0.8644676963320361,0.607528650331816,2.336464042995888
10,1500,0.196,1.5260894549930413,0.8507024569389713,0.67538699805407,2.3767919119320124
10,1500,0.197,1.579845005553162,0.837079672426164,0.7427653331269981,2.416924677979326
10,1500,0.198,1.6332636265947738,0.8235997493930648,0.809663877201709,2.4568633759878384
10,1500,0.199,1.6863459463684283,0.8102631252942771,0.8760828210741511,2.4966090716627054
10,1500,0.2,1.7390925931246812,0.7970702696952859,0.9420223234293953,2.536162862819967
10,1500,0.201,1.7915041951140758,0.7840216855682497,1.007482509545826,2.5755258806823256
10,1500,0.202,1.8435813805871781,0.7711179106269357,1.0724634699602424,2.614699291214114
10,1500,0.203,1.8953247777945368,0.7583595186994592,1.1369652590950776,2.6536842964939957
10,1500,0.20400000000000001,1.9467350149867002,0.7457471211369558,1.2009878938497445,2.692482136123656
10,1500,0.20500000000000002,1.9978127204142258,0.7332813682557684,1.2645313521584574,2.731094088669994
10,1500,0.20600000000000002,2.0485585223276654,0.7209629508100237,1.3275955715176417,2.769521473137689
10,1500,0.20700000000000002,2.0989730489775713,0.7087926014907429,1.3901804474868285,2.807765650468314
10,1500,0.20800000000000002,2.149056928614497,0.6967710964467124,1.4522858321677847,2.8458280250612096
10,1500,0.20900000000000002,2.1988107894889986,0.6848992568213904,1.513911532667608,2.883710046310389
10,1500,0.21000000000000002,2.2482352598516275,0.6731779502989479,1.5750573095526796,2.9214132101505754
10,1500,0.21100000000000002,2.2973309679529343,0.6616080926513167,1.6357228753016178,2.958939060604251
10,1500,0.21200000000000002,2.3460985420434763,0.6501906492766298,1.6959078927668465,2.9962891913201064
10,1500,0.21300000000000002,2.3945386103738002,0.6389266367178941,1.7556119736559062,3.0334652470916943
10,1500,0.21400000000000002,2.4426518011944687,0.627817124148878,1.8148346770455905,3.070468925343347
10,1500,0.21500000000000002,2.490438742756025,0.6168632348122676,1.8735755079437573,3.1073019775682926
10,1500,0.21600000000000003,2.537900063309033,0.606066147392884,1.9318339159161493,3.143966210701917
10,1500,0.21700000000000003,2.5850363911040333,0.5954270973063793,1.989609293797654,3.1804634884104126
10,1500,0.21800000000000003,2.631848354391588,0.5849473778811227,2.0469009765104653,3.2167957322727103
10,1500,0.21900000000000003,2.678336581422247,0.5746283414081412,2.1037082400141056,3.2529649228303885
10,1500,0.22,2.724501700446563,0.5644714000308005,2.1600303004157624,3.2889731004773637
10,1500,0.221,2.770344339715092,0.5544780264425789,2.2158663132725134,3.324822366157671
10,1500,0.222,2.815865127478382,0.5446497543576786,2.2712153731207034,3.360514881836061
10,1500,0.223,2.8610646919869946,0.5349881787154206,2.326076513271574,3.396052870702415
10,1500,0.224,2.9059436614914773,0.5254949555754241,2.380448705916053,3.4314386170669016
10,1500,0.225,2.9505026642423813,0.5161718016564435,2.434330862585938,3.4666744658988247
10,1500,0.226,2.994742328490263,0.5070204934676051,2.4877218350226578,3.5017628219578683
10,1500,0.227,3.0386632824856736,0.4980428659766003,2.540620416509073,3.536706148462274
10,1500,0.228,3.082266154479168,0.4892408107553641,2.593025343723804,3.5715069652345317
10,1500,0.229,3.1255515727212977,0.4806162735399324,2.6449352991813653,3.60616784626123
10,1500,0.23,3.168520165462618,0.4721712511377409,2.696348914324877,3.6406914166003586
10,1500,0.231,3.211172560953682,0.4639077876127303,2.7472647733409516,3.6750803485664125
10,1500,0.232,3.253509387445038,0.45582796967650746,2.7976814177685307,3.7093373571215453
10,1500,0.233,3.2955312731872457,0.44793392121266246,2.847597351974583,3.743465194399908
10,1500,0.234,3.337238846430852,0.44022779686150876,2.897011049569343,3.7774666432923607
10,1500,0.23500000000000001,3.378632735426418,0.4327117745941646,2.9459209608322534,3.8113445100205827
10,1500,0.23600000000000002,3.4197135684244877,0.42538804720849827,2.9943255212159894,3.845101615632986
10,1500,0.23700000000000002,3.4604819736756225,0.4182588126851858,3.042223160990437,3.878740786360808
10,1500,0.23800000000000002,3.5009385794303673,0.41132626335046335,3.089612316079904,3.912264842780831
10,1500,0.23900000000000002,3.541084013939283,0.4045925738032696,3.1364914401360138,3.9456765877425526
10,1500,0.24000000000000002,3.5809189054529176,0.3980598875788016,3.182859017874116,3.978978793031719
10,1500,0.24100000000000002,3.6204438822218252,0.39173030253814095,3.228713579683684,4.012174184759966
10,1500,0.24200000000000002,3.65965957249656,0.3856058549948502,3.27405371750171,4.04526542749141
10,1500,0.24300000000000002,3.6985666045276755,0.3796885026141989,3.3188781019134765,4.0782551071418744
10,1500,0.24400000000000002,3.737165606565722,0.37398010614898597,3.363185500416736,4.111145712714708
10,1500,0.245,3.7754572068612555,0.3684824101074247,3.406974796753831,4.14393961696868
10,1500,0.246,3.8134420336648294,0.3631970224828593,3.4502450111819702,4.176639056147689
10,1500,0.247,3.8511207152269975,0.35812539371144037,3.492995321515557,4.209246108938438
10,1500,0.248,3.8884938797983075,0.3532687950614574,3.53522508473685,4.241762674859765
10,1500,0.249,3.9255621556293185,0.3486282966955743,3.576933858933744,4.274190452324893
10,1500,0.25,3.962326170970579,0.3442047456834474,3.6181214252871317,4.306530916654026
10,1500,0.251,3.998786554072648,0.33999874427548915,3.658787809797159,4.338785298348137
10,1500,0.252,4.03494393318607,0.3360106287772469,3.698933304408823,4.370954561963317
10,1500,0.253,4.070798936561409,0.3322404493861909,3.7385584871752178,4.4030393859476
10,1500,0.254,4.106352192449208,0.32868795136699275,3.777664241082215,4.435040143816201
10,1500,0.255,4.141604329100026,0.3253525579460259,3.8162517711540005,4.466956887046052
10,1500,0.256,4.176555974764415,0.3222333552995855,3.85432261946483,4.498789330064001
10,1500,0.257,4.211207757692926,0.3193290799922705,3.8918786777006558,4.530536837685196
10,1500,0.258,4.245560306136115,0.31663810919172786,3.928922196944387,4.562198415327843
10,1500,0.259,4.279614248344533,0.3141584539436608,3.965455794400872,4.593772702288193
10,1500,0.26,4.313370212568734,0.31188775573747807,4.001482456831256,4.6252579683062125
10,1500,0.261,4.346828827059271,0.3098232865296,4.037005540529671,4.656652113588871
10,1500,0.262,4.379990720066699,0.3079619523202932,4.0720287677464055,4.687952672386992
10,1500,0.263,4.4128565198415695,0.30630030030345196,4.106556219538118,4.719156820145021
10,1500,0.264,4.445426854634434,0.3048345295299095,4.1405923251045245,4.750261384164343
10,1500,0.265,4.4777023526958475,0.30356050494669734,4.1741418477491505,4.781262857642544
10,1500,0.266,4.509683642276362,0.30247377460029756,4.207209867676064,4.812157416876659
10,1500,0.267,4.541371351626534,0.30156958972427056,4.239801761902263,4.842940941350805
10,1500,0.268,4.57276610899691,0.3008429273732565,4.271923181623653,4.8736090363701665
10,1500,0.269,4.603868542638052,0.300288515218297,4.3035800274197555,4.904157057856349
10,1500,0.27,4.634679280800502,0.29990085808416755,4.334778422716335,4.9345801388846695
10,1500,0.271,4.665198951734826,0.2996742657886798,4.365524685946147,4.964873217523506
10,1500,0.272,4.695428183691568,0.2996028818368211,4.395825301854747,4.99503106552839
10,1500,0.273,4.725367604921283,0.29968071252854367,4.42568689239274,5.025048317449826
10,1500,0.274,4.755017843674524,0.2999016560568776,4.455116187617646,5.054919499731401
10,1500,0.275,4.784379528201847,0.30025953120121585,4.484119997000631,5.084639059403063
10,1500,0.276,4.813453286753802,0.30074810525722206,4.51270518149658,5.114201392011024
10,1500,0.277,4.842239747580942,0.3013611208877205,4.540878626693222,5.1436008684686625
10,1500,0.278,4.870739538933824,0.30209232162604793,4.568647217307777,5.172831860559872
10,1500,0.279,4.898953289062997,0.30293547581259433,4.596017813250403,5.201888764875592
10,1500,0.28,4.926881626219014,0.30388439879475754,4.622997227424257,5.2307660250137715
10,1500,0.281,4.954525178652433,0.304932973268655,4.649592205383778,5.259458151921088
10,1500,0.28200000000000003,4.981884574613799,0.30607516768629345,4.675809406927506,5.287959742300092
10,1500,0.28300000000000003,5.008960442353674,0.30730505269348984,4.701655389660184,5.316265495047164
10,1500,0.28400000000000003,5.035753410122605,0.30861681560088905,4.727136594521716,5.344370225723494
10,1500,0.28500000000000003,5.062264106171148,0.31000477292252804,4.75225933324862,5.372268879093676
10,1500,0.28600000000000003,5.0884931587498565,0.31146338104334204,4.777029777706515,5.399956539793198
10,1500,0.28700000000000003,5.114441196109282,0.31298724509883724,4.801453951010445,5.427428441208119
10,1500,0.28800000000000003,5.140108846499975,0.3145711261670803,4.825537720332894,5.454679972667055
10,1500,0.28900000000000003,5.165496738172495,0.3162099468855157,4.849286791286979,5.48170668505801
10,1500,0.29000000000000004,5.190605499377391,0.3178987956133481,4.872706703764043,5.508504294990739
10,1500,0.29100000000000004,5.215435758365215,0.3196329292648187,4.895802829100397,5.535068687630034
10,1500,0.29200000000000004,5.239988143386524,0.3214077749401683,4.918580368446356,5.561395918326693
10,1500,0.29300000000000004,5.264263282691868,0.3232189304799336,4.941044352211934,5.587482213171802
10,1500,0.29400000000000004,5.288261804531802,0.32506216406495086,4.9631996404668515,5.613323968596753
10,1500,0.29500000000000004,5.311984337156879,0.3269334129795211,4.985050924177358,5.6389177501364
10,1500,0.29600000000000004,5.33543150881765,0.32882878164901613,5.006602727168634,5.664260290466666
10,1500,0.29700000000000004,5.358603947764671,0.3307445390561562,5.027859408708514,5.689348486820827
10,1500,0.29800000000000004,5.3815022822484915,0.3326771156325814,5.04882516661591,5.714179397881073
10,1500,0.29900000000000004,5.40412714051967,0.33462309971443466,5.069504040805235,5.738750240234104
10,1500,0.30000000000000004,5.426479150828753,0.33657923364269343,5.0898999171860595,5.763058384471446
10,1500,0.30100000000000005,5.448558941426301,0.33854240958111004,5.110016531845191,5.7871013510074105
10,1500,0.30200000000000005,5.470367140562861,0.3405096651169754,5.129857475445886,5.810876805679837
10,1500,0.30300000000000005,5.491904376488989,0.34247817870262387,5.149426197786365,5.834382555191613
10,1500,0.30400000000000005,5.513171277455237,0.3444452649886983,5.168726012466539,5.857616542443935
10,1500,0.30500000000000005,5.534168471712159,0.3464083700937657,5.187760101618394,5.880576841805925
10,1500,0.30600000000000005,5.554896587510307,0.3483650668489304,5.206531520661377,5.9032616543592376
10,1500,0.30700000000000005,5.575356253100236,0.35031305005064184,5.225043203049594,5.925669303150878
10,1500,0.30800000000000005,5.595548096732497,0.35225013174993836,5.243297964982558,5.947798228482435
10,1500,0.309,5.615472746657645,0.35417423660190445,5.26129851005574,5.969646983259549
10,1500,0.31,5.635130831126231,0.35608339729510824,5.279047433831123,5.991214228421339
10,1500,0.311,5.654522978388812,0.3579757500772197,5.296547228311592,6.012498728466031
10,1500,0.312,5.673649816695935,0.3598495303898502,5.313800286306085,6.033499347085785
10,1500,0.313,5.69251197429816,0.3617030686228834,5.330808905675276,6.054215042921044
10,1500,0.314,5.711110079446035,0.3635347859961317,5.3475752934499035,6.074644865442167
10,1500,0.315,5.729444760390116,0.36534319057404974,5.364101569816066,6.094787950964166
10,1500,0.316,5.747516645380954,0.3671268734174145,5.380389771963539,6.114643518798369
10,1500,0.317,5.765326362669104,0.36888450487432034,5.396441857794783,6.134210867543424
10,1500,0.318,5.782874540505116,0.3706148310115099,5.412259709493606,6.153489371516626
10,1500,0.319,5.800161807139547,0.37231667018593895,5.427845136953608,6.172478477325487
10,1500,0.32,5.81718879082295,0.3739889097555378,5.443199881067413,6.191177700578487
10,1500,0.321,5.833956119805874,0.37563050292735173,5.458325616878523,6.209586622733226
10,1500,0.322,5.850464422338877,0.3772404657406083,5.473223956598269,6.227704888079486
10,1500,0.323,5.866714326672509,0.3788178741817448,5.487896452490764,6.245532200854253
10,1500,0.324,5.882706461057323,0.38036186142802914,5.502344599629294,6.263068322485352
10,1500,0.325,5.8984414537438745,0.3818716152160884,5.516569838527786,6.280313068959963
10,1500,0.326,5.913919932982714,0.3833463753314296,5.530573557651285,6.297266308314144
10,1500,0.327,5.929142527024398,0.3847854312148693,5.544357095809529,6.313927958239267
10,1500,0.328,5.944109864119474,0.38618811968168676,5.557921744437787,6.33029798380116
10,1500,0.329,5.958822572518501,0.387553822749251,5.571268749769249,6.346376395267752
10,1500,0.33,5.9732812804720306,0.38888196556885596,5.584399314903175,6.362163246040886
10,1500,0.331,5.987486616230614,0.39017201445751903,5.597314601773094,6.377658630688133
10,1500,0.332,6.001439208044804,0.39142347502553976,5.610015733019265,6.392862683070343
10,1500,0.333,6.015139684165157,0.3926358903956807,5.622503793769476,6.407775574560838
10,1500,0.334,6.028588672842224,0.3938088395099271,5.6347798333322965,6.422397512352151
10,1500,0.335,6.041786802326557,0.3949419355198751,5.646844866806682,6.436728737846432
10,1500,0.336,6.054734700868714,0.3960348242569145,5.6586998766117995,6.4507695251256285
10,1500,0.337,6.067432996719241,0.3970871827784949,5.670345813940746,6.464520179497735
10,1500,0.338,6.079882318128696,0.39809871798688495,5.681783600141811,6.477981036115581
10,1500,0.339,6.092083293347631,0.3990691653169727,5.693014128030659,6.491152458664604
10,1500,0.33999999999999997,6.104036550626597,0.3999982874897833,5.704038263136813,6.50403483811638
10,1500,0.34099999999999997,6.115742718216152,0.4008858733285289,5.714856844887623,6.5166285915446815
10,1500,0.34199999999999997,6.127202424366846,0.401731736634134,5.725470687732712,6.52893416100098
10,1500,0.34299999999999997,6.138416297329231,0.40253571511732106,5.73588058221191,6.540952012446552
10,1500,0.344,6.149384965353862,0.40329766938446293,5.746087295969399,6.552682634738325
10,1500,0.345,6.160109056691292,0.4040174819745445,5.756091574716748,6.564126538665836
10,1500,0.346,6.170589199592072,0.404695056444696,5.765894143147376,6.575284256036769
10,1500,0.347,6.180826022306759,0.4053303165018858,5.7754957058048735,6.586156338808644
10,1500,0.348,6.1908201530859035,0.405923205178477,5.784896947907426,6.596743358264381
10,1500,0.349,6.20057222018006,0.40647368404946616,5.794098536130594,6.607045904229526
10,1500,0.35,6.210082851839779,0.40698173248932973,5.803101119350449,6.617064584329109
10,1500,0.351,6.219352676315617,0.40744734696651774,5.8119053293490985,6.626800023282135
10,1500,0.352,6.228382321858124,0.40787054037372367,5.8205117814844005,6.6362528622318475
10,1500,0.353,6.237172416717855,0.40825134139216757,5.828921075325687,6.645423758110023
10,1500,0.354,6.2457235891453635,0.4085897938882149,5.837133795257149,6.654313383033578
10,1500,0.355,6.254036467391201,0.4088859563407464,5.845150511050454,6.662922423731947
10,1500,0.356,6.262111679705922,0.4091399012977792,5.8529717784081425,6.671251581003701
10,1500,0.357,6.26994985434008,0.4093517148609155,5.860598139479165,6.679301569200995
10,1500,0.358,6.2775516195442265,0.4095214961962791,5.868030123347947,6.687073115740506
10,1500,0.359,6.284917603568914,0.4096493570706685,5.875268246498246,6.694566960639582
10,1500,0.36,6.292048434664698,0.4097354214117271,5.882313013252971,6.701783856076426
10,1500,0.361,6.29894474108213,0.40977982489099435,5.889164916191136,6.7087245659731245
10,1500,0.362,6.305607151071765,0.4097827145287719,5.895824436542993,6.715389865600537
10,1500,0.363,6.312036292884154,0.4097442483197889,5.902292044564366,6.721780541203943
10,1500,0.364,6.318232794769852,0.4096645948787169,5.908568199891135,6.727897389648569
10,1500,0.365,6.324197284979411,0.4095439331046317,5.914653351874779,6.733741218084043
10,1500,0.366,6.329930391763384,0.4093824518635742,5.9205479398998095,6.739312843626958
10,1500,0.367,6.335432743372324,0.40918034968841316,5.92625239368391,6.744613093060737
10,1500,0.368,6.340704968056784,0.4089378344952516,5.931767133561532,6.749642802552035
10,1500,0.369,6.345747694067318,0.4086551233156723,5.937092570751646,6.7544028173829895
10,1500,0.37,6.350561549654478,0.4083324420441503,5.942229107610328,6.758893991698629
10,1500,0.371,6.355147163068819,0.4079700252000078,5.947177137868811,6.7631171882688275
10,1500,0.372,6.359505162560892,0.4075681157033178,5.951937046857575,6.76707327826421
10,1500,0.373,6.363636176381253,0.40712696466420456,5.956509211717049,6.770763141045458
10,1500,0.374,6.367540832780453,0.4066468311850158,5.960894001595436,6.774187663965469
10,1500,0.375,6.371219760009044,0.40612798217488333,5.965091777834161,6.777347742183927
10,1500,0.376,6.374673586317581,0.4055706921762099,5.969102894141371,6.78024427849379
10,1500,0.377,6.377902939956616,0.4049752432026557,5.972927696753961,6.782878183159272
10,1500,0.378,6.380908449176704,0.40434192458822293,5.976566524588481,6.785250373764926
10,1500,0.379,6.383690742228396,0.40367103284706474,5.980019709381331,6.7873617750754605
10,1500,0.38,6.3862504473622455,0.4029628715436689,5.983287575818577,6.789213318905914
10,1500,0.381,6.388588192828807,0.40221775117309183,5.986370441655715,6.790805944001899
10,1500,0.382,6.390704606878634,0.40143598905093997,5.989268617827694,6.792140595929574
10,1500,0.383,6.392600317762275,0.40061790921282003,5.991982408549455,6.793218226975095
10,1500,0.384,6.39427595373029,0.39976384232299833,5.994512111407292,6.794039796053288
10,1500,0.385,6.395732143033226,0.3988741255920299,5.996858017441196,6.794606268625256
10,1500,0.386,6.39696951392164,0.39794910270313816,5.999020411218502,6.794918616624778
10,1500,0.387,6.397988694646083,0.3969891237471438,6.000999570898939,6.794977818393226
10,1500,0.388,6.398790313457109,0.39599454516575977,6.0027957682913495,6.794784858622869
10,1500,0.389,6.399374998605273,0.39496572970308413,6.004409268902189,6.794340728308357
10,1500,0.39,6.3997433783411255,0.39390304636514156,6.005840331975984,6.793646424706267
10,1500,0.391,6.399896080915219,0.39280687038733797,6.007089210527882,6.792702951302557
10,1500,0.392,6.399833734578109,0.39167758320970925,6.008156151368399,6.791511317787818
10,1500,0.393,6.399556967580347,0.39051557245985635,6.009041395120491,6.790072540040203
10,1500,0.394,6.399066408172486,0.38932123194347773,6.009745176229009,6.788387640115964
10,1500,0.395,6.398362684605082,0.388094961642419,6.010267722962663,6.7864576462475
10,1500,0.396,6.397446425128685,0.3868371677201747,6.01060925740851,6.784283592848859
10,1500,0.397,6.396318257993849,0.3855482625347891,6.01076999545906,6.781866520528639
10,1500,0.398,6.394978811451127,0.3842286646591142,6.010750146792013,6.7792074761102405
10,1500,0.399,6.393428713751073,0.3828787989083959,6.010549914842676,6.776307512659469
10,1500,0.4,6.391668593144238,0.3814990963751673,6.010169496769071,6.773167689519405
10,1500,0.401,6.389699077881179,0.38008999447144376,6.009609083409735,6.769789072352623
10,1500,0.402,6.387520796212445,0.3786519369782164,6.008868859234228,6.766172733190661
10,1500,0.403,6.38513437638859,0.37718537410226033,6.00794900228633,6.7623197504908505
10,1500,0.404,6.38254044666017,0.3756907625402729,6.006849684119897,6.758231209200443
10,1500,0.405,6.379739635277736,0.3741685655503743,6.005571069727361,6.753908200828111
10,1500,0.406,6.37673257049184,0.37261925303100346,6.0041133174608365,6.749351823522844
10,1500,0.40700000000000003,6.373519880553037,0.37104330160725696,6.00247657894578,6.744563182160293
10,1500,0.40800000000000003,6.37010219371188,0.3694411947247197,6.0006609989871595,6.7395433884366
10,1500,0.40900000000000003,6.366480138218921,0.3678134227508464,5.998666715468074,6.734293560969768
10,1500,0.41000000000000003,6.3626543423247135,0.3661604830839554,5.996493859240758,6.728814825408669
10,1500,0.41100000000000003,6.358625434279811,0.3644828802699042,5.994142554009907,6.723108314549715
10,1500,0.41200000000000003,6.354394042334766,0.36278112612652086,5.991612916208245,6.717175168461287
10,1500,0.41300000000000003,6.349960794740133,0.3610557398758624,5.98890505486427,6.711016534615995
10,1500,0.41400000000000003,6.345326319746464,0.35930724828438476,5.98601907146208,6.704633568030848
10,1500,0.41500000000000004,6.340491245604312,0.3575361858110988,5.9829550597932135,6.698027431415411
10,1500,0.41600000000000004,6.335456200564231,0.3557430947637976,5.979713105800434,6.691199295328028
10,1500,0.41700000000000004,6.330221812876774,0.3539285254634317,5.976293287413342,6.684150338340205
10,1500,0.41800000000000004,6.324788710792493,0.3520930364167102,5.972695674375783,6.676881747209204
10,1500,0.41900000000000004,6.319157522561941,0.35023719449700386,5.968920328064937,6.669394717058945
10,1500,0.42000000000000004,6.313328876435673,0.34836157513361815,5.964967301302055,6.6616904515692905
10,1500,0.42100000000000004,6.3073034006642406,0.3464667625094976,5.960836638154743,6.653770163173738
10,1500,0.42200000000000004,6.301081723498199,0.3445533497674167,5.956528373730782,6.645635073265616
10,1500,0.42300000000000004,6.294664473188098,0.34262193922469875,5.952042533963398,6.637286412412797
10,1500,0.42400000000000004,6.288052277984493,0.3406731425964926,5.947379135388,6.628725420580985
10,1500,0.42500000000000004,6.281245766137937,0.3387075812276196,5.942538184910318,6.6199533473655565
10,1500,0.42600000000000005,6.274245565898982,0.3367258863329868,5.9375196795659955,6.610971452231969
10,1500,0.42700000000000005,6.267052305518182,0.3347286992465373,5.932323606271645,6.601781004764719
10,1500,0.42800000000000005,6.2596666132460905,0.3327166716786883,5.926949941567402,6.592383284924779
10,1500,0.42900000000000005,6.252089117333259,0.330690465982171,5.921398651351089,6.58277958331543
10,1500,0.43000000000000005,6.244320446030243,0.3286507554261617,5.915669690604082,6.572971201456404
10,1500,0.43100000000000005,6.236361227587594,0.3265982244785486,5.909763003109045,6.562959452066142
10,1500,0.43200000000000005,6.228212090255865,0.3245335690961418,5.903678521159724,6.552745659352007
10,1500,0.43300000000000005,6.21987366228561,0.322457497022582,5.897416165263028,6.542331159308192
10,1500,0.43400000000000005,6.211346571927382,0.32037072809365125,5.89097584383373,6.531717300021033
10,1500,0.43500000000000005,6.202631447431733,0.31827399454963073,5.884357452882102,6.5209054419813635
10,1500,0.43600000000000005,6.193728917049217,0.31616804135428106,5.877560875694936,6.509896958403498
10,1500,0.43700000000000006,6.184639609030388,0.31405362651994756,5.87058598251044,6.498693235550335
10,1500,0.43800000000000006,6.175364151625798,0.3119315214382117,5.863432630187587,6.4872956730640094
10,1500,0.43900000000000006,6.165903173086,0.309802511215418,5.856100661870582,6.475705684301418
10,1500,0.44000000000000006,6.156257301661547,0.30766739501230694,5.848589906649241,6.463924696673854
10,1500,0.44100000000000006,6.146427165602994,0.30552698638687376,5.84090017921612,6.4519541519898675
10,1500,0.44200000000000006,6.1364133931608915,0.30338211363945494,5.833031279521436,6.439795506800347
10,1500,0.44300000000000006,6.126216612585794,0.30123362015891125,5.824982992426882,6.427450232744706
10,1500,0.44400000000000006,6.115837452128254,0.29908236476863576,5.816755087359618,6.41491981689689
10,1500,0.44500000000000006,6.105276540038826,0.2969292220709573,5.808347317967868,6.402205762109784
10,1500,0.44600000000000006,6.0945345045680615,0.2947750827883458,5.799759421779716,6.389309587356407
10,1500,0.44700000000000006,6.083611973966516,0.29262085409964234,5.790991119866874,6.376232828066158
10,1500,0.44800000000000006,6.072509576484739,0.29046745996934165,5.782042116515398,6.3629770364540805
10,1500,0.44900000000000007,6.061227940373286,0.28831584146774697,5.772912098905539,6.3495437818410325
10,1500,0.45000000000000007,6.0497676938827105,0.28616695707959233,5.763600736803118,6.335934650962303
10,1500,0.45100000000000007,6.038129465263564,0.2840217829984877,5.754107682265077,6.322151248262052
10,1500,0.45199999999999996,6.026313882766402,0.2818813134042923,5.74443256936211,6.308195196170694
10,1500,0.45299999999999996,6.014321574641776,0.2797465607202484,5.7345750139215275,6.294068135362024
10,1500,0.45399999999999996,6.002153169140238,0.27761855584643363,5.724534613293804,6.279771724986671
10,1500,0.45499999999999996,5.989809294512342,0.27549834836578535,5.714310946146556,6.265307642878128
10,1500,0.45599999999999996,5.977290579008641,0.2733870067186515,5.703903572289989,6.250677585727293
10,1500,0.45699999999999996,5.964597650879691,0.2712856183415003,5.6933120325381905,6.235883269221191
10,1500,0.45799999999999996,5.951731138376041,0.26919528976509466,5.6825358486109465,6.220926428141135
10,1500,0.45899999999999996,5.938691669748246,0.2671171466671054,5.671574523081141,6.205808816415351
10,1500,0.45999999999999996,5.925479873246858,0.2650523338737978,5.66042753937306,6.190532207120656
10,1500,0.46099999999999997,5.912096377122433,0.2630020153050934,5.6490943618173395,6.175098392427526
10,1500,0.46199999999999997,5.898541809625521,0.26096737385697333,5.637574435768547,6.159509183482495
10,1500,0.46299999999999997,5.884816799006677,0.25894961121486876,5.625867187791808,6.143766410221545
10,1500,0.46399999999999997,5.870921973516452,0.2569499475913754,5.613972025925077,6.127871921107828
10,1500,0.46499999999999997,5.856857961405403,0.2549696213813456,5.6018883400240576,6.1118275827867485
10,1500,0.46599999999999997,5.842625390924079,0.25300988872715197,5.589615502196927,6.095635279651231
10,1500,0.46699999999999997,5.828224890323035,0.25107202298670406,5.5771528673363315,6.079296913309739
10,1500,0.46799999999999997,5.813657087852824,0.24915731409662245,5.564499773756201,6.0628144019494465
10,1500,0.469,5.798922611764,0.24726706782286817,5.5516555439411315,6.046189679586868
10,1500,0.47,5.784022090307114,0.24540260489107643,5.538619485416038,6.02942469519819
10,1500,0.471,5.768956151732721,0.24356525998888337,5.525390891743838,6.012521411721604
10,1500,0.472,5.753725424291373,0.24175638063266333,5.511969043658709,5.995481804924037
10,1500,0.473,5.738330536233624,0.2399773258913297,5.4983532103422945,5.978307862124954
10,1500,0.474,5.722772115810026,0.23822946496021005,5.484542650849816,5.961001580770237
10,1500,0.475,5.707050791271134,0.23651417557849233,5.470536615692641,5.943564966849626
10,1500,0.476,5.691167190867499,0.2348328422843744,5.456334348583124,5.926000033151873
10,1500,0.477,5.675121942849675,0.2331868545028391,5.441935088346836,5.908308797352514
10,1500,0.478,5.658915675468216,0.23157760446193915,5.427338071006277,5.890493279930155
10,1500,0.479,5.642549016973674,0.23000648493460937,5.4125425320390645,5.872555501908283
10,1500,0.48,5.626022595616602,0.22847488680434858,5.397547708812254,5.854497482420951
10,1500,0.481,5.609337039647554,0.22698419645461906,5.382352843192935,5.836321236102172
10,1500,0.482,5.592492977317083,0.22553579298350962,5.3669571843335735,5.818028770300593
10,1500,0.483,5.575491036875742,0.2241310452470873,5.351359991628654,5.79962208212283
10,1500,0.484,5.558331846574083,0.2227713087369175,5.335560537837165,5.781103155311
10,1500,0.485,5.54101603466266,0.22145792229944716,5.319558112363213,5.762473956962108
10,1500,0.486,5.523544229392027,0.2201922047073002,5.303352024684727,5.743736434099327
10,1500,0.487,5.505917059012736,0.21897545109500205,5.2869416079177345,5.724892510107738
10,1500,0.488,5.4881351517753405,0.21780892927419923,5.270326222501141,5.70594408104954
10,1500,0.489,5.470199135930393,0.2166938759460277,5.253505259984365,5.686893011876421
10,1500,0.49,5.452109639728449,0.21563149283087016,5.2364781468975785,5.667741132559319
10,1500,0.491,5.433867291420058,0.2146229427382688,5.219244348681789,5.648490234158327
10,1500,0.492,5.415472719255775,0.21366934560217934,5.201803373653596,5.629142064857954
10,1500,0.493,5.396926551486154,0.21277177450899523,5.1841547769771585,5.60969832599515
10,1500,0.494,5.378229416361747,0.21193125174778346,5.166298164613964,5.59016066810953
10,1500,0.495,5.3593819421331075,0.21114874491388944,5.148233197219218,5.570530687046997
10,1500,0.496,5.340384757050788,0.21042516309842701,5.129959593952361,5.550809920149215
10,1500,0.497,5.321238489365341,0.20976135319711273,5.1114771361682285,5.530999842562454
10,1500,0.498,5.301943767327323,0.20915809637238417,5.092785670954939,5.511101863699707
10,1500,0.499,5.282501219187283,0.20861610470270822,5.073885114484575,5.491117323889991
10,1500,0.5,5.262911473195777,0.20813601805241289,5.054775455143364,5.471047491248189
10,1500,0.501,5.243175157603356,0.20771840119423654,5.035456756409119,5.450893558797593
10,1500,0.502,5.223292900660574,0.20736374121507964,5.015929159445495,5.430656641875654
10,1500,0.503,5.203265330617986,0.20707244523317056,4.996192885384816,5.410337775851157
10,1500,0.504,5.183093075726143,0.20684483845204393,4.976248237274099,5.389937914178187
10,1500,0.505,5.1627767642355975,0.20668116257341498,4.956095601662183,5.369457926809012
10,1500,0.506,5.142317024396904,0.2065815745872737,4.935735449809631,5.348898598984178
10,1500,0.507,5.121714484460617,0.20654614595338244,4.915168338507235,5.328260630413999
10,1500,0.508,5.100969772677287,0.2065748621839245,4.894394910493363,5.307544634861211
10,1500,0.509,5.080083517297467,0.20666762283240728,4.87341589446506,5.286751140129875
10,1500,0.51,5.059056346571712,0.20682424188916854,4.852232104682543,5.26588058846088
10,1500,0.511,5.037888888750574,0.2070444485790712,4.830844440171503,5.244933337329646
10,1500,0.512,5.016581772084606,0.20732788855229978,4.809253883532307,5.223909660636906
10,1500,0.513,4.995135624824363,0.2076741254546903,4.787461499369673,5.202809750279053
10,1500,0.514,4.973551075220396,0.20808264285982375,4.765468432360572,5.18163371808022
10,1500,0.515,4.951828751523259,0.20855284654128023,4.743275904981979,5.1603815980645384
10,1500,0.516,4.929969281983504,0.2090840670600491,4.720885214923455,5.139053349043553
10,1500,0.517,4.907973294851685,0.20967556263918513,4.698297732212501,5.11764885749087
10,1500,0.518,4.885841418378356,0.2103265222954286,4.675514896082928,5.0961679406737845
10,1500,0.519,4.8635742808140705,0.21103606919569823,4.652538211618372,5.074610350009769
10,1500,0.52,4.841172510409379,0.21180326420512977,4.6293692462042495,5.0529757746145085
10,1500,0.521,4.818636735414835,0.21262710959266284,4.606009625822173,5.031263845007498
10,1500,0.522,4.795967584080994,0.21350655286006376,4.58246103122093,5.0094741369410585
10,1500,0.523,4.773165684658409,0.21444049066066703,4.558725193997741,4.987606175319076
10,1500,0.524,4.750231665397631,0.2154277727749996,4.534803892622631,4.96565943817263
10,1500,0.525,4.727166154549213,0.21646720611175088,4.510698948437462,4.9436333606609635
10,1500,0.526,4.7039697803637095,0.2175575587042255,4.486412221659484,4.921527339067935
10,1500,0.527,4.680643171091673,0.2186975636743958,4.461945607417277,4.899340734766069
10,1500,0.528,4.657186954983659,0.21988592313889654,4.437301031844762,4.877072878122555
10,1500,0.529,4.633601760290217,0.22112131203371568,4.412480448256502,4.8547230723239325
10,1500,0.53,4.609888215261901,0.22240238183686573,4.3874858334250355,4.832290597098767
10,1500,0.531,4.586046948149266,0.2237277641709192,4.3623191839783475,4.809774712320185
10,1500,0.532,4.562078587202864,0.22509607426990255,4.336982512932961,4.787174661472767
10,1500,0.533,4.537983760673248,0.22650591429762024,4.311477846375627,4.764489674970868
10,1500,0.534,4.51376309681097,0.2279558765069826,4.285807220303988,4.741718973317952
10,1500,0.535,4.489417223866585,0.22944454623230517,4.25997267763428,4.718861770098891
10,1500,0.536,4.464946770090647,0.2309705047088026,4.233976265381844,4.6959172747994495
10,1500,0.537,4.440352363733705,0.23253233171559734,4.207820032018108,4.672884695449302
10,1500,0.538,4.415634633046316,0.23412860804048846,4.181506025005827,4.649763241086804
10,1500,0.539,4.390794206279032,0.23575791776646174,4.15503628851257,4.626552124045493
10,1500,0.54,4.3658317116824055,0.23741885038147484,4.128412861300931,4.60325056206388
10,1500,0.541,4.34074777750699,0.23911000271440927,4.1016377747925805,4.579857780221399
10,1500,0.542,4.3155430320033386,0.24082998070125541,4.0747130513020835,4.556373012704594
10,1500,0.543,4.290218103422005,0.24257740098658828,4.047640702435416,4.532795504408593
10,1500,0.544,4.264773620013542,0.24435089236621493,4.020422727647327,4.509124512379756
10,1500,0.545,4.239210210028502,0.2461490970775325,3.9930611129509694,4.485359307106035
10,1500,0.546,4.213528501717438,0.24797067194464828,3.96555782977279,4.461499173662086
10,1500,0.547,4.187729123330905,0.2498142893856891,3.9379148339452157,4.437543412716594
10,1500,0.548,4.1618127031194545,0.25167863828997666,3.910134064829478,4.413491341409431
10,1500,0.549,4.13577986933364,0.2535624247728924,3.8822174445607476,4.389342294106532
10,1500,0.55,4.109631250224014,0.25546437281629797,3.8541668774077165,4.365095623040312
10,1500,0.551,4.083367474041132,0.25738322480234377,3.825984249238788,4.340750698843475
10,1500,0.552,4.0569891690355435,0.259317741948389,3.7976714270871543,4.316306910983933
10,1500,0.553,4.030496963457805,0.26126670465058704,3.769230258807218,4.291763668108392
10,1500,0.554,4.0038914855584675,0.2632289127434763,3.7406625728149914,4.267120398301944
10,1500,0.555,3.977173363588085,0.26520318568265633,3.7119701779054286,4.242376549270741
10,1500,0.556,3.9503432257972113,0.2671883626573436,3.6831548631398676,4.217531588454555
10,1500,0.557,3.9234017004363975,0.2691833026392899,3.6542183977971074,4.1925850030756875
10,1500,0.558,3.8963494157561978,0.2711868843742182,3.6251625313819797,4.167536300130416
10,1500,0.559,3.8691870000071655,0.27319800632159474,3.595988993685571,4.142385006328761
10,1500,0.56,3.8419150814398537,0.27521558654821504,3.5666994948916386,4.117130667988069
10,1500,0.561,3.814534288304816,0.2772385625807344,3.5372957257240816,4.09177285088555
10,1500,0.562,3.7870452488526047,0.2792658912219397,3.507779357630665,4.066311140074545
10,1500,0.5630000000000001,3.759448591333773,0.2812965483352211,3.478152042998552,4.040745139668994
10,1500,0.5640000000000001,3.7317449439988737,0.2833295286013817,3.448415415397492,4.015074472600255
10,1500,0.5650000000000001,3.703934935098461,0.28536384525160474,3.418571089846856,3.989298780350066
10,1500,0.5660000000000001,3.6760191928830883,0.2873985297801027,3.3886206631029854,3.9634177226631913
10,1500,0.5670000000000001,3.6479983456033067,0.28943263163967925,3.3585657139636274,3.937430977242986
10,1500,0.5680000000000001,3.6198730215096706,0.29146521792316443,3.328407803586506,3.911338239432835
10,1500,0.5690000000000001,3.591643848852734,0.2934953730334231,3.2981484758193105,3.885139221886157
10,1500,0.5700000000000001,3.5633114558830483,0.2955221983443944,3.267789257538654,3.8588336542274426
10,1500,0.5710000000000001,3.5348764708511675,0.2975448118553896,3.237331658995778,3.832421282706557
10,1500,0.5720000000000001,3.5063395220076443,0.29956234784066194,3.2067771741669824,3.8059018698483063
10,1500,0.5730000000000001,3.477701237603033,0.3015739564960633,3.17612728110697,3.779275194099096
10,1500,0.5740000000000001,3.4489622458878855,0.30357880358441786,3.1453834423034674,3.7525410494723035
10,1500,0.5750000000000001,3.4201231751127548,0.3055760700810705,3.114547105031684,3.7256992451938253
10,1500,0.5760000000000001,3.3911846535281946,0.3075649518209091,3.0836197017072857,3.6987496053491036
10,1500,0.5770000000000001,3.3621473093847585,0.30954465914801615,3.0526026502367425,3.6716919685327745
10,1500,0.5780000000000001,3.333011770932999,0.31151441656897066,3.0214973543640284,3.64452618750197
10,1500,0.5790000000000001,3.3037786664234687,0.3134734624106977,2.990305204012771,3.6172521288341666
10,1500,0.58,3.2744486241067254,0.3154210484836532,2.959027575623072,3.5898696725903787
10,1500,0.581,3.245022272233314,0.3173564397510304,2.9276658324822837,3.5623787119843446
10,1500,0.582,3.2155002390537923,0.31927891400457764,2.896221325049215,3.53477915305837
10,1500,0.583,3.185883152818713,0.3211877615475417,2.8646953912711712,3.5070709143662544
10,1500,0.584,3.156171641778629,0.3230822848851681,2.8330893568934608,3.479253926663797
10,1500,0.585,3.1263663341840933,0.32496179842312567,2.801404535760968,3.4513281326072187
10,1500,0.586,3.096467858285659,0.3268256281741613,2.769642230111498,3.42329348645982
10,1500,0.587,3.06647684233388,0.32867311147323697,2.737803730860643,3.3951499538071173
10,1500,0.588,3.0363939145793095,0.33050359670135243,2.705890317877957,3.366897511280662
10,1500,0.589,3.006219703272499,0.3323164430182128,2.6739032602542863,3.338536146290712
10,1500,0.59,2.9759548366640027,0.33411102010386606,2.6418438165601366,3.310065856767869
10,1500,0.591,2.945599943004374,0.3358867079093984,2.6097132350949757,3.281486650913773
10,1500,0.592,2.9151556505441665,0.3376428964167492,2.5775127541274174,3.2527985469609155
10,1500,0.593,2.884622587533931,0.33937898540768113,2.54524360212625,3.2240015729416123
10,1500,0.594,2.854001382224223,0.34109438424191924,2.512906997982304,3.1950957664661424
10,1500,0.595,2.8232926628655943,0.34278851164445756,2.4805041512211368,3.166081174510052
10,1500,0.596,2.7924970577085997,0.34446079550201086,2.448036262206589,3.1369578532106104
10,1500,0.597,2.76161519500379,0.34611067266858225,2.415504522335208,3.107725867672372
10,1500,0.598,2.7306477030017198,0.3477375887801049,2.3829101142216147,3.078385291781825
10,1500,0.599,2.6995952099529417,0.3493409980781071,2.3502542118748346,3.0489362080310487
10,1500,0.6,2.66845834410801,0.35092036324234616,2.3175379808656635,3.019378707350356
10,1500,0.601,2.6372377337174755,0.35247515523235284,2.2847625784851227,2.9897128889498283
10,1500,0.602,2.6059340070318933,0.3540048531378214,2.2519291538940718,2.9599388601697147
10,1500,0.603,2.574547792301815,0.3555089440377871,2.219038848264028,2.930056736339602
10,1500,0.604,2.543079717777796,0.35698692286852707,2.186092794909269,2.900066640646323
10,1500,0.605,2.511530411710387,0.35843829230012414,2.153092119410263,2.8699687040105113
10,1500,0.606,2.4799005023501426,0.3598625626216395,2.120037939728503,2.839763064971782
10,1500,0.607,2.4481906179476156,0.3612592516348401,2.0869313663127755,2.8094498695824557
10,1500,0.608,2.416401386753359,0.36262788455643324,2.053773502196926,2.7790292713097924
10,1500,0.609,2.384533437017925,0.3639679939287699,2.020565443089155,2.7485014309466953
10,1500,0.61,2.352587396991869,0.36527911953897935,1.9873082774528896,2.717866516530848
10,1500,0.611,2.3205638949257423,0.3665608083465117,1.9540030865792306,2.687124703272254
10,1500,0.612,2.288463559070099,0.36781261441907054,1.9206509446510283,2.6562761734891693
10,1500,0.613,2.256287017675491,0.3690340988769251,1.8872529187985656,2.6253211165524157
10,1500,0.614,2.2240348989924716,0.37022482984560784,1.8538100691468637,2.5942597288380793
10,1500,0.615,2.1917078312715956,0.3713843824170056,1.82032344885459,2.563092213688601
10,1500,0.616,2.1593064427634143,0.37251233861887284,1.7867941041445414,2.531818781382287
10,1500,0.617,2.1268313617184824,0.37360828739279806,1.7532230743256845,2.5004396491112804
10,1500,0.618,2.094283216387351,0.3746718245806765,1.7196113918066747,2.4689550409680274
10,1500,0.619,2.061662635020576,0.3757025529197474,1.6859600821008285,2.437365187940323
10,1500,0.62,2.028970245868707,0.37670008204627453,1.6522701638224324,2.4056703279149816
10,1500,0.621,1.9962066771822997,0.37766402850795755,1.6185426486743422,2.3738707056902575
10,1500,0.622,1.9633725572119065,0.37859401578518265,1.584778541426724,2.341966572997089
10,1500,0.623,1.930468514208081,0.37948967432123104,1.55097883988685,2.309958188529312
10,1500,0.624,1.8974951764213759,0.38035064156158704,1.517144534859789,2.277845817982963
10,1500,0.625,1.864453172102344,0.38117656200249794,1.4832766100998462,2.245629734104842
10,1500,0.626,1.8313431295015388,0.3819670872489608,1.4493760422525779,2.2133102167504997
10,1500,0.627,1.7981656768695136,0.38272187608233027,1.4154438007871832,2.1808875529518437
10,1500,0.628,1.7649214424568214,0.38344059453775803,1.3814808479190632,2.1483620369945795
10,1500,0.629,1.7316110545140146,0.3841229159916981,1.3474881385223165,2.1157339705057128
10,1500,0.63,1.6982351412916472,0.38476852125973215,1.3134666200319152,2.0830036625513793
10,1500,0.631,1.6647943310402724,0.38537709870499487,1.2794172323352775,2.050171429745267
10,1500,0.632,1.6312892520104423,0.38594834435749764,1.2453409076529447,2.01723759636794
10,1500,0.633,1.5977205324527117,0.3864819620446797,1.211238570408032,1.9842024944973915
10,1500,0.634,1.5640888006176321,0.38697766353353696,1.1771111370840952,1.951066464151169
10,1500,0.635,1.530394684755757,0.38743516868471056,1.1429595160710464,1.9178298534404676
10,1500,0.636,1.4966388131176405,0.3878542056189405,1.1087846074987,1.884493018736581
10,1500,0.637,1.4628218139538351,0.38823451089632816,1.074587303057507,1.8510563248501632
10,1500,0.638,1.4289443155148933,0.388575829708871,1.0403684858060223,1.8175201452237644
10,1500,0.639,1.3950069460513697,0.38887791608677963,1.00612902996459,1.7838848621381493
10,1500,0.64,1.3610103338138149,0.3891405331191123,0.9718698006947026,1.750150866932927
10,1500,0.641,1.3269551070527845,0.38936345318930177,0.9375916538634828,1.7163185602420863
10,1500,0.642,1.2928418940188309,0.3895464582261918,0.903295435792639,1.6823883522450227
10,1500,0.643,1.2586713229625062,0.38968933997123417,0.8689819829912719,1.6483606629337404
10,1500,0.644,1.2244440221343664,0.38979190026254723,0.8346521218718193,1.6142359223969136
10,1500,0.645,1.1901606197849608,0.38985395133657763,0.8003066684483832,1.5800145711215383
10,1500,0.646,1.1558217441648446,0.38987531614815446,0.7659464280166901,1.5456970603129991
10,1500,0.647,1.121428023524571,0.38985582870977986,0.7315721948147912,1.5112838522343508
10,1500,0.648,1.0869800861146928,0.38979533445104697,0.6971847516636458,1.4767754205657397
10,1500,0.649,1.0524785601857622,0.38969369059913495,0.6627848695866273,1.442172250784897
10,1500,0.65,1.0179240739883346,0.38955076658139,0.6283733074069446,1.4074748405697246
10,1500,0.651,0.983317255772961,0.3893664444510611,0.5939508113218999,1.3726837002240222
10,1500,0.652,0.9486587337901962,0.3891406193373256,0.5595181144528706,1.3377993531275219
10,1500,0.653,0.9139491362905909,0.3888731999208084,0.5250759363697826,1.3028223362113993
10,1500,0.654,0.8791890915247009,0.3885641089358681,0.4906249825888328,1.267753200460569
10,1500,0.655,0.8443792277430782,0.3882132837010046,0.45616594404207356,1.2325925114440828
10,1500,0.656,0.8095201731962756,0.3878206766788153,0.42169949651746025,1.1973408498750908
10,1500,0.657,0.7746125561348458,0.3873862560670175,0.3872263000678283,1.1619988122018632
10,1500,0.658,0.7396570048093436,0.3869100064221364,0.3527469983872072,1.12656701123148
10,1500,0.659,0.7046541474703205,0.38639192931755817,0.31826221815276234,1.0910460767878787
10,1500,0.66,0.6696046123683306,0.38583204403773336,0.2837725683305972,1.055436656406064
10,1500,0.661,0.6345090277539267,0.3852303883104279,0.24927863944349882,1.0197394160643545
10,1500,0.662,0.5993680218776625,0.38458701907901766,0.21478100279864482,0.9839550409566802
10,1500,0.663,0.5641822229900899,0.38390201331693485,0.18028020967315506,0.9480842363070248
10,1500,0.664,0.5289522593417628,0.3831754688864908,0.14577679045527203,0.9121277282282536
10,1500,0.665,0.4936787591832339,0.38240750544441515,0.11127125373881874,0.876086264627649
10,1500,0.666,0.45836235076505694,0.3815982653965809,0.07676408536847601,0.8399606161616379
10,1500,0.667,0.42300366233778486,0.3807479149045077,0.04225574743327715,0.8037515772422925
10,1500,0.668,0.387603322151971,0.3798566449463695,0.007746677205601515,0.7674599670983405
10,1500,0.669,0.3521619584581672,0.37892467243537054,-0.026762713977203312,0.7310866308935378
10,1500,0.67,0.3166801995069277,0.3779522413984886,-0.06127204189156088,0.6946324409054163
10,1500,0.671,0.2811586735488065,0.3769396242187288,-0.09578095066992226,0.6580982977675354
10,1500,0.672,0.2455980088343548,0.3758871229441729,-0.13028911410981814,0.6214851317785277
10,1500,0.673,0.20999883361412763,0.3747950706672533,-0.16479623705312568,0.584793904281381
10,1500,0.674,0.17436177613867576,0.37366383297782474,-0.19930205683914898,0.5480256091165006
10,1500,0.675,0.1386874646585532,0.37249380949374755,-0.23380634483519436,0.5111812741523007
10,1500,0.676,0.10297652742431507,0.3712854354728362,-0.26830890804852114,0.4742619628971513
10,1500,0.6769999999999999,0.06722959268651696,0.37003918351015835,-0.3028095908236414,0.4372687761966753
10,1500,0.6779999999999999,0.0314472886957029,0.36875556532479287,-0.33730827662908996,0.40020285402049577
10,1500,0.6789999999999999,-0.004369756297569305,0.36743513364027364,-0.37180488993784294,0.36306537734270433
10,1500,0.6799999999999999,-0.04022091404274497,0.3660784841630384,-0.40629939820578337,0.3258575701202934
10,1500,0.6809999999999999,-0.07610555628927163,0.36468625766329144,-0.44079181395256306,0.2885807013740198
10,1500,0.6819999999999999,-0.11202305478659769,0.3632591421627383,-0.475282196949336,0.2512360873761406
10,1500,0.6829999999999999,-0.1479727812841698,0.36179787523368556,-0.5097706565178554,0.21382509394951577
10,1500,0.6839999999999999,-0.1839541075314317,0.3603032464139945,-0.5442573539454263,0.17634913888256282
10,1500,0.6849999999999999,-0.21996640527783362,0.3587760997423283,-0.578742505020162,0.1388096944644947
10,1500,0.6859999999999999,-0.2560090462728226,0.3572173364180325,-0.613226382690855,0.10120829014520988
10,1500,0.6869999999999999,-0.2920814022658431,0.35562791758984075,-0.6477093198556838,0.06354651532399763
10,1500,0.688,-0.328182845006344,0.35400886727736475,-0.6821917122837087,0.025826022271020765
10,1500,0.689,-0.3643127462437701,0.3523612754290154,-0.7166740216727855,-0.011951470814754672
10,1500,0.69,-0.40047047772757116,0.3506863011196065,-0.7511567788471777,-0.049784176607964636
10,1500,0.691,-0.4366554112071923,0.34898517589036193,-0.7856405870975542,-0.08767023531683038
10,1500,0.692,-0.47286691843207884,0.3472592072334147,-0.8201261256654935,-0.12560771119866415
10,1500,0.693,-0.5091043711516801,0.34550978222207857,-0.8546141533737586,-0.1635945889296015
10,1500,0.694,-0.5453671411154437,0.34373837128721385,-0.8891055124026576,-0.20162876982822986
10,1500,0.695,-0.5816546000728136,0.3419465321388525,-0.9236011322116661,-0.23970806793396104
10,1500,0.696,-0.6179661197732385,0.3401359138308659,-0.9581020336041044,-0.27783020594237257
10,1500,0.697,-0.6543010719661653,0.33830826096483746,-0.9926093329310027,-0.3159928110013278
10,1500,0.698,-0.6906588284010398,0.33646541802740054,-1.0271242464284402,-0.3541934103736392
10,1500,0.699,-0.7270387608273103,0.33460933385309427,-1.0616480946804046,-0.39242942697421607
10,1500,0.7,-0.7634402409944219,0.3327420662022439,-1.0961823071966657,-0.430698174792178
10,1500,0.701,-0.7998626406518219,0.33086578644044246,-1.1307284270922644,-0.46899685421137943
10,1500,0.702,-0.836305331548961,0.3289827843028846,-1.1652881158518456,-0.5073225472460765
10,1500,0.703,-0.8727676854352788,0.3270954727230284,-1.1998631581583072,-0.5456722127122504
10,1500,0.704,-0.9092490740602295,0.3252063927008152,-1.2344554667610446,-0.5840426813594143
10,1500,0.705,-0.9457488691732547,0.3233182181809281,-1.2690670873541827,-0.6224306509923266
10,1500,0.706,-0.9822664425238052,0.32143376090630915,-1.3037002034301144,-0.6608326816174961
10,1500,0.707,-1.018801165861324,0.31955597520634615,-1.3383571410676702,-0.6992451906549779
10,1500,0.708,-1.0553524109352606,0.31768796267280064,-1.3730403736080612,-0.7376644482624599
10,1500,0.709,-1.0919195494950604,0.3158329766696808,-1.4077525261647412,-0.7760865728253796
10,1500,0.71,-1.1285019532901739,0.3139944266158998,-1.4424963799060737,-0.8145075266742741
10,1500,0.711,-1.1650989940700414,0.31217588197175133,-1.4772748760417926,-0.8529231120982901
10,1500,0.712,-1.201710043584117,0.3103810758520604,-1.5120911194361775,-0.8913289677320566
10,1500,0.713,-1.2383344735818422,0.30861390818045503,-1.5469483817622973,-0.9297205654013871
10,1500,0.714,-1.2749716558126662,0.30687844829067956,-1.5818501041033457,-0.9680932075219867
10,1500,0.715,-1.311620962026034,0.30517893687245734,-1.6167998988984913,-1.0064420251535766
10,1500,0.716,-1.3482817639713964,0.30351978715133293,-1.6518015511227293,-1.0447619768200636
10,1500,0.717,-1.3849534333981959,0.3019055851844955,-1.6868590185826915,-1.0830478482137003
10,1500,0.718,-1.4216353420558838,0.3003410891481435,-1.7219764312040273,-1.1212942529077403
10,1500,0.719,-1.4583268616939011,0.29883122748692037,-1.7571580891808214,-1.1594956342069809
10,1500,0.72,-1.4950273640617011,0.29738109579278177,-1.792408459854483,-1.1976462682689193
10,1500,0.721,-1.5317362209087255,0.29599595227986886,-1.8277321731885943,-1.2357402686288568
10,1500,0.722,-1.568452803984424,0.29468121172408873,-1.8631340157085128,-1.2737715922603354
10,1500,0.723,-1.6051764850382422,0.2934424377417268,-1.898618922779969,-1.3117340472965153
10,1500,0.724,-1.6419066358196286,0.2922853332910774,-1.9341919691107061,-1.349621302528551
10,1500,0.725,-1.6786426280780269,0.2912157292953216,-1.9698583573733486,-1.3874268987827052
10,1500,0.726,-1.7153838335628886,0.2902395713041477,-2.0056234048670363,-1.425144262258741
10,1500,0.727,-1.7521296240236564,0.2893629041362576,-2.041492528159914,-1.4627667198873988
10,1500,0.728,-1.7888793712097817,0.2885918544751053,-2.077471225684887,-1.5002875167346763
10,1500,0.729,-1.8256324468707046,0.287932611425953,-2.1135650582966576,-1.5376998354447515
10,1500,0.73,-1.862388222755878,0.2873914050833298,-2.149779627839208,-1.5749968176725482
10,1500,0.731,-1.899146070614746,0.2869744832036519,-2.186120553818398,-1.6121715874110942
10,1500,0.732,-1.935905362196757,0.2866880861272129,-2.2225934483239698,-1.649217276069544
10,1500,0.733,-1.9726654692513548,0.2865384201457191,-2.259203889397074,-1.6861270491056357
10,1500,0.734,-2.009425763527991,0.28653162956444284,-2.2959573930924337,-1.722894133963548
10,1500,0.735,-2.046185616776109,0.2866737677599854,-2.3328593845360945,-1.759511849016124
10,1500,0.736,-2.0829444007451583,0.28697076758346507,-2.3699151683286233,-1.7959736331616933
10,1500,0.737,-2.1197014871845816,0.2874284115023344,-2.407129898686916,-1.8322730756822472
10,1500,0.738,-2.156456247843829,0.28805230190970077,-2.4445085497535297,-1.8684039459341282
10,1500,0.739,-2.1932080544723465,0.2888478320557151,-2.4820558865280615,-1.9043602224166314
10,1500,0.74,-2.229956278819583,0.28982015806936695,-2.51977643688895,-1.9401361207502161
10,1500,0.741,-2.2667002926349813,0.2909741725393216,-2.557674465174303,-1.9757261200956597
10,1500,0.742,-2.303439467667992,0.2923144801082888,-2.5957539477762808,-2.011124987559703
10,1500,0.743,-2.340173175668059,0.2938453755064921,-2.634018551174551,-2.0463278001615666
10,1500,0.744,-2.3769007883846323,0.29557082440657645,-2.6724716127912087,-2.081329963978056
10,1500,0.745,-2.4136216775671553,0.2974944474259181,-2.7111161249930733,-2.1161272301412373
10,1500,0.746,-2.450335214965078,0.29961950753474714,-2.749954722499825,-2.150715707430331
10,1500,0.747,-2.487040772327844,0.30194890105228256,-2.7889896733801263,-2.1850918712755614
10,1500,0.748,-2.523737721404905,0.3044851523312798,-2.8282228737361845,-2.219252569073625
10,1500,0.749,-2.5604254339457033,0.30723041214730507,-2.867655846093008,-2.2531950217983985
10,1500,0.75,-2.597103281699688,0.3101864597261139,-2.907289741425802,-2.2869168219735743
10,1500,0.751,-2.6337706364163043,0.31335470826397355,-2.947125344680278,-2.3204159281523307
10,1500,0.752,-2.6704268698450035,0.3167362137245986,-2.987163083569602,-2.353690656120405
10,1500,0.753,-2.707071353735226,0.320331686634983,-3.027403040370209,-2.386739667100243
10,1500,0.754,-2.743703459836423,0.3241415065526595,-3.0678449663890826,-2.4195619532837638
10,1500,0.755,-2.78032255989804,0.3281657388398951,-3.108488298737935,-2.4521568210581446
10,1500,0.756,-2.816928025669524,0.33240415335651957,-3.1493321790260436,-2.4845238723130048
10,1500,0.757,-2.853519228900322,0.33685624467219655,-3.1903754735725185,-2.516662984228126
10,1500,0.758,-2.8900955413398823,0.3415212534002341,-3.231616794740116,-2.5485742879396485
10,1500,0.759,-2.926656334737649,0.34639818826714996,-3.273054523004799,-2.580258146470499
10,1500,0.76,-2.963200980843072,0.35148584855359344,-3.3146868293966656,-2.6117151322894787
10,1500,0.761,-2.9997288514055938,0.35678284657099435,-3.356511697976588,-2.6429460048345996
10,1500,0.762,-3.0362393181746663,0.36228762987260515,-3.3985269480472713,-2.6739516883020613
10,1500,0.763,-3.072731752899732,0.36799850293549463,-3.4407302558352266,-2.7047332499642374
10,1500,0.764,-3.1092055273302437,0.37391364808984806,-3.4831191754200916,-2.7352918792403957
10,1500,0.765,-3.14566001321564,0.380031145512005,-3.525691158727645,-2.765628867703635
10,1500,0.766,-3.182094582305374,0.3863489921367822,-3.5684435744421563,-2.7957455901685915
10,1500,0.767,-3.218508606348889,0.3928651193816335,-3.6113737257305223,-2.8256434869672553
10,1500,0.768,-3.2549014570956376,0.39957740960939514,-3.6544788667050327,-2.8553240474862425
10,1500,0.769,-3.29127250629506,0.4064837112870962,-3.697756217582156,-2.884788795007964
10,1500,0.77,-3.3276211256966075,0.4135818528253712,-3.7412029785219785,-2.9140392728712365
10,1500,0.771,-3.363946687049722,0.42086965510614543,-3.7848163421558674,-2.9430770319435764
10,1500,0.772,-3.400248562103858,0.42834494272563306,-3.8285935048294912,-2.971903619378225
10,1500,0.773,-3.436526122608453,0.4360055539953223,-3.872531676603775,-3.0005205686131307
10,1500,0.774,-3.472778740312963,0.4438493497558846,-3.9166280900688473,-3.0289293905570784
10,1500,0.775,-3.50900578696683,0.45187422106805547,-3.9608800080348856,-3.0571315658987746
10,1500,0.776,-3.545206634319501,0.4600780958509162,-4.005284730170417,-3.0851285384685845
10,1500,0.777,-3.581380654120424,0.46845894454194303,-4.049839598662367,-3.112921709578481
10,1500,0.778,-3.6175272181190437,0.4770147848551341,-4.094542002974178,-3.1405124332639094
10,1500,0.779,-3.6536456980648104,0.4857436857137203,-4.13938938377853,-3.16790201235109
10,1500,0.78,-3.68973546570717,0.4946437704328339,-4.184379236140003,-3.195091695274336
10,1500,0.781,-3.7257958927955666,0.503713219225248,-4.229509112020814,-3.2220826735703185
10,1500,0.782,-3.7618263510794514,0.5129502711002579,-4.27477662217971,-3.2488760799791936
10,1500,0.783,-3.7978262123082662,0.5223532252220952,-4.320179437530362,-3.275472987086171
10,1500,0.784,-3.8337948482314625,0.5319204417902139,-4.365715290021677,-3.3018744064412484
10,1500,0.785,-3.8697316305984844,0.5416503424994638,-4.411381973097948,-3.3280812880990207
10,1500,0.786,-3.905635931158783,0.5515414106337565,-4.45717734179254,-3.3540945205250265
10,1500,0.787,-3.9415071216617954,0.561592190842391,-4.503099312504187,-3.3799149308194045
10,1500,0.788,-3.9773445738569784,0.5718012886438725,-4.5491458625008505,-3.405543285213106
10,1500,0.789,-4.013147659493775,0.582167369697835,-4.59531502919161,-3.43098028979594
10,1500,0.79,-4.048915750321635,0.5926891588816863,-4.641604909203322,-3.4562265914399486
10,1500,0.791,-4.084648218090003,0.6033654392047713,-4.688013657294774,-3.481282778885231
10,1500,0.792,-4.120344434548322,0.6141950505893333,-4.734539485137655,-3.506149383958989
10,1500,0.793,-4.156003771446044,0.6251768885442192,-4.781180659990263,-3.530826882901825
10,1500,0.794,-4.191625600532616,0.6363099027542664,-4.8279355032868825,-3.5553156977783495
10,1500,0.795,-4.227209293557481,0.6475930956054938,-4.874802389162975,-3.579616197951987
10,1500,0.796,-4.26275422227009,0.6590255206637141,-4.921779742933804,-3.6037287016063755
10,1500,0.797,-4.298259758419886,0.6706062811218445,-4.96886603954173,-3.6276534772980416
10,1500,0.798,-4.333725273756321,0.6823345282291655,-5.016059801985486,-3.6513907455271557
10,1500,0.799,-4.369150140028834,0.6942094597138683,-5.063359599742703,-3.674940680314966
10,1500,0.8,-4.4045337289868804,0.7062303182086077,-5.110764047195488,-3.698303410778273
10,1500,0.801,-4.4398754123799025,0.7183963896872598,-5.158271802067162,-3.721479022692643
10,1500,0.802,-4.475174561957348,0.7307070019198024,-5.205881563877151,-3.744467560037546
10,1500,0.803,-4.510430549468662,0.7431615229510378,-5.2535920724197,-3.7672690265176243
10,1500,0.8039999999999999,-4.545642746663291,0.755759359607893,-5.301402106271184,-3.789883387055398
10,1500,0.8049999999999999,-4.58081052529069,0.7684999560391103,-5.3493104813298,-3.8123105692515793
10,1500,0.8059999999999999,-4.615933257100296,0.7813827922903466,-5.397316049390643,-3.8345504648099493
10,1500,0.8069999999999999,-4.651010313841562,0.7944073829170735,-5.445417696758636,-3.8566029309244882
10,1500,0.8079999999999999,-4.6860410672639325,0.8075732756370007,-5.493614342900933,-3.8784677916269317
10,1500,0.8089999999999999,-4.721024889116853,0.8208800500233091,-5.541904939140162,-3.900144839093544
10,1500,0.8099999999999999,-4.755961151149775,0.8343273162394806,-5.5902884673892554,-3.9216338349102937
10,1500,0.8109999999999999,-4.79084922511214,0.8479147138161962,-5.638763938928337,-3.942934511295944
10,1500,0.8119999999999999,-4.825688482753398,0.8616419104703956,-5.687330393223793,-3.964046572283002
10,1500,0.813,-4.860478295822995,0.8755086009663804,-5.735986896789376,-3.9849696948566145
10,1500,0.814,-4.8952180360703785,0.8895145060185742,-5.784732542088952,-4.005703530051805
10,1500,0.815,-4.9299070752449925,0.9036593712353972,-5.83356644648039,-4.026247704009595
10,1500,0.816,-4.964544785096286,0.9179429661035313,-5.882487751199817,-4.046601818992754
10,1500,0.817,-4.999130537373708,0.9323650830117676,-5.931495620385476,-4.06676545436194
10,1500,0.818,-5.033663703826704,0.9469255363134725,-5.980589240140176,-4.086738167513232
10,1500,0.819,-5.068143656204719,0.9616241614266995,-6.029767817631418,-4.10651949477802
10,1500,0.82,-5.102569766257201,0.9764608139708452,-6.0790305802280455,-4.126108952286356
10,1500,0.821,-5.136941405733598,0.9914353689387674,-6.128376774672366,-4.14550603679483
10,1500,0.822,-5.171257946383356,1.0065477199032062,-6.177805666286563,-4.16471022648015
10,1500,0.823,-5.205518759955921,1.0217977782563707,-6.227316538212292,-4.18372098169955
10,1500,0.824,-5.239723218200741,1.0371854724815055,-6.276908690682246,-4.202537745719235
10,1500,0.825,-5.273870692867262,1.0527107474553068,-6.326581440322569,-4.221159945411955
10,1500,0.826,-5.307960555704933,1.0683735637799974,-6.37633411948493,-4.239586991924936
10,1500,0.827,-5.341992178463199,1.0841738971439612,-6.42616607560716,-4.2578182813192385
10,1500,0.828,-5.375964932891508,1.1001117377097744,-6.476076670601282,-4.275853195181734
10,1500,0.829,-5.409878190739302,1.1161870895285786,-6.52606528026788,-4.293691101210723
10,1500,0.83,-5.443731323756034,1.13239996997968,-6.576131293735714,-4.311331353776354
10,1500,0.831,-5.477523703691151,1.148750409234371,-6.626274112925522,-4.328773294456781
10,1500,0.832,-5.511254702294093,1.1652384497429216,-6.676493152037015,-4.346016252551172
10,1500,0.833,-5.544923691314317,1.181864145743788,-6.7267878370581045,-4.363059545570529
10,1500,0.834,-5.578530042501261,1.1986275627940637,-6.777157605295325,-4.379902479707197
10,1500,0.835,-5.6120731276043765,1.21552877732027,-6.827601904924647,-4.396544350284106
10,1500,0.836,-5.64555231837311,1.2325678761885828,-6.878120194561692,-4.412984442184527
10,1500,0.837,-5.6789669865569055,1.249744956293666,-6.928711942850572,-4.429222030263239
10,1500,0.838,-5.712316503905211,1.267060124165257,-6.979376628070469,-4.445256379739954
10,1500,0.839,-5.745600242167478,1.284513495591754,-7.0301137377592315,-4.461086746575724
10,1500,0.84,-5.778817573093147,1.3021051952600102,-7.080922768353157,-4.476712377833137
10,1500,0.841,-5.811967868431668,1.3198353564106422,-7.13180322484231,-4.492132512021026
10,1500,0.842,-5.845050499932486,1.3377041205081264,-7.182754620440613,-4.50734637942436
10,1500,0.843,-5.878064839345052,1.3557116369250488,-7.233776476270101,-4.522353202420003
10,1500,0.844,-5.911010258418809,1.373858062639838,-7.284868321058648,-4.537152195778971
10,1500,0.845,-5.943886128903207,1.3921435619473987,-7.336029690850606,-4.5517425669558085
10,1500,0.846,-5.976691822547689,1.410568306182048,-7.3872601287297375,-4.566123516365641
10,1500,0.847,-6.009426711101703,1.429132473452204,-7.438559184553907,-4.5802942376494995
10,1500,0.848,-6.042090166314696,1.447836248386284,-7.48992641470098,-4.5942539179284125
10,1500,0.849,-6.07468155993612,1.4666798218893302,-7.54136138182545,-4.60800173804679
10,1500,0.85,-6.107200263715411,1.4856633909098402,-7.592863654625251,-4.621536872805571
10,1500,0.851,-6.139645649402029,1.5047871582163785,-7.644432807618408,-4.63485849118565
10,1500,0.852,-6.17201708874541,1.5240513321834968,-7.696068420928907,-4.647965756561914
10,1500,0.853,-6.204313953495008,1.5434561265865678,-7.747770080081576,-4.66085782690844
10,1500,0.854,-6.236535615400266,1.563001760405104,-7.79953737580537,-4.673533854995162
10,1500,0.855,-6.268681446210628,1.5826884576342124,-7.851369903844841,-4.685992988576416
10,1500,0.856,-6.300750817675549,1.6025164471037785,-7.903267264779328,-4.698234370571771
10,1500,0.857,-6.33274310154447,1.6224859623050831,-7.955229063849553,-4.7102571392393875
10,1500,0.858,-6.364657669566838,1.6425972412244643,-8.007254910791302,-4.722060428342374
10,1500,0.859,-6.396493893492104,1.6628505261837607,-8.059344419675865,-4.733643367308343
10,1500,0.86,-6.428251145069712,1.683246063687191,-8.111497208756903,-4.745005081382521
10,1500,0.861,-6.459928796049109,1.7037841042744257,-8.163712900323535,-4.756144691774683
10,1500,0.862,-6.491526218179741,1.7244649023795273,-8.215991120559268,-4.767061315800214
10,1500,0.863,-6.523042783211054,1.7452887161955541,-8.268331499406608,-4.7777540670155
10,1500,0.864,-6.554477862892497,1.766255807544529,-8.320733670437026,-4.788222055347968
10,1500,0.865,-6.5858308289735215,1.7873664417525736,-8.373197270726095,-4.798464387220948
10,1500,0.866,-6.617101053203562,1.8086208875299565,-8.425721940733519,-4.808480165673606
10,1500,0.867,-6.64828790733208,1.8300194168558601,-8.478307324187941,-4.81826849047622
10,1500,0.868,-6.67939076310851,1.8515623048676453,-8.530953067976156,-4.827828458240865
10,1500,0.869,-6.710408992282308,1.8732498297544304,-8.583658822036739,-4.837159162527877
10,1500,0.87,-6.741341966602914,1.8950822726547867,-8.636424239257702,-4.846259693948127
10,1500,0.871,-6.772189057819779,1.9170599175583907,-8.68924897537817,-4.855129140261388
10,1500,0.872,-6.802949637682349,1.9391830512114363,-8.742132688893784,-4.863766586470913
10,1500,0.873,-6.833623077940071,1.9614519630256797,-8.79507504096575,-4.872171114914391
10,1500,0.874,-6.8642087503423905,1.983866944990925,-8.848075695333316,-4.880341805351465
10,1500,0.875,-6.8947060266387545,2.0064282915908453,-8.9011343182296,-4.888277735047909
10,1500,0.876,-6.925114278578613,2.029136299721953,-8.954250578300567,-4.89597797885666
10,1500,0.877,-6.9554328779114085,2.0519912686156325,-9.007424146527041,-4.9034416092957755
10,1500,0.878,-6.9856611963865936,2.0749934997630657,-9.060654696149658,-4.910667696623528
10,1500,0.879,-7.015798605753606,2.098143296842964,-9.113941902596569,-4.917655308910642
10,1500,0.88,-7.045844477761899,2.1214409656519564,-9.167285443413856,-4.924403512109943
10,1500,0.881,-7.075798184160922,2.1448868140375623,-9.220684998198484,-4.93091137012336
10,1500,0.882,-7.105659096700117,2.168481151833601,-9.274140248533719,-4.937177944866516
10,1500,0.883,-7.13542658712893,2.1922242907979683,-9.3276508779269,-4.943202296330962
10,1500,0.884,-7.165100027196815,2.2161165445526683,-9.381216571749484,-4.948983482644147
10,1500,0.885,-7.194678788653209,2.240158228526019,-9.434837017179229,-4.9545205601271896
10,1500,0.886,-7.224162243247567,2.2643496598969244,-9.488511903144492,-4.959812583350642
10,1500,0.887,-7.253549762729332,2.288691157541155,-9.542240920270487,-4.9648586051881765
10,1500,0.888,-7.28284071884795,2.313183041979531,-9.596023760827482,-4.969657676868419
10,1500,0.889,-7.312034483352871,2.3378256353279525,-9.649860118680824,-4.974208848024919
10,1500,0.89,-7.341130427993542,2.362619261249188,-9.70374968924273,-4.978511166744354
10,1500,0.891,-7.370127924519407,2.387564244906359,-9.757692169425766,-4.9825636796130475
10,1500,0.892,-7.399026344679915,2.4126609129180463,-9.811687257597962,-4.986365431761868
10,1500,0.893,-7.42782506022451,2.4379095933149704,-9.86573465353948,-4.98991546690954
10,1500,0.894,-7.456523442902643,2.4633106154981546,-9.919834058400799,-4.993212827404489
10,1500,0.895,-7.48512086446376,2.488864310198553,-9.973985174662314,-4.996256554265207
10,1500,0.896,-7.513616696657301,2.5145710094380407,-10.028187706095341,-4.99904568721926
10,1500,0.897,-7.5420103112327235,2.540431046491756,-10.08244135772448,-5.001579264740967
10,1500,0.898,-7.570301079939467,2.5664447558517085,-10.136745835791176,-5.003856324087758
10,1500,0.899,-7.598488374526981,2.59261247319163,-10.19110084771861,-5.005875901335351
10,1500,0.9,-7.626571566744715,2.618934535332997,-10.245506102077712,-5.0076370314117185
10,1800,0.1,-6.026113539401974,0.317077377482556,-6.34319091688453,-5.7090361619194185
10,1800,0.101,-5.932517359391689,0.31397909592597295,-6.246496455317661,-5.618538263465716
10,1800,0.10200000000000001,-5.8393693466437675,0.3108985028843434,-6.150267849528111,-5.528470843759424
10,1800,0.10300000000000001,-5.746668617883753,0.3078355601259518,-6.054504178009704,-5.438833057757801
10,1800,0.10400000000000001,-5.654414289837186,0.3047902295354026,-5.959204519372589,-5.3496240603017835
10,1800,0.10500000000000001,-5.562605479229623,0.3017624731169579,-5.864367952346581,-5.2608430061126645
10,1800,0.10600000000000001,-5.471241302786588,0.29875225299798774,-5.769993555784575,-5.1724890497886005
10,1800,0.10700000000000001,-5.380320877233636,0.29575953143253814,-5.6760804086661745,-5.084561345801098
10,1800,0.10800000000000001,-5.289843319296301,0.29278427080501973,-5.58262759010132,-4.997059048491281
10,1800,0.10900000000000001,-5.199807745700138,0.2898264336340254,-5.489634179334163,-4.909981312066113
10,1800,0.11,-5.110213273170679,0.2868859825762763,-5.397099255746955,-4.823327290594403
10,1800,0.111,-5.021059018433471,0.28396288043070794,-5.305021898864179,-4.737096138002763
10,1800,0.112,-4.932344098214054,0.2810570901426953,-5.21340118835675,-4.651287008071359
10,1800,0.113,-4.844067629237978,0.2781685748084288,-5.122236204046407,-4.565899054429549
10,1800,0.114,-4.756228728230774,0.2752972976794412,-5.031526025910215,-4.480931430551332
10,1800,0.115,-4.668826511917995,0.2724432221672969,-4.941269734085292,-4.396383289750698
10,1800,0.116,-4.581860097025183,0.2696063118484454,-4.851466408873629,-4.312253785176738
10,1800,0.117,-4.495328600277876,0.2667865304692498,-4.762115130747126,-4.2285420698086265
10,1800,0.11800000000000001,-4.409231138401619,0.2639838419511933,-4.673214980352812,-4.145247296450426
10,1800,0.11900000000000001,-4.323566828121955,0.26119821039627555,-4.58476503851823,-4.062368617725679
10,1800,0.12000000000000001,-4.238334786164426,0.2584296000926024,-4.496764386257029,-3.9799051860718238
10,1800,0.12100000000000001,-4.153534129254577,0.25567797552017923,-4.409212104774756,-3.897856153734398
10,1800,0.122,-4.069163974117945,0.25294330135691606,-4.3221072754748615,-3.816220672761029
10,1800,0.123,-3.985223437480082,0.2502255424848535,-4.235448979964936,-3.7349978949952285
10,1800,0.124,-3.9017116360665227,0.24752466399661704,-4.14923630006314,-3.6541869720699056
10,1800,0.125,-3.8186276866028166,0.24484063120211205,-4.0634683178049285,-3.5737870554007047
10,1800,0.126,-3.7359707058144984,0.2421734096354662,-3.9781441154499646,-3.4937972961790322
10,1800,0.127,-3.653739810427121,0.23952296506223397,-3.893262775489355,-3.4142168453648867
10,1800,0.128,-3.571934117166215,0.23688926348686948,-3.8088233806530845,-3.3350448536793458
10,1800,0.129,-3.490552742757332,0.23427227116048358,-3.724825013917816,-3.2562804715968485
10,1800,0.13,-3.409594803926012,0.23167195458889436,-3.6412667585149068,-3.1779228493371177
10,1800,0.131,-3.3290594173978025,0.22908828054098493,-3.5581476979387876,-3.0999711368568175
10,1800,0.132,-3.2489456998982362,0.2265212160573814,-3.4754669159556175,-3.022424483840855
10,1800,0.133,-3.1692527681528677,0.2239707284594653,-3.393223496612333,-2.9452820396934025
10,1800,0.134,-3.0899797388872337,0.22143678535873404,-3.311416524245968,-2.8685429535284994
10,1800,0.135,-3.011125728826876,0.21891935466652612,-3.230045083493402,-2.79220637416035
10,1800,0.136,-2.932689854697335,0.21641840460412504,-3.14910825930146,-2.71627145009321
10,1800,0.137,-2.8546712332241597,0.21393390371326118,-3.0686051369374208,-2.6407373295108987
10,1800,0.138,-2.7770689811328886,0.21146582086702578,-2.9885348019999145,-2.5656031602658627
10,1800,0.139,-2.6998822151490707,0.20901412528121935,-2.90889634043029,-2.4908680898678512
10,1800,0.14,-2.6231100519982373,0.20657878652614953,-2.829688838524387,-2.416531265472088
10,1800,0.14100000000000001,-2.5467516084059465,0.20415977453890272,-2.750911382944849,-2.342591833867044
10,1800,0.14200000000000002,-2.4708060010977277,0.20175705963610643,-2.672563060733834,-2.2690489414616213
10,1800,0.14300000000000002,-2.395272346799132,0.19937061252720886,-2.594642959326341,-2.195901734271923
10,1800,0.14400000000000002,-2.320149762235694,0.1970004043282941,-2.517150166563988,-2.1231493579074
10,1800,0.14500000000000002,-2.24543736413297,0.19464640657646265,-2.4400837707094327,-2.050790957556507
10,1800,0.14600000000000002,-2.171134269216486,0.19230859124479677,-2.3634428604612827,-1.978825677971689
10,1800,0.14700000000000002,-2.097239594211798,0.18998693075794412,-2.2872265249697423,-1.907252663453854
10,1800,0.14800000000000002,-2.0237524558444395,0.18768139800834086,-2.2114338538527805,-1.8360710578360986
10,1800,0.14900000000000002,-1.9506719708399611,0.1853919663731097,-2.1360639372130708,-1.7652800044668515
10,1800,0.15000000000000002,-1.8779972559239013,0.18311860973165905,-2.0611158656555606,-1.6948786461922423
10,1800,0.15100000000000002,-1.8057274278218056,0.18086130248401935,-1.986588730305825,-1.6248661253377863
10,1800,0.15200000000000002,-1.7338616032592142,0.178620019569947,-1.9124816228291612,-1.5552415836892672
10,1800,0.153,-1.662398898961671,0.1763947364888352,-1.8387936354505061,-1.4860041624728357
10,1800,0.154,-1.5913384316547141,0.17418542932046482,-1.7655238609751789,-1.4171530023342493
10,1800,0.155,-1.5206793180638964,0.17199207474663922,-1.6926713928105357,-1.3486872433172572
10,1800,0.156,-1.4504206749147528,0.16981465007373858,-1.6202353249884913,-1.2806060248410143
10,1800,0.157,-1.3805616189328287,0.16765313325624182,-1.5482147521890706,-1.2129084856765868
10,1800,0.158,-1.3111012668436626,0.1655075029212577,-1.4766087697649204,-1.1455937639224048
10,1800,0.159,-1.2420387353728088,0.1633777383941138,-1.4054164737669226,-1.078660996978695
10,1800,0.16,-1.1733731412457953,0.1612638197250517,-1.334636960970847,-1.0121093215207435
10,1800,0.161,-1.1051036011881763,0.15916572771708246,-1.2642693289052587,-0.9459378734710938
10,1800,0.162,-1.0372292319254868,0.15708344395505291,-1.1943126758805396,-0.8801457879704339
10,1800,0.163,-0.9697491501832776,0.15501695083598355,-1.124766101019261,-0.814732199347294
10,1800,0.164,-0.9026624726870853,0.15296623160073372,-1.055628704287819,-0.7496962410863516
10,1800,0.165,-0.8359683161624574,0.15093127036705975,-0.9868995865295171,-0.6850370457953976
10,1800,0.166,-0.7696657973349268,0.148912052164127,-0.9185778494990537,-0.6207537451707998
10,1800,0.167,-0.703754032930048,0.14690856296854835,-0.8506625958985964,-0.5568454699614996
10,1800,0.168,-0.6382321396733577,0.1449207897420152,-0.7831529294153728,-0.4933113499313425
10,1800,0.169,-0.5730992342904013,0.14294872047059906,-0.7160479547610004,-0.4301505138198023
10,1800,0.17,-0.5083544335067174,0.1409923442057984,-0.6493467777125158,-0.36736208930091896
10,1800,0.171,-0.44399685404785494,0.13905165110741233,-0.5830485051552673,-0.3049452029404426
10,1800,0.17200000000000001,-0.3800256126393524,0.1371266324883243,-0.5171522451276767,-0.24289898015102812
10,1800,0.173,-0.3164398260067589,0.1352172808612848,-0.4516571068680437,-0.18122254514547412
10,1800,0.174,-0.25323861087560395,0.13332358998778,-0.38656220086338394,-0.11991502088782396
10,1800,0.175,-0.19042108397144553,0.13144555492908597,-0.32186663890053147,-0.05897552904235956
10,1800,0.176,-0.12798636201981317,0.12958317209960013,-0.2575695341194133,0.0015968100797869589
10,1800,0.177,-0.06593356174625953,0.1277364393225563,-0.19367000106881582,0.061802877576296766
10,1800,0.178,-0.004261799876319472,0.12590535588822396,-0.13016715576454344,0.12164355601190449
10,1800,0.179,0.05702980686445258,0.12408992261470242,-0.06706011575024984,0.181119729479155
10,1800,0.18,0.11794214175052886,0.1222901419114186,-0.004348000160889737,0.24023228366194746
10,1800,0.181,0.17847608805635495,0.12050601784544498,0.05797007021090997,0.29898210590179997
10,1800,0.182,0.2386325290563942,0.1187375562107522,0.119894972845642,0.3573700852671464
10,1800,0.183,0.29841234802509753,0.11698476460051789,0.18142758342457965,0.4153971126256154
10,1800,0.184,0.3578164282369318,0.11524765248261169,0.24256877575432012,0.47306408071954353
10,1800,0.185,0.41684565296634446,0.11352623127838142,0.30331942168796305,0.5303718842447259
10,1800,0.186,0.475500905487797,0.1118205144448629,0.3636803910429341,0.58732141993266
10,1800,0.187,0.5337830690757492,0.11013051756054075,0.4236525515152085,0.64391358663629
10,1800,0.188,0.5916930270046539,0.1084562584147824,0.48323676858987147,0.7001492854194362
10,1800,0.189,0.6492316625489707,0.10679775710107073,0.5424339054478999,0.7560294196500414
10,1800,0.19,0.7063998589831542,0.10515503611415473,0.6012448228689994,0.8115548950973089
10,1800,0.191,0.7631984995816641,0.10352812045123684,0.6596703791304273,0.8667266200329009
10,1800,0.192,0.8196284676189602,0.10191703771730726,0.7177114299016529,0.9215455053362676
10,1800,0.193,0.8756906463694918,0.10032181823473175,0.77536882813476,0.9760124646042235
10,1800,0.194,0.9313859191077238,0.09874249515718737,0.8326434239505365,1.0301284142649112
10,1800,0.195,0.9867151691081091,0.0971791045880308,0.8895360645200783,1.0838942736961399
10,1800,0.196,1.041679279645109,0.09563168570316812,0.9460475939419409,1.1373109653482771
10,1800,0.197,1.0962791339931748,0.09410028087847952,1.0021788531146953,1.1903794148716542
10,1800,0.198,1.1505156154267677,0.09258493582182746,1.0579306796049404,1.243100551248595
10,1800,0.199,1.2043896072203442,0.09108569970965522,1.113303907510689,1.2954753069299993
10,1800,0.2,1.2579019926483603,0.08960262532814968,1.1682993673202107,1.34750461797651
10,1800,0.201,1.3110536549852725,0.08813576921890771,1.2229178857663647,1.3991894242041802
10,1800,0.202,1.363845477505544,0.08668519182900288,1.2771602856765412,1.4505306693345468
10,1800,0.203,1.4162783434836257,0.08525095766530186,1.331027385818324,1.5015293011489275
10,1800,0.20400000000000001,1.468353136193981,0.08383313545282028,1.3845200007411607,1.5521862716468013
10,1800,0.20500000000000002,1.5200707389110555,0.08243179829684615,1.4376389406142094,1.6025025372079016
10,1800,0.20600000000000002,1.5714320349093187,0.08104702384847941,1.4903850110608392,1.6524790587577982
10,1800,0.20700000000000002,1.6224379074632216,0.07967889447315456,1.542759012990067,1.7021168019363762
10,1800,0.20800000000000002,1.6730892398472221,0.07832749742160915,1.594761742425613,1.7514167372688312
10,1800,0.20900000000000002,1.7233869153357775,0.07699292500265507,1.6463939903331224,1.8003798403384326
10,1800,0.21000000000000002,1.7733318172033492,0.07567527475697684,1.6976565424463723,1.849007091960326
10,1800,0.21100000000000002,1.8229248287243882,0.07437464963104277,1.7485501790933455,1.897299478355431
10,1800,0.21200000000000002,1.8721668331733525,0.07309115815004885,1.7990756750233037,1.9452579913234014
10,1800,0.21300000000000002,1.921058713824702,0.07182491458864013,1.849233799236062,1.992883628413342
10,1800,0.21400000000000002,1.9696013539528954,0.07057603913794686,1.8990253148149485,2.0401773930908425
10,1800,0.21500000000000002,2.0177956368323855,0.06934465806725462,1.948450978765131,2.08714029489964
10,1800,0.21600000000000003,2.065642445737632,0.0681309038783747,1.9975115418592575,2.133773349616007
10,1800,0.21700000000000003,2.1131426639430906,0.06693491545051258,2.046207748492578,2.180077579393603
10,1800,0.21800000000000003,2.1602971747232207,0.06575683817312977,2.0945403365500908,2.2260540128963506
10,1800,0.21900000000000003,2.2071068613524787,0.06459682406397282,2.1425100372885058,2.2717036854164516
10,1800,0.22,2.2535726071053164,0.06345503186908673,2.1901175752362296,2.317027638974403
10,1800,0.221,2.2996952952561998,0.062331627141255175,2.2373636681149445,2.362026922397455
10,1800,0.222,2.3454758090795833,0.061226782292904354,2.284249026786679,2.4067025913724875
10,1800,0.223,2.3909150318499233,0.060140676619079916,2.3307743552308433,2.4510557084690032
10,1800,0.224,2.436013846841674,0.05907349628566364,2.3769403505560103,2.495087343127338
10,1800,0.225,2.4807731373292983,0.05802543427753172,2.4227477030517663,2.53879857160683
10,1800,0.226,2.5251937865872494,0.05699669030089289,2.4681970962863566,2.582190476888142
10,1800,0.227,2.5692766778899863,0.05598747063357331,2.513289207256413,2.6252641485235597
10,1800,0.228,2.6130226945119643,0.05499798791656315,2.5580247065954014,2.6680206824285273
10,1800,0.229,2.6564327197276416,0.054028460879708,2.6024042588479337,2.7104611806073495
10,1800,0.23,2.699507636811477,0.05307911399404298,2.646428522817434,2.75258675080552
10,1800,0.231,2.7422483290379267,0.052150177042941524,2.6900981519949854,2.794398506080868
10,1800,0.232,2.7846556796814435,0.05124188460401289,2.7334137950774307,2.8358975642854563
10,1800,0.233,2.826730572016494,0.05035447543355347,2.7763760965829407,2.8770850474500476
10,1800,0.234,2.868473889317527,0.0494881917453756,2.8189856975721512,2.917962081062903
10,1800,0.23500000000000001,2.909886514859002,0.048643278376023204,2.8612432364829785,2.958529793235025
10,1800,0.23600000000000002,2.9509693319153776,0.04781998182878875,2.903149350086589,2.998789313744166
10,1800,0.23700000000000002,2.991723223761114,0.04701854918958984,2.944704674571524,3.038741772950704
10,1800,0.23800000000000002,3.03214907367066,0.04623922690870045,2.9859098467619596,3.078388300579361
10,1800,0.23900000000000002,3.0722477649184805,0.04548225944358105,3.0267655054748994,3.1177300243620616
10,1800,0.24000000000000002,3.1120201807790266,0.044747887759662715,3.067272293019364,3.1567680685386894
10,1800,0.24100000000000002,3.151467204526762,0.04403634768792249,3.1074308568388394,3.1955035522146846
10,1800,0.24200000000000002,3.1905897194361366,0.04334786814047534,3.1472418512956613,3.233937587576612
10,1800,0.24300000000000002,3.2293886087816155,0.04268266918819121,3.1867059395934243,3.2720712779698067
10,1800,0.24400000000000002,3.267864755837649,0.0420409600075282,3.2258237958301206,3.309905715845177
10,1800,0.245,3.306019043878699,0.04142293670731355,3.2645961071713856,3.3474419805860123
10,1800,0.246,3.3438523561792195,0.04082878005006045,3.303023576129159,3.38468113622928
10,1800,0.247,3.381365576013671,0.04025865308649595,3.341106922927175,3.4216242291001673
10,1800,0.248,3.4185595866565084,0.03971269872619848,3.37884688793031,3.458272285382707
10,1800,0.249,3.455435271382189,0.039191037271464925,3.4162442341107244,3.494626308653654
10,1800,0.25,3.49199351346517,0.03869376394559982,3.45329974951957,3.53068727741077
10,1800,0.251,3.52823519617991,0.03822094645056136,3.4900142497293487,3.5664561426304715
10,1800,0.252,3.5641612028008645,0.037772622592125396,3.526388580208739,3.60193382539299
10,1800,0.253,3.599772416602491,0.03734879801323871,3.562423618589252,3.6371212146157297
10,1800,0.254,3.6350697208592484,0.03694944407783864,3.5981202767814096,3.6720191649370872
10,1800,0.255,3.6700539988455914,0.03657449594793898,3.6334795028976523,3.7066284947935304
10,1800,0.256,3.704726133835978,0.03622385089608123,3.6685022829398966,3.740949984732059
10,1800,0.257,3.7390870091048667,0.035897366893220824,3.7031896422116457,3.7749843759980877
10,1800,0.258,3.7731375079267133,0.03559486150871791,3.7375426464179955,3.808732369435431
10,1800,0.259,3.8068785135759757,0.035316111154347685,3.771562402421628,3.8421946247303236
10,1800,0.26,3.8403109093271084,0.03506085069822796,3.8052500586288804,3.8753717600253363
10,1800,0.261,3.8734355784545755,0.034828773467439116,3.8386068049871365,3.9082643519220146
10,1800,0.262,3.9062534042328263,0.03461953165011385,3.8716338725827124,3.94087293588294
10,1800,0.263,3.938765269936324,0.034432737099179565,3.9043325328371443,3.9731980070355037
10,1800,0.264,3.970972058839523,0.03426796253107419,3.936704096308449,4.005240021370597
10,1800,0.265,4.002874654216877,0.034124743103968916,3.9687499111129085,4.036999397320846
10,1800,0.266,4.034473939342852,0.034002578351671205,4.00047136099118,4.068476517694523
10,1800,0.267,4.065770797491898,0.033900934441774784,4.031869863050123,4.099671731933673
10,1800,0.268,4.096766111938474,0.033819246720060016,4.062946865218414,4.130585358658534
10,1800,0.269,4.127460765957038,0.033756922497859124,4.0937038434591795,4.161217688454897
10,1800,0.27,4.157855642822048,0.03371334403524947,4.124142298786798,4.191568986857297
10,1800,0.271,4.187951625807959,0.03368787167060764,4.154263754137352,4.2216394974785665
10,1800,0.272,4.217749598189229,0.033679847046260175,4.184069751142969,4.251429445235489
10,1800,0.273,4.247250443240317,0.03368859638063457,4.213561846859682,4.280939039620951
10,1800,0.274,4.276455044235676,0.0337134337393226,4.242741610496354,4.310168477974998
10,1800,0.275,4.305364284449768,0.03375366426063492,4.271610620189133,4.339117948710403
10,1800,0.276,4.3339790471570465,0.03380858729534065,4.300170459861706,4.367787634452387
10,1800,0.277,4.362300215631971,0.03387749942510915,4.3284227162068625,4.39617771505708
10,1800,0.278,4.390328673148998,0.0339596973294684,4.35636897581953,4.424288370478466
10,1800,0.279,4.418065302982585,0.03405448047663039,4.384010822505955,4.452119783459215
10,1800,0.28,4.445510988407189,0.03416115361909818,4.411349834788091,4.479672142026287
10,1800,0.281,4.472666612697266,0.03427902908037867,4.438387583616887,4.506945641777644
10,1800,0.28200000000000003,4.499533059127274,0.03440742882422394,4.46512563030305,4.533940487951498
10,1800,0.28300000000000003,4.52611121097167,0.03454568630249955,4.49156552466917,4.5606568972741695
10,1800,0.28400000000000003,4.552401951504913,0.034693148081943403,4.51770880342297,4.587095099586856
10,1800,0.28500000000000003,4.578406164001461,0.034849175253688025,4.543556988747772,4.613255339255149
10,1800,0.28600000000000003,4.604124731735764,0.03501314463244789,4.5691115871033166,4.639137876368212
10,1800,0.28700000000000003,4.629558537982289,0.035184449754727475,4.594374088227561,4.664742987737017
10,1800,0.28800000000000003,4.654708466015484,0.035362501687308506,4.619345964328176,4.690070967702793
10,1800,0.28900000000000003,4.6795753991098135,0.035546729658664296,4.644028669451149,4.715122128768478
10,1800,0.29000000000000004,4.704160220539732,0.035736581526873784,4.668423639012858,4.739896802066606
10,1800,0.29100000000000004,4.728463813579696,0.03593152409812419,4.692532289481571,4.76439533767782
10,1800,0.29200000000000004,4.752487061504163,0.036131043310055705,4.716356018194107,4.788618104814219
10,1800,0.29300000000000004,4.776230847587591,0.03633464429407262,4.739896203293519,4.812565491881664
10,1800,0.29400000000000004,4.7996960551044365,0.03654185133037784,4.763154203774059,4.836237906434814
10,1800,0.29500000000000004,4.822883567329157,0.03675220770893409,4.786131359620223,4.859635775038091
10,1800,0.29600000000000004,4.84579426753621,0.03696527550886144,4.808828992027348,4.882759543045071
10,1800,0.29700000000000004,4.868429039000052,0.03718063530798833,4.831248403692063,4.905609674308041
10,1800,0.29800000000000004,4.890788764995139,0.037397885833417646,4.853390879161721,4.928186650828557
10,1800,0.29900000000000004,4.912874328795931,0.037616643563081184,4.87525768523285,4.950490972359012
10,1800,0.30000000000000004,4.9346866136768845,0.0378365422873586,4.896850071389526,4.972523155964243
10,1800,0.30100000000000005,4.956226502912454,0.03805723263895135,4.918169270273503,4.994283735551405
10,1800,0.30200000000000005,4.977494879777101,0.03827838159834267,4.939216498178759,5.015773261375443
10,1800,0.30300000000000005,4.998492627545279,0.038499671981354525,4.959992955563924,5.036992299526633
10,1800,0.30400000000000005,5.019220629491449,0.03872080191453677,4.980499827576912,5.057941431405986
10,1800,0.30500000000000005,5.039679768890064,0.03894148430340115,5.000738284586663,5.078621253193465
10,1800,0.30600000000000005,5.059870929015583,0.039161446297844696,5.020709482717738,5.099032375313428
10,1800,0.30700000000000005,5.079794993142464,0.03938042875849425,5.04041456438397,5.119175421900958
10,1800,0.30800000000000005,5.099452844545162,0.03959818572714701,5.059854658818015,5.139051030272309
10,1800,0.309,5.118845366498136,0.039814483903979896,5.079030882594156,5.158659850402116
10,1800,0.31,5.137973442275844,0.04002910213374999,5.097944340142094,5.178002544409594
10,1800,0.311,5.156837955152742,0.040241830902806995,5.116596124249935,5.197079786055549
10,1800,0.312,5.175439788403288,0.04045247184838395,5.134987316554905,5.215892260251672
10,1800,0.313,5.193779825301938,0.04066083728132045,5.153118988020617,5.234440662583259
10,1800,0.314,5.211858949123149,0.04086674972309924,5.17099219940005,5.252725698846248
10,1800,0.315,5.22967804314138,0.04107004145784032,5.18860800168354,5.27074808459922
10,1800,0.316,5.2472379906310875,0.0412705540996923,5.205967436531395,5.28850854473078
10,1800,0.317,5.264539674866727,0.04146813817588461,5.223071536690842,5.306007813042612
10,1800,0.318,5.2815839791227575,0.04166265272555583,5.2399213263972015,5.323246631848313
10,1800,0.319,5.298371786673636,0.0418539649143462,5.25651782175929,5.340225751587982
10,1800,0.32,5.314903980793819,0.042041949664637986,5.272862031129181,5.356945930458457
10,1800,0.321,5.331181444757765,0.04222648930123932,5.288954955456526,5.373407934059004
10,1800,0.322,5.347205061839929,0.04240747321223581,5.304797588627694,5.389612535052165
10,1800,0.323,5.3629757153147715,0.04258479752467647,5.320390917790095,5.405560512839448
10,1800,0.324,5.378494288456746,0.042758364794715474,5.335735923662031,5.421252653251462
10,1800,0.325,5.393761664540312,0.04292808371179533,5.350833580828517,5.436689748252108
10,1800,0.326,5.408778726839927,0.0430938688164315,5.365684858023496,5.451872595656358
10,1800,0.327,5.4235463586300465,0.04325564023113928,5.380290718398907,5.466801998861186
10,1800,0.328,5.438065443185129,0.043413323404032436,5.394652119781097,5.481478766589162
10,1800,0.329,5.452336863779631,0.04356684886461604,5.408770014915015,5.495903712644247
10,1800,0.33,5.46636150368801,0.04371615199129372,5.422645351696716,5.5100776556793045
10,1800,0.331,5.480140246184723,0.043861172790112465,5.43627907339461,5.524001418974835
10,1800,0.332,5.493673974544229,0.04400185568427207,5.449672118859956,5.537675830228501
10,1800,0.333,5.506963572040981,0.04413814931393456,5.462825422727046,5.551101721354915
10,1800,0.334,5.52000992194944,0.04427000634587854,5.475739915603562,5.564279928295319
10,1800,0.335,5.532813907544062,0.04439738329255477,5.488416524251507,5.577211290836617
10,1800,0.336,5.545376412099305,0.044520240340111865,5.500856171759193,5.589896652439417
10,1800,0.337,5.557698318889624,0.04463854118497477,5.513059777704649,5.602336860074599
10,1800,0.338,5.569780511189479,0.04475225287857269,5.525028258310906,5.614532764068052
10,1800,0.339,5.581623872273324,0.04486134567982822,5.536762526593496,5.626485217953152
10,1800,0.33999999999999997,5.593229285415619,0.04496579291503403,5.548263492500585,5.638195078330654
10,1800,0.34099999999999997,5.604597633890821,0.04506557084475921,5.559532063046062,5.64966320473558
10,1800,0.34199999999999997,5.615729800973385,0.04516065853744149,5.570569142435944,5.660890459510827
10,1800,0.34299999999999997,5.626626669937769,0.04525103774933764,5.581375632188432,5.6718777076871065
10,1800,0.344,5.637289124058434,0.04533669281051812,5.591952431247916,5.682625816868952
10,1800,0.345,5.647718046609831,0.04541761051660723,5.602300436093223,5.693135657126438
10,1800,0.346,5.657914320866422,0.04549378002598325,5.612420540840439,5.703408100892405
10,1800,0.347,5.667878830102661,0.04556519276216782,5.622313637340493,5.713444022864829
10,1800,0.348,5.677612457593008,0.04563184232114613,5.6319806152718614,5.723244299914154
10,1800,0.349,5.687116086611918,0.045693724383372776,5.641422362228545,5.732809810995291
10,1800,0.35,5.696390600433849,0.04575083663023032,5.650639763803619,5.742141437064079
10,1800,0.351,5.7054368823332595,0.04580317866471969,5.65963370366854,5.751240060997979
10,1800,0.352,5.714255815584604,0.045850751936172544,5.668405063648431,5.7601065675207765
10,1800,0.353,5.722848283462342,0.04589355966878721,5.676954723793555,5.76874184313113
10,1800,0.354,5.731215169240929,0.04593160679379953,5.68528356244713,5.777146776034729
10,1800,0.355,5.739357356194825,0.04596489988511078,5.693392456309714,5.785322256079936
10,1800,0.356,5.747275727598483,0.04599344709820366,5.701282280500279,5.793269174696687
10,1800,0.357,5.754971166726364,0.04601725811218661,5.708953908614177,5.80098842483855
10,1800,0.358,5.762444556852922,0.046036344074815876,5.716408212778107,5.808480900927738
10,1800,0.359,5.769696781252617,0.04605071755035201,5.723646063702265,5.815747498802969
10,1800,0.36,5.776728723199905,0.04606039247011653,5.730668330729788,5.822789115670021
10,1800,0.361,5.783541265969243,0.0460653840856206,5.737475881883622,5.829606650054863
10,1800,0.362,5.790135292835089,0.0460657089241461,5.744069583910942,5.836201001759235
10,1800,0.363,5.7965116870719,0.046061384746664706,5.750450302325235,5.842573071818564
10,1800,0.364,5.802671331954132,0.046052430507988615,5.756618901446143,5.848723762462121
10,1800,0.365,5.808615110756243,0.046038866319050895,5.762576244437192,5.8546539770752934
10,1800,0.366,5.814343906752691,0.04602071341122065,5.7683231933414705,5.860364620163911
10,1800,0.367,5.819858603217931,0.04599799410256311,5.773860609115368,5.8658565973204935
10,1800,0.368,5.825160083426423,0.04597073176595941,5.779189351660464,5.871130815192383
10,1800,0.369,5.830249230652623,0.045938950799007006,5.7843102798536155,5.87618818145163
10,1800,0.37,5.835126928170987,0.04590267659562511,5.789224251575362,5.881029604766612
10,1800,0.371,5.839794059255974,0.04586193551929475,5.793932123736679,5.885655994775268
10,1800,0.372,5.844251507182041,0.04581675487786711,5.798434752304174,5.890068262059908
10,1800,0.373,5.848500155223644,0.04576716289987764,5.802732992323767,5.8942673181235214
10,1800,0.374,5.852540886655241,0.045713188712307326,5.806827697942934,5.898254075367548
10,1800,0.375,5.85637458475129,0.0456548623197365,5.810719722431553,5.902029447071026
10,1800,0.376,5.860002132786246,0.045592214584839356,5.814409918201406,5.9055943473710855
10,1800,0.377,5.863424414034569,0.04552527721017125,5.817899136824398,5.9089496912447395
10,1800,0.378,5.866642311770714,0.04545408272120347,5.82118822904951,5.912096394491917
10,1800,0.379,5.8696567092691385,0.045378664450563766,5.824278044818575,5.915035373719702
10,1800,0.38,5.872468489804299,0.04529905652344295,5.827169433280856,5.917767546327742
10,1800,0.381,5.875078536650656,0.045215293844131484,5.829863242806524,5.920293830494788
10,1800,0.382,5.877487733082663,0.0451274120836517,5.832360320999012,5.922615145166315
10,1800,0.383,5.87969696237478,0.04503544766845454,5.834661514706325,5.924732410043235
10,1800,0.384,5.881707107801462,0.044939437770151434,5.836767670031311,5.9266465455716135
10,1800,0.385,5.883519052637168,0.044839420296254644,5.838679632340914,5.928358472933422
10,1800,0.386,5.885133680156354,0.044735433881901224,5.840398246274453,5.929869114038255
10,1800,0.387,5.886551873633477,0.04462751788253801,5.8419243557509395,5.931179391516015
10,1800,0.388,5.887774516342995,0.04451571236754719,5.8432588039754485,5.932290228710542
10,1800,0.389,5.888802491559365,0.04440005811479333,5.844402433444571,5.933202549674158
10,1800,0.39,5.889636682557045,0.04428059660607523,5.84535608595097,5.93391727916312
10,1800,0.391,5.89027797261049,0.044157370023467396,5.846120602587023,5.934435342633957
10,1800,0.392,5.890727244994159,0.04403042124653756,5.846696823747622,5.934757666240697
10,1800,0.393,5.890985382982509,0.043899793850428366,5.847085589132081,5.934885176832938
10,1800,0.394,5.891053269849997,0.04376553210479305,5.847287737745204,5.93481880195479
10,1800,0.395,5.890931788871081,0.04362768097357622,5.8473041078975045,5.934559469844657
10,1800,0.396,5.890621823320216,0.0434862861156323,5.847135537204584,5.934108109435848
10,1800,0.397,5.890124256471861,0.04334139388617584,5.846782862585685,5.933465650358037
10,1800,0.398,5.889439971600472,0.043193051339058736,5.846246920261414,5.932633022939531
10,1800,0.399,5.888569851980509,0.04304130622987136,5.845528545750637,5.93161115821038
10,1800,0.4,5.887514780886424,0.042886207019865154,5.844628573866559,5.93040098790629
10,1800,0.401,5.886275641592681,0.04272780288069585,5.843547838711985,5.929003444473376
10,1800,0.402,5.884853317373732,0.042566143699987416,5.8422871736737445,5.92741946107372
10,1800,0.403,5.883248691504035,0.04240128008771807,5.840847411416317,5.925649971591754
10,1800,0.404,5.881462647258049,0.04223326338343041,5.839229383874619,5.923695910641479
10,1800,0.405,5.87949606791023,0.042062145664269135,5.83743392224596,5.9215582135744995
10,1800,0.406,5.877349836735035,0.041887979753850134,5.835461856981184,5.919237816488885
10,1800,0.40700000000000003,5.875024837006922,0.04171081923196628,5.833314017774956,5.916735656238888
10,1800,0.40800000000000003,5.872521952000348,0.04153071844513538,5.8309912335552125,5.914052670445483
10,1800,0.40900000000000003,5.869842064989769,0.041347732517997005,5.828494332471772,5.911189797507767
10,1800,0.41000000000000003,5.866986059249644,0.04116191736556496,5.8258241418840795,5.908147976615209
10,1800,0.41100000000000003,5.86395481805443,0.04097332970634347,5.822981488348087,5.904928147760773
10,1800,0.41200000000000003,5.860749224678583,0.040782027076315015,5.819967197602268,5.901531251754897
10,1800,0.41300000000000003,5.85737016239656,0.04058806784380821,5.816782094552751,5.897958230240368
10,1800,0.41400000000000003,5.85381851448282,0.04039151122525501,5.813427003257566,5.894210025708075
10,1800,0.41500000000000004,5.850095164211819,0.04019241730184565,5.809902746909973,5.890287581513665
10,1800,0.41600000000000004,5.846200994858014,0.03999084703709094,5.806210147820924,5.886191841895105
10,1800,0.41700000000000004,5.842136889695864,0.03978686229530047,5.802350027400563,5.881923751991164
10,1800,0.41800000000000004,5.837903731999823,0.039580525860985614,5.7983232061388374,5.877484257860809
10,1800,0.41900000000000004,5.833502405044351,0.03937190145919568,5.794130503585156,5.8728743065035465
10,1800,0.42000000000000004,5.828933792103904,0.03916105377679508,5.789772738327109,5.8680948458807
10,1800,0.42100000000000004,5.82419877645294,0.03894804848468824,5.785250727968252,5.863146824937628
10,1800,0.42200000000000004,5.819298241365916,0.03873295226099854,5.780565289104917,5.858031193626914
10,1800,0.42300000000000004,5.814233070117288,0.03851583281520595,5.775717237302082,5.852748902932493
10,1800,0.42400000000000004,5.809004145981513,0.038296758913246624,5.770707387068266,5.84730090489476
10,1800,0.42500000000000004,5.803612352233052,0.03807580040357603,5.765536551829475,5.841688152636628
10,1800,0.42600000000000005,5.798058572146356,0.03785302824419493,5.7602055439021616,5.835911600390551
10,1800,0.42700000000000005,5.792343688995889,0.0376285145306352,5.754715174465254,5.829972203526523
10,1800,0.42800000000000005,5.7864685860561025,0.037402332524899606,5.749066253531203,5.823870918581002
10,1800,0.42900000000000005,5.780434146601457,0.03717455668534633,5.743259589916111,5.817608703286803
10,1800,0.43000000000000005,5.774241253906409,0.036945262697505275,5.737295991208904,5.811186516603914
10,1800,0.43100000000000005,5.767890791245415,0.03671452750580917,5.731176263739606,5.804605318751225
10,1800,0.43200000000000005,5.761383641892933,0.03648242934621746,5.724901212546715,5.7978660712391505
10,1800,0.43300000000000005,5.7547206891234195,0.03624904777970573,5.718471641343713,5.790969736903126
10,1800,0.43400000000000005,5.747902816211333,0.0360144637265872,5.7118883524847455,5.783917279937921
10,1800,0.43500000000000005,5.740930906431129,0.03577875950162638,5.705152146929502,5.7767096659327555
10,1800,0.43600000000000005,5.733805843057265,0.0355420188498973,5.698263824207368,5.769347861907162
10,1800,0.43700000000000006,5.726528509364199,0.035304326983330137,5.691224182380869,5.761832836347529
10,1800,0.43800000000000006,5.719099788626389,0.035065770617881416,5.684034018008507,5.754165559244271
10,1800,0.43900000000000006,5.711520564118289,0.03482643801125225,5.676694126107037,5.746347002129541
10,1800,0.44000000000000006,5.70379171911436,0.03458641900106817,5.669205300113291,5.738378138115428
10,1800,0.44100000000000006,5.695914136889057,0.03434580504342156,5.661568331845635,5.730259941932478
10,1800,0.44200000000000006,5.6878887007168375,0.034104689251664586,5.653784011465173,5.721993389968502
10,1800,0.44300000000000006,5.6797162938721595,0.03386316643532528,5.645853127436834,5.713579460307485
10,1800,0.44400000000000006,5.671397799629479,0.03362133313900412,5.637776466490474,5.705019132768483
10,1800,0.44500000000000006,5.662934101263255,0.03337928768108999,5.629554813582165,5.696313388944344
10,1800,0.44600000000000006,5.654326082047942,0.03313713019211694,5.621188951855825,5.687463212240059
10,1800,0.44700000000000006,5.645574625257999,0.03289496265256131,5.612679662605438,5.67846958791056
10,1800,0.44800000000000006,5.636680614167884,0.032652888929858126,5.6040277252380255,5.669333503097742
10,1800,0.44900000000000007,5.627644932052052,0.03241101481439124,5.59523391723766,5.660055946866443
10,1800,0.45000000000000007,5.6184684621849605,0.032169448054187096,5.586299014130773,5.650637910239148
10,1800,0.45100000000000007,5.6091520878410694,0.0319282983880148,5.577223789453055,5.641080386229084
10,1800,0.45199999999999996,5.599696692294834,0.03168767757656702,5.568009014718267,5.631384369871401
10,1800,0.45299999999999996,5.590103158820711,0.03144769943136562,5.558655459389346,5.621550858252077
10,1800,0.45399999999999996,5.580372370693158,0.0312084798410053,5.549163890852152,5.611580850534163
10,1800,0.45499999999999996,5.570505211186632,0.030970136794313704,5.539535074392319,5.601475347980946
10,1800,0.45599999999999996,5.560502563575591,0.030732790399973623,5.529769773175618,5.591235353975565
10,1800,0.45699999999999996,5.550365311134492,0.030496562902116008,5.519868748232375,5.580861874036608
10,1800,0.45799999999999996,5.540094337137791,0.03026157869135627,5.509832758446435,5.570355915829148
10,1800,0.45899999999999996,5.529690524859946,0.030027964310708758,5.499662560549237,5.559718489170655
10,1800,0.45999999999999996,5.519154757575416,0.029795848455776364,5.489358909119639,5.548950606031193
10,1800,0.46099999999999997,5.5084879185586555,0.029565361968574674,5.4789225565900805,5.5380532805272304
10,1800,0.46199999999999997,5.4976908910841225,0.029336637824312315,5.46835425325981,5.527027528908435
10,1800,0.46299999999999997,5.486764558426275,0.029109811110413237,5.457654747315861,5.5158743695366885
10,1800,0.46399999999999997,5.475709803859569,0.02888501899703194,5.446824784862537,5.5045948228566015
10,1800,0.46499999999999997,5.464527510658463,0.028662400698280625,5.435865109960183,5.493189911356744
10,1800,0.46599999999999997,5.453218562097414,0.02844209742335835,5.424776464674055,5.481660659520772
10,1800,0.46699999999999997,5.441783841450878,0.028224252316748126,5.41355958913413,5.470008093767626
10,1800,0.46799999999999997,5.430224231993313,0.028009010386628154,5.402215221606685,5.458233242379942
10,1800,0.469,5.418540616999176,0.027796518420631373,5.390744098578545,5.446337135419808
10,1800,0.47,5.406733879742926,0.027586924888081947,5.379146954854844,5.434320804631008
10,1800,0.471,5.394804903499017,0.027380379827841864,5.367424523671175,5.422185283326859
10,1800,0.472,5.3827545715419065,0.027177034720915254,5.3555775368209915,5.4099316062628215
10,1800,0.473,5.370583767146055,0.0269770423469845,5.343606724799071,5.397560809493039
10,1800,0.474,5.3582933735859175,0.02678055662409247,5.331512816961825,5.38507393021001
10,1800,0.475,5.345884274135951,0.02658773243073978,5.319296541705211,5.372472006566691
10,1800,0.476,5.333357352070613,0.026398725409737495,5.306958626660876,5.35975607748035
10,1800,0.477,5.320713490664361,0.026213691753244443,5.294499798911117,5.3469271824176055
10,1800,0.478,5.307953573191653,0.026032787968526455,5.281920785223126,5.333986361160179
10,1800,0.479,5.295078482926944,0.025856170624102247,5.269222312302841,5.3209346535510464
10,1800,0.48,5.282089103144693,0.025683996076089666,5.256405107068603,5.307773099220783
10,1800,0.481,5.268986317119356,0.025516420174735113,5.24346989694462,5.294502737294091
10,1800,0.482,5.255771008125391,0.0253535979513,5.230417410174091,5.281124606076691
10,1800,0.483,5.242444059437254,0.025195683285689233,5.217248376151565,5.2676397427229436
10,1800,0.484,5.229006354329404,0.025042828555437747,5.2039635257739665,5.254049182884842
10,1800,0.485,5.215458776076298,0.0248951842669201,5.190563591809378,5.240353960343218
10,1800,0.486,5.201802207952393,0.024752898669912766,5.17704930928248,5.226555106622306
10,1800,0.487,5.188037533232145,0.024616117356916233,5.163421415875229,5.212653650589061
10,1800,0.488,5.174165635190012,0.024484982848930553,5.149680652341082,5.1986506180389425
10,1800,0.489,5.160187397100452,0.024359634169668867,5.1358277629307825,5.184547031270121
10,1800,0.49,5.14610370223792,0.024240206410484216,5.121863495827436,5.170343908648404
10,1800,0.491,5.131915433876876,0.02412683028856892,5.107788603588307,5.156042264165445
10,1800,0.492,5.117623475291776,0.024019631701257812,5.093603843590518,5.141643106993033
10,1800,0.493,5.103228709757076,0.02391873127951871,5.079309978477557,5.127147441036595
10,1800,0.494,5.088732020547234,0.023824243943939834,5.064907776603294,5.112556264491174
10,1800,0.495,5.074134290936708,0.023736278466716696,5.050398012469992,5.097870569403425
10,1800,0.496,5.059436404199955,0.02365493704329373,5.035781467156661,5.083091341243249
10,1800,0.497,5.044639243611432,0.023580314877422057,5.02105892873401,5.068219558488853
10,1800,0.498,5.029743692445595,0.02351249978344864,5.006231192662146,5.0532561922290435
10,1800,0.499,5.014750633976903,0.023451571809648394,4.991299062167255,5.038202205786551
10,1800,0.5,4.999660951479813,0.02339760288634643,4.976263348593466,5.023058554366159
10,1800,0.501,4.9844755282287805,0.023350656502449562,4.961124871726331,5.00782618473123
10,1800,0.502,4.969195247498265,0.02331078741381396,4.945884460084451,4.992506034912078
10,1800,0.503,4.953820992562722,0.02327804138662043,4.930542951176101,4.977099033949343
10,1800,0.504,4.938353646696609,0.02325245497861247,4.915101191717997,4.961606101675222
10,1800,0.505,4.922794093174384,0.023234055360679604,4.899560037813704,4.946028148535064
10,1800,0.506,4.907143215270502,0.023222860180845815,4.883920355089656,4.9303660754513485
10,1800,0.507,4.891401896259424,0.0232188774722577,4.868183018787167,4.914620773731682
10,1800,0.508,4.875571019415604,0.02322210560626787,4.852348913809336,4.898793125021872
10,1800,0.509,4.859651468013501,0.023232533291187515,4.836418934722314,4.882884001304689
10,1800,0.51,4.843644125327572,0.023250139616747233,4.820393985710824,4.866894264944319
10,1800,0.511,4.827549874632273,0.02327489414376985,4.804274980488503,4.850824768776042
10,1800,0.512,4.811369599202061,0.023306757038033782,4.788062842164027,4.834676356240095
10,1800,0.513,4.795104182311396,0.02334567924680157,4.771758503064594,4.818449861558197
10,1800,0.514,4.778754507234732,0.02339160271601614,4.755362904518716,4.802146109950748
10,1800,0.515,4.762321457246527,0.023444460645736145,4.738876996600791,4.785765917892263
10,1800,0.516,4.74580591562124,0.0235041777809996,4.72230173784024,4.76931009340224
10,1800,0.517,4.729208765633326,0.023570670734978233,4.705638094898348,4.7527794363683045
10,1800,0.518,4.712530890557242,0.023643848341018438,4.688887042216224,4.736174738898261
10,1800,0.519,4.695773173667448,0.023723612029961344,4.672049561637487,4.71949678569741
10,1800,0.52,4.6789364982384,0.02380985622899539,4.655126642009405,4.702746354467395
10,1800,0.521,4.662021747544554,0.023902468778219776,4.638119278766334,4.685924216322773
10,1800,0.522,4.645029804860368,0.024001331361083907,4.621028473499284,4.669031136221451
10,1800,0.523,4.627961553460299,0.02410631994491259,4.603855233515386,4.652067873405212
10,1800,0.524,4.610817876618804,0.024217305227825656,4.586600571390979,4.6350351818466295
10,1800,0.525,4.5935996576103415,0.024334153088506897,4.569265504521835,4.617933810698848
10,1800,0.526,4.576307779709367,0.024456725035465133,4.551851054673902,4.6007645047448325
10,1800,0.527,4.558943126190338,0.02458487865265305,4.534358247537686,4.583528004842991
10,1800,0.528,4.541506580327713,0.024718468038559423,4.516788112289154,4.566225048366272
10,1800,0.529,4.5239990253959474,0.024857344236161615,4.499141681159786,4.548856369632109
10,1800,0.53,4.5064213446695005,0.025001355651409537,4.481419989018091,4.53142270032091
10,1800,0.531,4.488774421422828,0.025150348458204526,4.463624072964623,4.513924769881032
10,1800,0.532,4.4710591389303875,0.02530416698813013,4.445754971942257,4.496363305918518
10,1800,0.533,4.453276380466636,0.025462654103481332,4.427813726363154,4.4787390345701175
10,1800,0.534,4.43542702930603,0.02562565155242036,4.40980137775361,4.461052680858451
10,1800,0.535,4.417511968723029,0.02579300030535582,4.391718968417673,4.443304969028385
10,1800,0.536,4.3995320819920885,0.025964540871896064,4.373567541120193,4.425496622863984
10,1800,0.537,4.3814882523876655,0.02614011359796288,4.355348138789703,4.407628365985628
10,1800,0.538,4.363381363184218,0.02631955894286841,4.33706180424135,4.389700922127086
10,1800,0.539,4.345212297656203,0.026502717736353088,4.31870957991985,4.371715015392556
10,1800,0.54,4.326981939078077,0.026689431415757057,4.30029250766232,4.353671370493833
10,1800,0.541,4.308691170724298,0.026879542243650162,4.281811628480648,4.335570712967948
10,1800,0.542,4.2903408758693224,0.027072893506377545,4.263267982362945,4.3174137693757
10,1800,0.543,4.271931937787609,0.027269329694089513,4.2446626080935195,4.299201267481698
10,1800,0.544,4.253465239753614,0.027468696662916663,4.225996543090697,4.28093393641653
10,1800,0.545,4.234941665041793,0.02767084178002547,4.2072708232617675,4.262612506821819
10,1800,0.546,4.2163620969266065,0.027875614052346887,4.18848648287426,4.244237710978953
10,1800,0.547,4.1977274186825095,0.02808286423981301,4.169644554442696,4.225810282922323
10,1800,0.548,4.17903851358396,0.028292444953964713,4.150746068629995,4.207330958537924
10,1800,0.549,4.160296264905415,0.02850421074280973,4.131792054162605,4.188800475648224
10,1800,0.55,4.141501555921331,0.028718018162815526,4.112783537758515,4.170219574084147
10,1800,0.551,4.122655269906166,0.02893372583891737,4.0937215440672485,4.151588995745083
10,1800,0.552,4.103758290134377,0.029151194513409816,4.0746070956209675,4.1329094846477865
10,1800,0.553,4.084811499880421,0.02937028708457089,4.05544121279585,4.114181786964991
10,1800,0.554,4.065815782418755,0.029590868635843946,4.036224913782911,4.095406651054599
10,1800,0.555,4.046772021023838,0.029812806456373218,4.016959214567464,4.076584827480211
10,1800,0.556,4.027681098970125,0.030035970053656772,3.997645128916468,4.057717069023782
10,1800,0.557,4.008543899532074,0.03026023115904566,3.9782836683730283,4.03880413069112
10,1800,0.558,3.989361305984142,0.030485463726781164,3.958875842257361,4.019846769710924
10,1800,0.559,3.970134201600787,0.030711543927224336,3.9394226576735627,4.000845745528012
10,1800,0.56,3.9508634696564657,0.030938350134893395,3.9199251195215723,3.981801819791359
10,1800,0.561,3.9315499934256346,0.03116576291188601,3.9003842305137484,3.962715756337521
10,1800,0.562,3.912194656182752,0.03139366498722547,3.880800991195527,3.9435883211699774
10,1800,0.5630000000000001,3.892798341202275,0.031621941232632116,3.8611763999696427,3.924420282434907
10,1800,0.5640000000000001,3.8733619317586587,0.031850478635185024,3.8415114531234735,3.905212410393844
10,1800,0.5650000000000001,3.8538863111263635,0.03207916626730363,3.82180714485906,3.885965477393667
10,1800,0.5660000000000001,3.8343723625798454,0.032307895254445114,3.8020644673254003,3.8666802578342905
10,1800,0.5670000000000001,3.814820969393561,0.03253655874088101,3.78228441065268,3.847357528134442
10,1800,0.5680000000000001,3.7952330148419677,0.03276505185388582,3.7624679629880817,3.8279980666958537
10,1800,0.5690000000000001,3.775609382199523,0.03299327166664094,3.742616110532882,3.808602653866164
10,1800,0.5700000000000001,3.7559509547406837,0.033221117160130494,3.722729837580553,3.7891720719008144
10,1800,0.5710000000000001,3.736258615739908,0.03344848918427919,3.7028101265556286,3.769707104924187
10,1800,0.5720000000000001,3.716533248471652,0.03367529041855872,3.682857958053093,3.7502085388902104
10,1800,0.5730000000000001,3.6967757362103724,0.03390142533226676,3.6628743108781054,3.7306771615426393
10,1800,0.5740000000000001,3.6769869622305285,0.03412680014466159,3.6428601620858667,3.71111376237519
10,1800,0.5750000000000001,3.657167809806576,0.03435132278511643,3.6228164870214594,3.6915191325916923
10,1800,0.5760000000000001,3.6373191622129717,0.03457490285343949,3.602744259359532,3.6718940650664114
10,1800,0.5770000000000001,3.617441902724173,0.03479745158048959,3.5826444511436835,3.6522393543046627
10,1800,0.5780000000000001,3.597536914614639,0.03501888178920206,3.562518032825437,3.632555796403841
10,1800,0.5790000000000001,3.577605081158825,0.03523910785612592,3.542365973302699,3.612844189014951
10,1800,0.58,3.557647285631191,0.035458045673560847,3.5221892399576302,3.5931053313047516
10,1800,0.581,3.5376644113061895,0.03567561261237098,3.5019887986938185,3.5733400239185604
10,1800,0.582,3.51765734145828,0.03589172748554203,3.481765613972738,3.553549068943822
10,1800,0.583,3.4976269593619205,0.03610631051253932,3.461520648849381,3.53373326987446
10,1800,0.584,3.477574148291567,0.03631928328451546,3.4412548650070516,3.513893431576083
10,1800,0.585,3.4574997915216765,0.036530568730408684,3.420969222791268,3.494030360252085
10,1800,0.586,3.4374047723267074,0.03674009108396648,3.400664681242741,3.474144863410674
10,1800,0.587,3.4172899739811173,0.03694777585172275,3.3803421981293944,3.4542377498328403
10,1800,0.588,3.3971562797593617,0.03715354978195132,3.3600027299774102,3.4343098295413133
10,1800,0.589,3.377004572935898,0.03735734083461378,3.3396472321012842,3.414361913770512
10,1800,0.59,3.356835736785185,0.0375590781523157,3.3192766586328695,3.3943948149375007
10,1800,0.591,3.3366506545816788,0.037758692032281015,3.2988919625493978,3.3744093466139597
10,1800,0.592,3.3164502095998367,0.037956113899351676,3.278494095700485,3.3544063234991883
10,1800,0.593,3.2962352851141157,0.03815127628001639,3.2580840088340994,3.334386561394132
10,1800,0.594,3.2760067643989736,0.03834411277747018,3.2376626516215037,3.3143508771764436
10,1800,0.595,3.2557655307288664,0.038534558047704406,3.217230972681162,3.2943000887765708
10,1800,0.596,3.2355124673782534,0.038722547776624976,3.1967899196016285,3.2742350151548782
10,1800,0.597,3.2152484576215894,0.038908018658195154,3.1763404389633942,3.2541564762797845
10,1800,0.598,3.194974384733333,0.03909090837359857,3.1558834763597345,3.2340652931069314
10,1800,0.599,3.174691131987941,0.039271155571416506,3.1354199764165247,3.2139622875593576
10,1800,0.6,3.1543995826598716,0.03944869984881346,3.1149508828110584,3.193848282508685
10,1800,0.601,3.1341006200235806,0.03962348173372436,3.0944771382898564,3.173724101757305
10,1800,0.602,3.1137951273535256,0.03979544266803615,3.0739996846854893,3.153590570021562
10,1800,0.603,3.0934839879241642,0.039964524991757275,3.053519462932407,3.1334485129159213
10,1800,0.604,3.0731680850099536,0.04013067192816774,3.033037413081786,3.1132987569381214
10,1800,0.605,3.0528483018853505,0.04029382756994301,3.0125544743154076,3.0931421294552934
10,1800,0.606,3.0325255218248124,0.040453936866245745,2.9920715849585666,3.072979458691058
10,1800,0.607,3.0122006281027964,0.04061094561077914,2.9715896824920174,3.0528115737135755
10,1800,0.608,2.9918745039937598,0.04076480043079666,2.951109703562963,3.0326393044245563
10,1800,0.609,2.9715480327721595,0.040915448777063705,2.930632583995096,3.012463481549223
10,1800,0.61,2.951222097712453,0.04106283891476719,2.9101592587976857,2.99228493662722
10,1800,0.611,2.9308975820890977,0.0412069199153702,2.8896906621737273,2.972104502004468
10,1800,0.612,2.9105753691765504,0.041347641649409864,2.8692277275271403,2.9519230108259604
10,1800,0.613,2.890256342249269,0.04148495478023727,2.8487713874690317,2.931741297029506
10,1800,0.614,2.8699413845817094,0.04161881075869986,2.8283225738230096,2.9115601953404093
10,1800,0.615,2.84963137944833,0.04174916181876758,2.8078822176295626,2.8913805412670976
10,1800,0.616,2.829327210123588,0.04187596097410568,2.7874512491494823,2.8712031710976937
10,1800,0.617,2.80902975988194,0.04199916201559781,2.767030597866342,2.8510289218975378
10,1800,0.618,2.7887399119978427,0.04211871950982533,2.7466211924880173,2.830858631507668
10,1800,0.619,2.768458549745755,0.04223458879850948,2.7262239609472454,2.8106931385442646
10,1800,0.62,2.7481865564001327,0.04234672599892507,2.7058398304012075,2.790533282399058
10,1800,0.621,2.7279248152354323,0.042455088005295724,2.6854697272301364,2.770379903240728
10,1800,0.622,2.7076742095261133,0.04255963249118277,2.6651145770349305,2.750233842017296
10,1800,0.623,2.687435622546632,0.04266031791288114,2.6447753046337508,2.730095940459513
10,1800,0.624,2.667209937571445,0.042757103513838164,2.6244528340576068,2.7099670410852834
10,1800,0.625,2.6469980378750093,0.042849949330112415,2.604148088544897,2.6898479872051215
10,1800,0.626,2.626800806731783,0.04293881619689234,2.5838619905348907,2.669739622928675
10,1800,0.627,2.606619127416223,0.04302366575609636,2.563595461660127,2.6496427931723194
10,1800,0.628,2.5864538832027866,0.04310446046507822,2.5433494227377085,2.6295583436678647
10,1800,0.629,2.5663059573659304,0.043181163606463895,2.5231247937594663,2.6094871209723944
10,1800,0.63,2.546176233180112,0.043253739299148615,2.5029224938809636,2.5894299724792607
10,1800,0.631,2.526065593919789,0.04332215251048553,2.4827434414093035,2.5693877464302743
10,1800,0.632,2.505974922859418,0.04338636906969945,2.4625885537897183,2.5493612919291175
10,1800,0.633,2.4859051032734567,0.043446355682562735,2.442458747590894,2.5293514589560195
10,1800,0.634,2.465857018436362,0.04350207994737274,2.422354938488989,2.509359098383735
10,1800,0.635,2.4458315516225904,0.043553510372273646,2.402278041250317,2.489385061994864
10,1800,0.636,2.4258295861066004,0.043600616393968346,2.382228969712632,2.4694302025005688
10,1800,0.637,2.405852005162849,0.04364336839787022,2.362208636764979,2.4494953735607194
10,1800,0.638,2.385899692065793,0.04368173773974696,2.342217954326046,2.42958142980554
10,1800,0.639,2.3659735300898896,0.043715696768913646,2.322257833320976,2.4096892268588035
10,1800,0.64,2.346074402509595,0.0437452188530354,2.3023291836565596,2.389819621362631
10,1800,0.641,2.326203192599369,0.04377027840460411,2.282432914194765,2.369973471003973
10,1800,0.642,2.306360783633666,0.04379085090915869,2.2625699327245075,2.350151634542825
10,1800,0.643,2.286548058886945,0.04380691295532202,2.242741145931623,2.330354971842267
10,1800,0.644,2.266765901633663,0.043818442266733405,2.22294745936693,2.3105843439003966
10,1800,0.645,2.247015195148277,0.04382541773595982,2.2031897774123173,2.2908406128842365
10,1800,0.646,2.2272968227052434,0.04382781946047485,2.1834690032447686,2.2711246421657183
10,1800,0.647,2.2076116675790205,0.04382562878079995,2.1637860387982206,2.2514372963598204
10,1800,0.648,2.187960613044065,0.04381882832090848,2.1441417847231565,2.231779441364974
10,1800,0.649,2.1683445423748338,0.043807402030998976,2.124537140343835,2.2121519444058326
10,1800,0.65,2.148764338845785,0.043791335232751326,2.1049730036130336,2.1925556740785366
10,1800,0.651,2.129220885731375,0.043770614667185806,2.085450271064189,2.172991500398561
10,1800,0.652,2.1097150663060615,0.043745228545252715,2.0659698377608087,2.1534602948513144
10,1800,0.653,2.0902477638443013,0.04371516660128782,2.0465325972430137,2.133962930445589
10,1800,0.654,2.070819861620552,0.043680420149476866,2.0271394414710753,2.1145002817700287
10,1800,0.655,2.0514322429092706,0.04364098214348129,2.0077912607657895,2.0950732250527517
10,1800,0.656,2.032085790984914,0.04359684723938573,1.9884889437455282,2.0756826382242997
10,1800,0.657,2.01278138912194,0.04354801186213771,1.9692333772598023,2.056329400984078
10,1800,0.658,1.9935199205948058,0.0434944742756596,1.9500254463191462,2.0370143948704653
10,1800,0.659,1.9743022686779672,0.04343623465682353,1.9308660340211437,2.0177385033347908
10,1800,0.66,1.9551293166458834,0.04337329517349031,1.9117560214723932,1.9985026118193736
10,1800,0.661,1.9360019477730108,0.043305660066825374,1.8926962877061855,1.9793076078398362
10,1800,0.662,1.9169210453338064,0.04323333573811626,1.87368770959569,1.9601543810719226
10,1800,0.663,1.8978874926027274,0.04315633084032852,1.854731161762399,1.9410438234430558
10,1800,0.664,1.8789021728542312,0.043074656374650334,1.835827516479581,1.9219768292288815
10,1800,0.665,1.8599659693627748,0.0429883257922886,1.8169776435704863,1.9029542951550633
10,1800,0.666,1.8410797654028155,0.04289735510179434,1.798182410301021,1.8839771205046099
10,1800,0.667,1.8222444442488108,0.04280176298220873,1.779442681266602,1.8650462072310197
10,1800,0.668,1.8034608891752177,0.04270157090233625,1.7607593182728816,1.846162460077554
10,1800,0.669,1.784729983456493,0.04259680324646683,1.7421331802100262,1.8273267867029597
10,1800,0.67,1.766052610367094,0.04248748744688432,1.7235651229202096,1.8085400978139783
10,1800,0.671,1.747429653181479,0.04237365412351428,1.7050559990579648,1.7898033073049933
10,1800,0.672,1.7288619951741035,0.04225533723108084,1.6866066579430228,1.7711173324051843
10,1800,0.673,1.7103505196194264,0.04213257421415764,1.6682179454052688,1.752483093833584
10,1800,0.674,1.6918961097919034,0.04200540617051489,1.6498907036213886,1.7339015159624183
10,1800,0.675,1.6734996489659921,0.041873878023179795,1.6316257709428124,1.715373526989172
10,1800,0.676,1.6551620204161508,0.041738038701643713,1.613423981714507,1.6969000591177945
10,1800,0.6769999999999999,1.6368841074168379,0.04159794133266395,1.595286166084174,1.6784820487495018
10,1800,0.6779999999999999,1.6186667932425056,0.04145364344112213,1.5772131498013835,1.6601204366836277
10,1800,0.6789999999999999,1.6005109611676143,0.04130520716141416,1.5592057540062,1.6418161683290284
10,1800,0.6799999999999999,1.5824174944666218,0.04115269945985755,1.5412647950067644,1.6235701939264793
10,1800,0.6809999999999999,1.5643872764139841,0.040996192368611455,1.5233910840453726,1.6053834687825956
10,1800,0.6819999999999999,1.5464211902841587,0.040835763231610846,1.505585427052548,1.5872569535157695
10,1800,0.6829999999999999,1.5285201193516018,0.040671494963019694,1.4878486243885822,1.5691916143146214
10,1800,0.6839999999999999,1.510684946890774,0.040503476318707904,1.470181470572066,1.551188423209482
10,1800,0.6849999999999999,1.4929165561761286,0.040331802181251056,1.4525847539948775,1.5332483583573797
10,1800,0.6859999999999999,1.475215830482124,0.04015657385894074,1.4350592566231832,1.5153724043410646
10,1800,0.6869999999999999,1.457583653083219,0.03997789939927683,1.4176057536839421,1.4975615524824957
10,1800,0.688,1.4400209072538686,0.039795893917386665,1.400225013336482,1.4798168011712551
10,1800,0.689,1.4225284762685322,0.03961067993978116,1.3829177963287511,1.4621391562083133
10,1800,0.69,1.405107243401664,0.039422387763813266,1.3656848556378507,1.4445296311654774
10,1800,0.691,1.387758091927724,0.0392311558331448,1.348526936094579,1.4269892477608688
10,1800,0.692,1.3704819051211694,0.039037131129456254,1.3314447739917132,1.4095190362506256
10,1800,0.693,1.3532795662564554,0.03884046958054367,1.3144390966759116,1.3921200358369992
10,1800,0.694,1.33615195860804,0.03864133648483864,1.2975106221232013,1.3747932950928785
10,1800,0.695,1.319099965450381,0.03843990695225764,1.2806600584981234,1.3575398724026386
10,1800,0.696,1.3021244700579349,0.03823636636113154,1.2638881036968033,1.3403608364190664
10,1800,0.697,1.2852263557051593,0.0380309108307838,1.2471954448743756,1.323257266535943
10,1800,0.698,1.2684065056665115,0.03782374770911209,1.2305827579573994,1.3062302533756236
10,1800,0.699,1.2516658032164487,0.03761509607428013,1.2140507071421687,1.2892808992907288
10,1800,0.7,1.235005131629428,0.037405187249339916,1.197599944380088,1.2724103188787679
10,1800,0.701,1.218425374179907,0.037194265328275466,1.1812311088516314,1.2556196395081825
10,1800,0.702,1.2019274141423406,0.03698258771158528,1.1649448264307554,1.2389100018539259
10,1800,0.703,1.1855121347911899,0.03677042564909614,1.1487417091420937,1.222282560440286
10,1800,0.704,1.169180419400908,0.03655806478722386,1.1326223546136842,1.205738484188132
10,1800,0.705,1.1529331512459557,0.036345805717362574,1.116587345528593,1.1892789569633184
10,1800,0.706,1.1367712136007881,0.03613396452149268,1.1006372490792955,1.1729051781222808
10,1800,0.707,1.1206954897398633,0.03592287331044467,1.0847726164294187,1.156618363050308
10,1800,0.708,1.104706862937638,0.035712880749543416,1.0689939821880945,1.1404197436871815
10,1800,0.709,1.0888062164685697,0.035504352565585366,1.0533018639029843,1.124310569034155
10,1800,0.71,1.0729944336071144,0.03529767202827344,1.037696761578841,1.1082921056353878
10,1800,0.711,1.0572723976277318,0.03509324039835649,1.0221791572293752,1.0923656380260884
10,1800,0.712,1.0416409918048761,0.03489147733380157,1.0067495144710745,1.0765324691386777
10,1800,0.713,1.0261010994130073,0.034692821244381236,0.9914082781686261,1.0607939206573886
10,1800,0.714,1.0106536037265814,0.034497729584100106,0.9761558741424813,1.0451513333106814
10,1800,0.715,0.9952993880200554,0.03430667906993892,0.9609927089501165,1.0296060670899942
10,1800,0.716,0.9800393355678862,0.03412016581448649,0.9459191697533997,1.0141595013823728
10,1800,0.717,0.9648743296445322,0.03393870535919465,0.9309356242853376,0.9988130350037269
10,1800,0.718,0.9498052535244484,0.03376283259426739,0.9160424209301811,0.9835680861187158
10,1800,0.719,0.9348329904820948,0.03359310155062976,0.901239888931465,0.9684260920327246
10,1800,0.72,0.9199584237919269,0.033430085049065784,0.8865283387428612,0.9533885088409927
10,1800,0.721,0.9051824367284027,0.03327437419152659,0.8719080625368761,0.9384568109199293
10,1800,0.722,0.890505912565979,0.03312657767984848,0.8573793348861305,0.9236324902458275
10,1800,0.723,0.8759297345791123,0.032987320947753494,0.8429424136313588,0.9089170555268657
10,1800,0.724,0.8614547860422609,0.03285724509309051,0.8285975409491704,0.8943120311353514
10,1800,0.725,0.8470819502298821,0.03273700559887648,0.8143449446310056,0.8798189558287586
10,1800,0.726,0.8328121104164316,0.032627270833863006,0.8001848395825686,0.8654393812502945
10,1800,0.727,0.8186461498763685,0.03252872032612424,0.7861174295502443,0.8511748702024927
10,1800,0.728,0.8045849518841474,0.03244204280655745,0.7721429090775899,0.8370269946907049
10,1800,0.729,0.7906293997142299,0.03236793402320518,0.7582614656910247,0.822997333737435
10,1800,0.73,0.7767803766410687,0.03230709433191695,0.7444732823091518,0.8090874709729856
10,1800,0.731,0.7630387659391232,0.03226022607400267,0.7307785398651205,0.7952989920131259
10,1800,0.732,0.7494054508828502,0.03222803075708908,0.717177420125761,0.7816334816399393
10,1800,0.733,0.7358813147467083,0.032211206061232234,0.703670108685476,0.7680925208079405
10,1800,0.734,0.7224672408051515,0.03221044269828546,0.690256798106866,0.7546776835034369
10,1800,0.735,0.7091641123326391,0.03222642115835886,0.6769376911742803,0.7413905334909979
10,1800,0.736,0.6959728126036275,0.032259808382694745,0.6637130042209328,0.7282326209863222
10,1800,0.737,0.6828942248925758,0.0323112544071611,0.6505829704854147,0.7152054792997369
10,1800,0.738,0.6699292324739393,0.032381389024575,0.6375478434493643,0.7023106214985143
10,1800,0.739,0.6570787186221758,0.03247081851695567,0.6246079001052202,0.6895495371391315
10,1800,0.74,0.644343566611742,0.03258012251035561,0.6117634441013864,0.6769236891220975
10,1800,0.741,0.6317246597170965,0.03270985100495138,0.5990148087121451,0.6644345107220478
10,1800,0.742,0.6192228812126938,0.03286052163148542,0.5863623595812083,0.6520834028441792
10,1800,0.743,0.6068391143729948,0.033032617181899364,0.5738064971910954,0.6398717315548941
10,1800,0.744,0.5945742424724534,0.033226583457139094,0.5613476590153142,0.6278008259295925
10,1800,0.745,0.5824291487855288,0.03344282746877507,0.5489863213167537,0.6158719762543038
10,1800,0.746,0.570404716586677,0.03368171602348681,0.5367230005631902,0.6040864326101638
10,1800,0.747,0.558501829150358,0.033943574710893806,0.5245582544394641,0.5924454038612518
10,1800,0.748,0.546721369751024,0.03422868730601909,0.5124926824450049,0.5809500570570432
10,1800,0.749,0.535064221663136,0.034537295588219566,0.5005269260749164,0.5696015172513557
10,1800,0.75,0.5235312681611499,0.03486959956909374,0.4886616685920562,0.5584008677302437
10,1800,0.751,0.5121233925195241,0.03522575811304849,0.4768976344064756,0.5473491506325726
10,1800,0.752,0.5008414780127133,0.035605889926206336,0.46523558808650695,0.5364473679389197
10,1800,0.753,0.48968640791517726,0.0360100748824334,0.45367633303274385,0.5256964827976106
10,1800,0.754,0.4786590655013727,0.03643835564967591,0.4422207098516968,0.5150974211510486
10,1800,0.755,0.46776033404575523,0.036890739575630715,0.4308695944701245,0.504651073621386
10,1800,0.756,0.4569910968227845,0.037367200789098984,0.4196238960336855,0.4943582976118835
10,1800,0.757,0.4463522371069151,0.037867682472147855,0.40848455463476724,0.4842199195790629
10,1800,0.758,0.43584463817260566,0.03839209925835002,0.39745253891425564,0.4742367374309557
10,1800,0.759,0.42546918329431316,0.03894033971373309,0.38652884358058004,0.4644095230080463
10,1800,0.76,0.4152267557464947,0.03951226885947501,0.3757144868870197,0.4547390246059697
10,1800,0.761,0.40511823880360864,0.0401077306986157,0.3650105081049929,0.4452259695022244
10,1800,0.762,0.39514451574011067,0.04072655071291062,0.3544179650272,0.4358710664530213
10,1800,0.763,0.3853064698304589,0.04136853830021121,0.3439379315302477,0.4266750081306701
10,1800,0.764,0.3756049843491086,0.04203348912723148,0.3335714952218771,0.4176384734763401
10,1800,0.765,0.36604094257052044,0.04272118737706458,0.32331975519345585,0.40876212994758504
10,1800,0.766,0.3566152277691488,0.04343140787521093,0.31318381989393784,0.4000466356443597
10,1800,0.767,0.3473287232194524,0.04416391808203895,0.30316480513741345,0.39149264130149136
10,1800,0.768,0.33818231219588724,0.04491847994344403,0.29326383225244324,0.38310079213933124
10,1800,0.769,0.3291768779729103,0.04569485159492564,0.28348202637798464,0.37487172956783593
10,1800,0.77,0.3203133038249797,0.04649278891734436,0.2738205149076353,0.36680609274232406
10,1800,0.771,0.311592473026555,0.047312046945221245,0.2642804260813338,0.35890451997177625
10,1800,0.772,0.3030152688520874,0.04815238113061893,0.2548628877214685,0.35116764998270633
10,1800,0.773,0.29458257457604087,0.04901354846740215,0.24556902610863873,0.343596123043443
10,1800,0.774,0.28629527347286754,0.04989530848205289,0.23639996499081464,0.3361905819549204
10,1800,0.775,0.27815424881702644,0.0507974240982406,0.22735682471878585,0.32895167291526706
10,1800,0.776,0.27016038388297625,0.05171966238306428,0.21844072149991198,0.32188004626604055
10,1800,0.777,0.26231456194517055,0.05266179518332676,0.2096527667618438,0.3149763571284973
10,1800,0.778,0.25461766627807103,0.053623599660419366,0.20099406661765168,0.3082412659384904
10,1800,0.779,0.24707058015613115,0.05460485873241745,0.1924657214237137,0.3016754388885486
10,1800,0.78,0.23967418685380892,0.05560536143186,0.1840688254219489,0.29527954828566894
10,1800,0.781,0.23242936964556282,0.05662490318743218,0.17580446645813064,0.289054272832995
10,1800,0.782,0.2253370118058493,0.05766328603742808,0.1676737257684212,0.2830002978432774
10,1800,0.783,0.2183979966091269,0.05872031878245677,0.15967767782667014,0.27711831539158366
10,1800,0.784,0.21161320732984978,0.05979581708439962,0.15181739024545016,0.2714090244142494
10,1800,0.785,0.2049835272424777,0.06088960351814065,0.14409392372433705,0.26587313076061836
10,1800,0.786,0.19850983962146618,0.06200150758209607,0.1365083320393701,0.2605113472035622
10,1800,0.787,0.19219302774127578,0.06313136567306983,0.12906166206820596,0.2553243934143456
10,1800,0.788,0.18603397487636048,0.0642790210304755,0.12175495384588497,0.250312995906836
10,1800,0.789,0.18003356430117667,0.06544432365448948,0.1145892406466872,0.24547788795566616
10,1800,0.79,0.1741926792901839,0.06662713020225197,0.10756554908793192,0.24081980949243587
10,1800,0.791,0.16851220311783738,0.06782730386580285,0.10068489925203453,0.23633950698364023
10,1800,0.792,0.1629930190585976,0.06904471423504338,0.09394830482355421,0.23203773329364097
10,1800,0.793,0.15763601038691916,0.07027923714864077,0.08735677323827838,0.22791524753555992
10,1800,0.794,0.15244206037725955,0.07153075453545434,0.08091130584180521,0.22397281491271387
10,1800,0.795,0.1474120523040764,0.07279915424874471,0.07461289805533168,0.22021120655282111
10,1800,0.796,0.1425468694418271,0.07408432989514724,0.06846253954667986,0.21663119933697433
10,1800,0.797,0.13784739506496763,0.07538618066012633,0.0624612144048413,0.21323357572509394
10,1800,0.798,0.13331451244795572,0.07670461113140083,0.0566099013165549,0.21001912357935654
10,1800,0.799,0.12894910486525035,0.07803953112161453,0.05090957374363582,0.2069886359868649
10,1800,0.8,0.12475205559130653,0.07939085549134496,0.04536120009996157,0.20414291108265148
10,1800,0.801,0.12072424790058123,0.08075850397337139,0.039965743927209835,0.20148275187395262
10,1800,0.802,0.11686656506753473,0.08214240099898036,0.03472416406855437,0.19900896606651508
10,1800,0.803,0.11317989036662252,0.08354247552695136,0.029637414839671153,0.1967223658935739
10,1800,0.8039999999999999,0.10966510707229948,0.084958660875755,0.024706446196544482,0.19462376794805447
10,1800,0.8049999999999999,0.10632309845902449,0.08639089455939238,0.019932203899632114,0.19271399301841685
10,1800,0.8059999999999999,0.1031547478012565,0.08783911812721497,0.015315629674041528,0.19099386592847145
10,1800,0.8069999999999999,0.10016093837345119,0.08930327700799383,0.010857661365457363,0.18946421538144503
10,1800,0.8079999999999999,0.09734255345006379,0.09078332035843172,0.006559233091632075,0.1881258738084955
10,1800,0.8089999999999999,0.09470047630555747,0.09227920091626313,0.0024212753892943473,0.1869796772218206
10,1800,0.8099999999999999,0.09223559021438107,0.09379087485803006,-0.0015552846436489853,0.18602646507241113
10,1800,0.8109999999999999,0.08994877845099794,0.09531830166158714,-0.0053695232105892,0.18526708011258508
10,1800,0.8119999999999999,0.08784092428986345,0.09686144397334628,-0.00902051968348283,0.18470236826320974
10,1800,0.813,0.08591291100543577,0.09842026748024754,-0.01250735647481177,0.1843331784856833
10,1800,0.814,0.08416562187216975,0.09999474078641303,-0.01582911891424328,0.18416036265858277
10,1800,0.815,0.08259994016452657,0.1015848352944226,-0.018984895129896026,0.18418477545894918
10,1800,0.816,0.0812167491569595,0.10319052509112994,-0.021973775934170436,0.18440727424808945
10,1800,0.817,0.08001693212392721,0.1048117868379286,-0.02479485471400139,0.18482871896185582
10,1800,0.818,0.07900137233988616,0.10644859966535905,-0.02744722732547289,0.1854499720052452
10,1800,0.819,0.07817095307929528,0.10810094507194773,-0.02992999199265245,0.186271898151243
10,1800,0.82,0.07752655761661094,0.1097688068271544,-0.03224224921054346,0.18729536444376532
10,1800,0.821,0.07706906922628885,0.11145217087830568,-0.03438310165201683,0.18852124010459453
10,1800,0.822,0.07679937118278743,0.11315102526138511,-0.03635165407859768,0.18995039644417255
10,1800,0.823,0.07671834676056677,0.11486536001555099,-0.03814701325498422,0.19158370677611775
10,1800,0.824,0.07682687923407823,0.11659516710124995,-0.03976828786717172,0.19342204633532817
10,1800,0.825,0.07712585187778488,0.11834044032179779,-0.041214588444012906,0.19546629219958267
10,1800,0.826,0.07761614796613643,0.12010117524829478,-0.04248502728215835,0.1977173232144312
10,1800,0.827,0.07829865077359907,0.12187736914775153,-0.04357871837415246,0.2001760199213506
10,1800,0.828,0.07917424357462322,0.12366902091429438,-0.044494777339671165,0.2028432644889176
10,1800,0.829,0.08024380964367164,0.12547613100333227,-0.04523232135966063,0.2057199406470039
10,1800,0.83,0.08150823225519545,0.12729870136855928,-0.04579046911336383,0.20880693362375474
10,1800,0.831,0.08296839468365619,0.1291367354016801,-0.04616834071802392,0.2121051300853363
10,1800,0.832,0.08462518020351052,0.13099023787474037,-0.04636505767122985,0.2156154180782509
10,1800,0.833,0.0864794720892128,0.1328592148849541,-0.04637974279574131,0.21933868697416692
10,1800,0.834,0.08853215361522385,0.1347436738019196,-0.04621152018669575,0.22327582741714344
10,1800,0.835,0.0907841080559996,0.13664362321712148,-0.04585951516112188,0.22742773127312108
10,1800,0.836,0.09323621868599391,0.13855907289561767,-0.04532285420962376,0.23179529158161158
10,1800,0.837,0.09588936877967064,0.14049003372981836,-0.04460066495014772,0.236379402509489
10,1800,0.838,0.09874444161148208,0.14243651769526008,-0.04369207608377801,0.24118095930674216
10,1800,0.839,0.1018023204558868,0.14439853780829143,-0.042596217352404625,0.24620085826417823
10,1800,0.84,0.1050638885873405,0.14637610808558038,-0.04131221949823988,0.2514399966729209
10,1800,0.841,0.1085300292803052,0.14836924350536604,-0.03983921422506084,0.25689927278567126
10,1800,0.842,0.11220162580923293,0.1503779599703724,-0.03817633416113947,0.26257958577960533
10,1800,0.843,0.11607956144858245,0.1524022742723132,-0.03632271282373076,0.2684818357208957
10,1800,0.844,0.12016471947281149,0.15444220405791287,-0.03427748458510138,0.27460692353072436
10,1800,0.845,0.12445798315637635,0.15649776779637706,-0.03203978464000071,0.2809557509527534
10,1800,0.846,0.12896023577373378,0.1585689847482468,-0.029608748974513016,0.2875292205219806
10,1800,0.847,0.13367236059934579,0.16065587493557343,-0.026983514336227643,0.2943282355349192
10,1800,0.848,0.13859524090766384,0.16275845911335377,-0.024163218205689924,0.3013537000210176
10,1800,0.849,0.14372975997314485,0.16487675874217114,-0.021146998769026287,0.30860651871531597
10,1800,0.85,0.14907680107025373,0.1670107959619838,-0.01793399489173006,0.31608759703223754
10,1800,0.851,0.15463724747343566,0.1691605935670124,-0.01452334609357675,0.32379784104044806
10,1800,0.852,0.1604119824571572,0.17132617498167474,-0.01091419252451753,0.33173815743883195
10,1800,0.853,0.16640188929587363,0.1735075642375215,-0.007105674941647877,0.33990945353339513
10,1800,0.854,0.17260785126404043,0.17570478595112654,-0.003096934687086106,0.348312637215167
10,1800,0.855,0.17903075163611826,0.1779178653028917,0.0011128863332265648,0.3569486169390099
10,1800,0.856,0.185671473686558,0.1801468280167202,0.005524645669837819,0.3658183017032782
10,1800,0.857,0.19253090068982304,0.1823917003405259,0.010139200349297134,0.3749226010303489
10,1800,0.858,0.19960991592036792,0.18465250902753427,0.014957406892833647,0.3842624249479022
10,1800,0.859,0.20690940265264968,0.18692928131834605,0.01998012133430363,0.39383868397099575
10,1800,0.86,0.21443024416112377,0.18922204492372396,0.02520819923739981,0.40365228908484774
10,1800,0.861,0.22217332372025245,0.1915308280080759,0.03064249571217656,0.4137041517283283
10,1800,0.862,0.23013952460448872,0.19385565917359773,0.03628386543089099,0.4239951837780864
10,1800,0.863,0.2383297300882936,0.1961965674450528,0.042133162643240823,0.4345262975333464
10,1800,0.864,0.24674482344612036,0.19855358225515415,0.04819124119096621,0.44529840570127455
10,1800,0.865,0.25538568795242533,0.2009267334305282,0.05445895452189714,0.4563124213829535
10,1800,0.866,0.264253206881672,0.20331605117822987,0.0609371557034421,0.46756925805990185
10,1800,0.867,0.27334826350830843,0.2057215660727891,0.06762669743551933,0.47906982958109756
10,1800,0.868,0.28267174110680093,0.2081433090437623,0.07452843206303864,0.49081505015056326
10,1800,0.869,0.29222452295160184,0.21058131136376906,0.08164321158783278,0.502805834315371
10,1800,0.87,0.3020074923171683,0.21303560463699164,0.08897188768017664,0.51504309695416
10,1800,0.871,0.3120215324779605,0.21550622078811915,0.09651531168984134,0.5275277532660796
10,1800,0.872,0.32226752670843173,0.2179931920517146,0.10427433465671712,0.5402607187601464
10,1800,0.873,0.3327463582830421,0.22049655096198992,0.11224980732105219,0.553242909245032
10,1800,0.874,0.34345891047624666,0.2230163303429684,0.12044258013327827,0.5664752408192151
10,1800,0.875,0.3544060665625044,0.22555256329902135,0.12885350326348305,0.5799586298615258
10,1800,0.876,0.3655887098162698,0.22810528320575932,0.13748342661051047,0.5936939930220291
10,1800,0.877,0.3770077235120053,0.2306745237012677,0.14633319981073759,0.607682247213273
10,1800,0.878,0.38866399092416204,0.23326031867766656,0.15540367224649548,0.6219243096018285
10,1800,0.879,0.40055839532720316,0.23586270227298714,0.16469569305421602,0.6364210976001903
10,1800,0.88,0.4126918199955829,0.23848170886334655,0.17421011113223636,0.6511735288589294
10,1800,0.881,0.42506514820375685,0.24111737305541234,0.1839477751483445,0.6661825212591692
10,1800,0.882,0.43767926322618433,0.24376972967914196,0.19390953354704238,0.6814489929053262
10,1800,0.883,0.4505350483373216,0.24643881378078797,0.20409623455653364,0.6969738621181096
10,1800,0.884,0.463633386811624,0.24912466061615648,0.21450872619546754,0.7127580474277805
10,1800,0.885,0.47697516192355427,0.2518273056441105,0.22514785627944378,0.7288024675676648
10,1800,0.886,0.49056125694756525,0.2545467845203049,0.23601447242726037,0.7451080414678701
10,1800,0.887,0.504392555158117,0.25728313309114775,0.24710942206696923,0.7616756882492648
10,1800,0.888,0.5184699398296624,0.2600363873879754,0.258433552441687,0.7785063272176378
10,1800,0.889,0.5327942942366624,0.26280658362143516,0.2699877106152272,0.7956008778580975
10,1800,0.89,0.5473665016535711,0.2655937581760651,0.281772743477506,0.8129602598296363
10,1800,0.891,0.5621874453548477,0.26839794760506586,0.2937894977497818,0.8305853929599135
10,1800,0.892,0.5772580086149492,0.2712191886252533,0.30603881998969595,0.8484771972402025
10,1800,0.893,0.5925790747083377,0.2740575181121888,0.3185215565961489,0.8666365928205265
10,1800,0.894,0.6081515269094604,0.2769129730954765,0.33123855381398387,0.8850645000049369
10,1800,0.895,0.6239762484927802,0.2797855907542245,0.3441906577385557,0.9037618392470047
10,1800,0.896,0.6400541227327565,0.2826754084126598,0.3573787143200967,0.9227295311454163
10,1800,0.897,0.6563860329038411,0.285582463535895,0.3708035693679461,0.9419684964397361
10,1800,0.898,0.6729728622804969,0.2885067937258371,0.3844660685546598,0.961479656006334
10,1800,0.899,0.6898154941371772,0.2914484367172364,0.39836705741994083,0.9812639308544137
10,1800,0.9,0.7069148117483364,0.294407430373867,0.41250738137446935,1.0013222421222034
