P_GPa,T_K,x_B,n_frames,k,S_cc,weight
0,1200,0.1,1251,0.27,0.05381649229,1.414213562
0,1200,0.1,1251,0.42,0.02416085347,1.414213562
0,1200,0.1,1251,0.5,0.06345675523,2.449489743
0,1200,0.1,1251,0.55,0.08966641617,1.414213562
0,1200,0.1,1251,0.57,0.02897247234,2
0,1200,0.1,1251,0.65,0.06136058415,2
0,1200,0.1,1251,0.69,0.07425363158,2
0,1200,0.1,1251,0.71,0.03944422462,2.828427125
0,1200,0.1,1251,0.74,0.04832369018,2
0,1200,0.1,1251,0.82,0.0985519086,1.414213562
0,1200,0.1,1251,0.85,0.07516937012,3.16227766
0,1200,0.1,1251,0.89,0.07260036024,2
0,1200,0.1,1251,0.92,0.0605105953,2
0,1200,0.1,1251,0.96,0.0789634862,2
0,1200,0.1,1251,0.98,0.08359273465,2
0,1200,0.1,1251,0.99,0.02987698,1.414213562
0,1200,0.1,1251,1.01,0.06572714291,2
0,1200,0.1,1251,1.02,0.08393962298,2.828427125
0,1200,0.1,1251,1.03,0.07203534035,2
0,1200,0.1,1251,1.05,0.06521842859,2.828427125
0,1200,0.1,1251,1.08,0.05867645328,2
0,1200,0.1,1251,1.09,0.1662748103,1.414213562
0,1200,0.1,1251,1.11,0.04713988118,2.828427125
0,1200,0.1,1251,1.12,0.05733308617,2.828427125
0,1200,0.1,1251,1.13,0.07108096904,2
0,1200,0.1,1251,1.17,0.05799672145,2
0,1200,0.1,1251,1.18,0.07843236697,2
0,1200,0.1,1251,1.2,0.0463295935,2
0,1200,0.1,1251,1.21,0.07949850095,2.828427125
0,1200,0.1,1251,1.27,0.06119143649,3.16227766
0,1200,0.1,1251,1.28,0.1223813357,2.828427125
0,1200,0.1,1251,1.29,0.07956182039,2
0,1200,0.1,1251,1.3,0.07756614704,2.828427125
0,1200,0.1,1251,1.33,0.07703060593,2.828427125
0,1200,0.1,1251,1.35,0.08013138016,2.828427125
0,1200,0.1,1251,1.36,0.1218818034,2
0,1200,0.1,1251,1.38,0.09360799617,2.828427125
0,1200,0.1,1251,1.39,0.0877561525,2.828427125
0,1200,0.1,1251,1.41,0.06667117856,2.828427125
0,1200,0.1,1251,1.47,0.06316894643,4.472135955
0,1200,0.1,1251,1.49,0.1077911474,1.414213562
0,1200,0.1,1251,1.51,0.07191787548,2.828427125
0,1200,0.1,1251,1.53,0.06551020364,2.828427125
0,1200,0.1,1251,1.54,0.07186385363,2.828427125
0,1200,0.1,1251,1.55,0.06236277897,2
0,1200,0.1,1251,1.57,0.1429546525,2.828427125
0,1200,0.1,1251,1.58,0.08336133476,2
0,1200,0.1,1251,1.59,0.08624285126,2.828427125
0,1200,0.1,1251,1.61,0.05799728203,2
0,1200,0.1,1251,1.63,0.08064885455,2.828427125
0,1200,0.1,1251,1.64,0.1043880509,2.828427125
0,1200,0.1,1251,1.67,0.1101594241,2
0,1200,0.1,1251,1.69,0.04914074347,1.414213562
0,1200,0.1,1251,1.7,0.09438711787,4.472135955
0,1200,0.1,1251,1.71,0.1277646919,2
0,1200,0.1,1251,1.72,0.07477311644,2
0,1200,0.1,1251,1.73,0.0756067881,2.828427125
0,1200,0.1,1251,1.75,0.08593573526,4
0,1200,0.1,1251,1.76,0.09825164204,2
0,1200,0.1,1251,1.78,0.07318948166,2
0,1200,0.1,1251,1.79,0.1246279284,2.828427125
0,1200,0.1,1251,1.8,0.09769956937,2.828427125
0,1200,0.1,1251,1.81,0.09039770597,2.828427125
0,1200,0.1,1251,1.84,0.09091347473,2
0,1200,0.1,1251,1.85,0.1097011062,2.828427125
0,1200,0.1,1251,1.88,0.0731503186,2
0,1200,0.1,1251,1.89,0.08178664916,2.828427125
0,1200,0.1,1251,1.9,0.0784211442,2.828427125
0,1200,0.1,1251,1.95,0.09292091089,4
0,1200,0.1,1251,1.96,0.1250030044,2.828427125
0,1200,0.1,1251,1.97,0.1179637818,2.828427125
0,1200,0.1,1251,1.98,0.0739463034,3.16227766
0,1200,0.1,1251,2,0.1141583531,2
0,1200,0.1,1251,2.01,0.08468861637,2
0,1200,0.1,1251,2.03,0.09299712364,4.472135955
0,1200,0.1,1251,2.04,0.1060769629,2.828427125
0,1200,0.1,1251,2.05,0.07733723866,2.828427125
0,1200,0.1,1251,2.06,0.06273013743,2
0,1200,0.1,1251,2.07,0.1067684867,2.828427125
0,1200,0.1,1251,2.1,0.08665256104,2.828427125
0,1200,0.1,1251,2.12,0.09123607525,2.828427125
0,1200,0.1,1251,2.13,0.09780629976,2.828427125
0,1200,0.1,1251,2.15,0.1444838468,2
0,1200,0.1,1251,2.16,0.09931358307,2
0,1200,0.1,1251,2.17,0.1170611253,2.828427125
0,1200,0.1,1251,2.19,0.1004296953,2.828427125
0,1200,0.1,1251,2.22,0.1222104328,2.828427125
0,1200,0.1,1251,2.24,0.09810208651,2.828427125
0,1200,0.1,1251,2.25,0.09548978404,3.464101615
0,1200,0.1,1251,2.26,0.06937968776,2
0,1200,0.1,1251,2.27,0.1132130621,2.828427125
0,1200,0.1,1251,2.3,0.09115505799,2.828427125
0,1200,0.1,1251,2.31,0.09564710235,2.828427125
0,1200,0.1,1251,2.32,0.09497203298,2.828427125
0,1200,0.1,1251,2.35,0.1252235483,2
0,1200,0.1,1251,2.37,0.1456245596,2.828427125
0,1200,0.1,1251,2.4,0.1220561238,2.828427125
0,1200,0.1,1251,2.42,0.09916577898,4
0,1200,0.1,1251,2.49,0.1456489878,2.828427125
0,1200,0.1,1251,2.5,0.1068226898,2.828427125
0,1200,0.1,1251,2.6,0.1206653216,2.828427125
0,1200,0.1,1251,2.61,0.1028178831,2
0,1200,0.1,1251,2.62,0.09667103685,2.828427125
0,1200,0.1,1251,2.66,0.1031337561,2.828427125
0,1200,0.1,1251,2.73,0.1120201638,2.828427125
0,1200,0.1,1251,2.83,0.07298098654,2.828427125
0,1200,0.2,1251,0.51,0.03210189077,1.414213562
0,1200,0.2,1251,0.52,0.04139758454,1.414213562
0,1200,0.2,1251,0.53,0.02963572063,1.414213562
0,1200,0.2,1251,0.72,0.06606642816,2
0,1200,0.2,1251,0.74,0.03963083566,2.828427125
0,1200,0.2,1251,0.9,0.07537573273,2.828427125
0,1200,0.2,1251,1.02,0.06230705003,1.414213562
0,1200,0.2,1251,1.03,0.06019112958,1.414213562
0,1200,0.2,1251,1.06,0.06832265983,1.414213562
0,1200,0.2,1251,1.14,0.06108751339,2
0,1200,0.2,1251,1.15,0.08984263748,2.828427125
0,1200,0.2,1251,1.16,0.08648132442,2
0,1200,0.2,1251,1.18,0.125764539,2.828427125
0,1200,0.2,1251,1.26,0.1103310862,2.828427125
0,1200,0.2,1251,1.27,0.1559292898,2.828427125
0,1200,0.2,1251,1.29,0.1257573479,2.828427125
0,1200,0.2,1251,1.45,0.2284689779,2
0,1200,0.2,1251,1.47,0.1264223522,2
0,1200,0.2,1251,1.48,0.1712690602,2
0,1200,0.2,1251,1.52,0.05228939053,1.414213562
0,1200,0.2,1251,1.54,0.1007426133,2.828427125
0,1200,0.2,1251,1.55,0.09288136099,1.414213562
0,1200,0.2,1251,1.56,0.1715178066,2.828427125
0,1200,0.2,1251,1.57,0.11585769,2.828427125
0,1200,0.2,1251,1.6,0.1004398363,1.414213562
0,1200,0.2,1251,1.61,0.08937643425,2.828427125
0,1200,0.2,1251,1.63,0.1256181106,2
0,1200,0.2,1251,1.64,0.07417067769,2
0,1200,0.2,1251,1.67,0.1987008089,2
0,1200,0.2,1251,1.68,0.1119840625,2
0,1200,0.2,1251,1.69,0.2013517987,2.828427125
0,1200,0.2,1251,1.71,0.1254374046,2.828427125
0,1200,0.2,1251,1.75,0.1144855397,2.828427125
0,1200,0.2,1251,1.8,0.1251433359,2.828427125
0,1200,0.2,1251,1.84,0.2224778153,2
0,1200,0.2,1251,1.85,0.1750656443,2
0,1200,0.2,1251,1.86,0.1161573769,2
0,1200,0.2,1251,1.88,0.2367784746,2
0,1200,0.2,1251,1.89,0.1755951048,2
0,1200,0.2,1251,1.9,0.2342376156,2
0,1200,0.2,1251,1.92,0.240023795,2.828427125
0,1200,0.2,1251,1.93,0.1451011412,4
0,1200,0.2,1251,1.95,0.1517079014,2.828427125
0,1200,0.2,1251,1.96,0.2386597894,2.828427125
0,1200,0.2,1251,1.97,0.1549052241,2.828427125
0,1200,0.2,1251,2.03,0.4973007755,1.414213562
0,1200,0.2,1251,2.06,0.2635722887,1.414213562
0,1200,0.2,1251,2.1,0.2604007789,2.828427125
0,1200,0.2,1251,2.13,0.2275840155,4.242640687
0,1200,0.2,1251,2.14,0.4219967575,2.828427125
0,1200,0.2,1251,2.15,0.2502883025,2.828427125
0,1200,0.2,1251,2.16,0.2313265744,2.828427125
0,1200,0.2,1251,2.17,0.1780666145,2
0,1200,0.2,1251,2.19,0.1952917048,4
0,1200,0.2,1251,2.21,0.1454886716,2
0,1200,0.2,1251,2.22,0.1345192892,2
0,1200,0.2,1251,2.24,0.223939169,2.828427125
0,1200,0.2,1251,2.25,0.2256759118,2.828427125
0,1200,0.2,1251,2.27,0.1264057535,2.828427125
0,1200,0.2,1251,2.28,0.1770912315,3.464101615
0,1200,0.2,1251,2.29,0.170182937,2
0,1200,0.2,1251,2.3,0.199777216,2
0,1200,0.2,1251,2.32,0.3651647394,2
0,1200,0.2,1251,2.34,0.1581344613,2.828427125
0,1200,0.2,1251,2.35,0.2434960965,2.828427125
0,1200,0.2,1251,2.36,0.2593318655,4
0,1200,0.2,1251,2.38,0.2435382589,2.828427125
0,1200,0.2,1251,2.41,0.2865940841,2.828427125
0,1200,0.2,1251,2.42,0.1997965663,4
0,1200,0.2,1251,2.44,0.2310480798,4
0,1200,0.2,1251,2.52,0.2620405333,2.828427125
0,1200,0.2,1251,2.53,0.2407119551,2.828427125
0,1200,0.2,1251,2.55,0.1937004953,2
0,1200,0.2,1251,2.57,0.2409389824,3.464101615
0,1200,0.2,1251,2.58,0.2039526237,2
0,1200,0.2,1251,2.61,0.1735641663,3.464101615
0,1200,0.2,1251,2.62,0.168397424,3.464101615
0,1200,0.2,1251,2.63,0.1734331573,3.464101615
0,1200,0.2,1251,2.66,0.1677129544,2.828427125
0,1200,0.2,1251,2.67,0.1982580247,2.828427125
0,1200,0.2,1251,2.68,0.2033033204,2.828427125
0,1200,0.2,1251,2.7,0.2063949,2.828427125
0,1200,0.2,1251,2.77,0.1876705128,2.828427125
0,1200,0.2,1251,2.78,0.2803430088,4
0,1200,0.2,1251,2.8,0.2248318296,2.828427125
0,1200,0.2,1251,2.81,0.2653900858,2.828427125
0,1200,0.2,1251,2.82,0.2564077611,2.828427125
0,1200,0.2,1251,2.9,0.3095976014,2
0,1200,0.2,1251,2.94,0.1631457245,3.464101615
0,1200,0.2,1251,2.96,0.2171909064,2
0,1200,0.2,1251,2.99,0.1681914938,2.828427125
0,1200,0.2,1251,3.01,0.1535409548,4
0,1200,0.2,1251,3.02,0.2007060239,2.828427125
0,1200,0.2,1251,3.04,0.1215333958,2.828427125
0,1200,0.2,1251,3.09,0.1136438703,2.828427125
0,1200,0.2,1251,3.12,0.129988271,2.828427125
0,1200,0.2,1251,3.13,0.1088202907,2.828427125
0,1200,0.2,1251,3.31,0.1042229582,2.828427125
0,1200,0.2,1251,3.32,0.09628873605,2.828427125
0,1200,0.2,1251,3.33,0.08381089849,2.828427125
0,1200,0.2,1251,3.59,0.07526023406,2.828427125
0,1200,0.3,1251,0.34,0.008442392708,1.414213562
0,1200,0.3,1251,0.41,0.004599106052,1.414213562
0,1200,0.3,1251,0.49,0.02799558815,1.414213562
0,1200,0.3,1251,0.53,0.0454874257,2
0,1200,0.3,1251,0.59,0.05683447334,2
0,1200,0.3,1251,0.64,0.05593540233,2
0,1200,0.3,1251,0.67,0.06627842351,1.414213562
0,1200,0.3,1251,0.72,0.05918867227,2.828427125
0,1200,0.3,1251,0.79,0.0385177078,2
0,1200,0.3,1251,0.81,0.02142611357,1.414213562
0,1200,0.3,1251,0.83,0.01828909391,2
0,1200,0.3,1251,0.88,0.04526147328,2
0,1200,0.3,1251,0.93,0.09228125348,2.828427125
0,1200,0.3,1251,0.95,0.09485811011,2
0,1200,0.3,1251,0.98,0.04358855527,1.414213562
0,1200,0.3,1251,1.01,0.05597511374,3.16227766
0,1200,0.3,1251,1.04,0.058316427,2
0,1200,0.3,1251,1.05,0.04616380446,2
0,1200,0.3,1251,1.06,0.03393385567,2
0,1200,0.3,1251,1.09,0.03889247458,2
0,1200,0.3,1251,1.11,0.1219427476,2.828427125
0,1200,0.3,1251,1.12,0.1474136822,2
0,1200,0.3,1251,1.16,0.1345757899,2.828427125
0,1200,0.3,1251,1.19,0.07510329314,3.464101615
0,1200,0.3,1251,1.22,0.02467871169,1.414213562
0,1200,0.3,1251,1.26,0.1433413413,3.464101615
0,1200,0.3,1251,1.27,0.09646555468,2
0,1200,0.3,1251,1.29,0.1278964606,2
0,1200,0.3,1251,1.31,0.07033379429,2
0,1200,0.3,1251,1.32,0.1076190075,2.828427125
0,1200,0.3,1251,1.35,0.1654958087,3.16227766
0,1200,0.3,1251,1.38,0.2113244833,2.828427125
0,1200,0.3,1251,1.39,0.09069199007,2
0,1200,0.3,1251,1.41,0.1043186491,2.828427125
0,1200,0.3,1251,1.43,0.2396404632,2
0,1200,0.3,1251,1.44,0.1136501411,2.828427125
0,1200,0.3,1251,1.46,0.1652132393,2.828427125
0,1200,0.3,1251,1.47,0.09526128575,3.16227766
0,1200,0.3,1251,1.49,0.1427287284,2.828427125
0,1200,0.3,1251,1.51,0.09635195014,2
0,1200,0.3,1251,1.53,0.05509786492,2
0,1200,0.3,1251,1.56,0.2121861304,3.464101615
0,1200,0.3,1251,1.57,0.2473781927,2
0,1200,0.3,1251,1.58,0.1840986331,2
0,1200,0.3,1251,1.6,0.1913569175,2.828427125
0,1200,0.3,1251,1.62,0.1880741653,3.741657387
0,1200,0.3,1251,1.65,0.1707866688,2.828427125
0,1200,0.3,1251,1.66,0.1772248737,4
0,1200,0.3,1251,1.67,0.1712178078,2.828427125
0,1200,0.3,1251,1.68,0.1861057589,2
0,1200,0.3,1251,1.7,0.2547012125,3.464101615
0,1200,0.3,1251,1.71,0.1776736842,4
0,1200,0.3,1251,1.73,0.2062540973,2.828427125
0,1200,0.3,1251,1.76,0.2344145851,2
0,1200,0.3,1251,1.78,0.1552515718,2
0,1200,0.3,1251,1.81,0.1607370216,3.464101615
0,1200,0.3,1251,1.82,0.2155977227,2.828427125
0,1200,0.3,1251,1.83,0.2322951197,2.828427125
0,1200,0.3,1251,1.85,0.2378842619,2.828427125
0,1200,0.3,1251,1.86,0.2416997938,2.828427125
0,1200,0.3,1251,1.88,0.2139826803,2.828427125
0,1200,0.3,1251,1.9,0.1152125719,2
0,1200,0.3,1251,1.91,0.2275806009,2.828427125
0,1200,0.3,1251,1.93,0.2122294824,2.828427125
0,1200,0.3,1251,1.94,0.4187453178,2.828427125
0,1200,0.3,1251,1.96,0.1570157032,3.16227766
0,1200,0.3,1251,1.97,0.2499203036,2.828427125
0,1200,0.3,1251,1.99,0.1590889708,2.828427125
0,1200,0.3,1251,2,0.3443404597,2
0,1200,0.3,1251,2.01,0.2736839668,2.828427125
0,1200,0.3,1251,2.02,0.3166328648,2.828427125
0,1200,0.3,1251,2.03,0.2914882336,4
0,1200,0.3,1251,2.06,0.3322770336,2.828427125
0,1200,0.3,1251,2.07,0.1710393192,2
0,1200,0.3,1251,2.11,0.3773233995,3.464101615
0,1200,0.3,1251,2.12,0.2302222763,2
0,1200,0.3,1251,2.15,0.3154140589,4.898979486
0,1200,0.3,1251,2.16,0.3793271521,4
0,1200,0.3,1251,2.19,0.5974713824,2
0,1200,0.3,1251,2.21,0.4020168501,2
0,1200,0.3,1251,2.22,0.4156452603,2.828427125
0,1200,0.3,1251,2.23,0.5674455101,2.828427125
0,1200,0.3,1251,2.24,0.2448667803,2.828427125
0,1200,0.3,1251,2.29,0.1801824576,2.828427125
0,1200,0.3,1251,2.31,0.6140695971,2
0,1200,0.3,1251,2.32,0.2797400914,2.828427125
0,1200,0.3,1251,2.33,0.1981606808,2.828427125
0,1200,0.3,1251,2.34,0.4212170263,2.828427125
0,1200,0.3,1251,2.35,0.1466078714,2.828427125
0,1200,0.3,1251,2.38,0.1371929337,2
0,1200,0.3,1251,2.4,0.347517202,2.828427125
0,1200,0.3,1251,2.41,0.3842799987,4
0,1200,0.3,1251,2.51,0.2655653481,2.828427125
0,1200,0.3,1251,2.52,0.3503363211,2.828427125
0,1200,0.3,1251,2.55,0.1732573822,2
0,1200,0.3,1251,2.57,0.3512239234,4
0,1200,0.3,1251,2.63,0.5406313809,2.828427125
0,1200,0.3,1251,2.67,0.3269255476,2.828427125
0,1200,0.3,1251,2.74,0.4216653726,2.828427125
0,1200,0.3,1251,2.88,0.2459002696,2.828427125
0,1200,0.4,1251,0.36,0.01201281231,1.414213562
0,1200,0.4,1251,0.39,0.04354537198,1.414213562
0,1200,0.4,1251,0.51,0.02052405076,1.414213562
0,1200,0.4,1251,0.53,0.05518133357,2
0,1200,0.4,1251,0.63,0.01524275736,2
0,1200,0.4,1251,0.64,0.04563216378,2
0,1200,0.4,1251,0.72,0.042866492,1.414213562
0,1200,0.4,1251,0.74,0.03328542414,2.828427125
0,1200,0.4,1251,0.79,0.04359408635,1.414213562
0,1200,0.4,1251,0.82,0.04298976557,2
0,1200,0.4,1251,0.87,0.01531202395,2
0,1200,0.4,1251,0.88,0.04335406126,2
0,1200,0.4,1251,0.94,0.05162145464,2
0,1200,0.4,1251,0.97,0.02235309516,2.828427125
0,1200,0.4,1251,1,0.04401003274,2.828427125
0,1200,0.4,1251,1.02,0.0298240967,1.414213562
0,1200,0.4,1251,1.07,0.02939308906,2
0,1200,0.4,1251,1.08,0.06252605652,2.449489743
0,1200,0.4,1251,1.09,0.0240060155,2
0,1200,0.4,1251,1.15,0.08122444009,3.464101615
0,1200,0.4,1251,1.18,0.06287903436,3.16227766
0,1200,0.4,1251,1.19,0.02845314996,2
0,1200,0.4,1251,1.23,0.04917651791,2
0,1200,0.4,1251,1.25,0.08741770924,2
0,1200,0.4,1251,1.26,0.09220531607,2.828427125
0,1200,0.4,1251,1.29,0.1270954057,2.828427125
0,1200,0.4,1251,1.31,0.1369968127,2.828427125
0,1200,0.4,1251,1.34,0.08241222522,4.472135955
0,1200,0.4,1251,1.38,0.1296155828,2
0,1200,0.4,1251,1.43,0.1752092536,2.828427125
0,1200,0.4,1251,1.44,0.2540326235,1.414213562
0,1200,0.4,1251,1.47,0.211654758,2.828427125
0,1200,0.4,1251,1.48,0.09031402906,2.828427125
0,1200,0.4,1251,1.49,0.1815076496,2.828427125
0,1200,0.4,1251,1.53,0.1143545915,2.449489743
0,1200,0.4,1251,1.54,0.08654064432,2.828427125
0,1200,0.4,1251,1.56,0.1479992009,2
0,1200,0.4,1251,1.57,0.2138888778,2.449489743
0,1200,0.4,1251,1.58,0.1493173868,3.464101615
0,1200,0.4,1251,1.6,0.1554888766,3.464101615
0,1200,0.4,1251,1.61,0.0721100187,2
0,1200,0.4,1251,1.62,0.1611914367,2.828427125
0,1200,0.4,1251,1.64,0.07566060853,2
0,1200,0.4,1251,1.65,0.2179184871,2
0,1200,0.4,1251,1.68,0.09517978957,4
0,1200,0.4,1251,1.69,0.1100793445,3.464101615
0,1200,0.4,1251,1.72,0.1900491715,4.472135955
0,1200,0.4,1251,1.73,0.2104995132,2
0,1200,0.4,1251,1.74,0.1886497635,2.828427125
0,1200,0.4,1251,1.76,0.1656331895,2.828427125
0,1200,0.4,1251,1.77,0.5201461242,2
0,1200,0.4,1251,1.8,0.1386137288,2.828427125
0,1200,0.4,1251,1.81,0.1414591819,2.828427125
0,1200,0.4,1251,1.86,0.2075701428,2
0,1200,0.4,1251,1.87,0.2580434237,2.828427125
0,1200,0.4,1251,1.88,0.1504242554,2.828427125
0,1200,0.4,1251,1.9,0.3458434211,2.828427125
0,1200,0.4,1251,1.91,0.3288057658,3.464101615
0,1200,0.4,1251,1.92,0.2714432582,2.828427125
0,1200,0.4,1251,1.93,0.4014494425,4.472135955
0,1200,0.4,1251,1.97,0.2998303334,2.828427125
0,1200,0.4,1251,1.98,0.2610847515,2.828427125
0,1200,0.4,1251,2.01,0.4928874391,2.828427125
0,1200,0.4,1251,2.03,0.477343341,2.828427125
0,1200,0.4,1251,2.04,0.2446578053,1.414213562
0,1200,0.4,1251,2.06,0.6046037717,2.828427125
0,1200,0.4,1251,2.08,0.5374368646,2.828427125
0,1200,0.4,1251,2.1,0.5172915941,2
0,1200,0.4,1251,2.11,0.2069879226,2.828427125
0,1200,0.4,1251,2.12,0.2009547993,2.828427125
0,1200,0.4,1251,2.13,0.3972588119,2
0,1200,0.4,1251,2.14,0.1390919764,2.828427125
0,1200,0.4,1251,2.16,0.233468128,2.828427125
0,1200,0.4,1251,2.17,0.618166291,2
0,1200,0.4,1251,2.19,0.3442314311,3.464101615
0,1200,0.4,1251,2.2,0.7003528391,3.464101615
0,1200,0.4,1251,2.22,0.6071072539,4
0,1200,0.4,1251,2.23,0.653952573,2.828427125
0,1200,0.4,1251,2.25,0.2651137533,2.828427125
0,1200,0.4,1251,2.31,0.70426121,4.472135955
0,1200,0.4,1251,2.34,1.017587413,2.828427125
0,1200,0.4,1251,2.36,0.8319583325,2
0,1200,0.4,1251,2.37,0.2460324059,2.828427125
0,1200,0.4,1251,2.39,0.2617160045,2.828427125
0,1200,0.4,1251,2.41,0.4782048712,2.828427125
0,1200,0.4,1251,2.44,0.5237663994,2.828427125
0,1200,0.4,1251,2.45,0.2535922175,2.828427125
0,1200,0.4,1251,2.47,0.2325004842,2.828427125
0,1200,0.4,1251,2.5,0.2669978014,2
0,1200,0.4,1251,2.53,0.2356595427,2.828427125
0,1200,0.4,1251,2.58,0.3961765829,2
0,1200,0.4,1251,2.6,0.3084249102,4
0,1200,0.4,1251,2.62,0.2278544598,2.828427125
0,1200,0.4,1251,2.63,0.3210092337,2.828427125
0,1200,0.4,1251,2.68,0.4419603347,2.828427125
0,1200,0.4,1251,2.76,0.2703630481,2.828427125
0,1200,0.4,1251,2.8,0.1376079738,2.828427125
0,1200,0.4,1251,2.95,0.2227250555,2.828427125
0,1200,0.5,1251,0.37,0.03882886804,1.414213562
0,1200,0.5,1251,0.42,0.02977906665,1.414213562
0,1200,0.5,1251,0.44,0.01873245605,1.414213562
0,1200,0.5,1251,0.56,0.06578732823,2
0,1200,0.5,1251,0.58,0.05738208747,2
0,1200,0.5,1251,0.61,0.0485399625,2
0,1200,0.5,1251,0.72,0.03254371638,2.828427125
0,1200,0.5,1251,0.74,0.01056698385,1.414213562
0,1200,0.5,1251,0.85,0.03598739874,1.414213562
0,1200,0.5,1251,0.86,0.03156510544,2
0,1200,0.5,1251,0.87,0.06245556307,2
0,1200,0.5,1251,0.88,0.03407691948,1.414213562
0,1200,0.5,1251,0.93,0.06404083923,2
0,1200,0.5,1251,0.96,0.03652706712,4
0,1200,0.5,1251,0.98,0.01608612776,2
0,1200,0.5,1251,1.03,0.05227959556,2.828427125
0,1200,0.5,1251,1.05,0.04704177701,2.828427125
0,1200,0.5,1251,1.12,0.05039879687,1.414213562
0,1200,0.5,1251,1.13,0.07343882408,2
0,1200,0.5,1251,1.15,0.05011984308,2
0,1200,0.5,1251,1.19,0.04650590818,2
0,1200,0.5,1251,1.2,0.0541076301,2
0,1200,0.5,1251,1.21,0.05278040506,2.828427125
0,1200,0.5,1251,1.23,0.06996986593,3.464101615
0,1200,0.5,1251,1.27,0.08597817919,3.16227766
0,1200,0.5,1251,1.28,0.1269804555,2.828427125
0,1200,0.5,1251,1.32,0.04001254132,1.414213562
0,1200,0.5,1251,1.33,0.1265676382,2
0,1200,0.5,1251,1.35,0.07464846547,2
0,1200,0.5,1251,1.37,0.1625298303,2
0,1200,0.5,1251,1.39,0.1445490908,2
0,1200,0.5,1251,1.4,0.09488712755,3.464101615
0,1200,0.5,1251,1.42,0.1358086267,2
0,1200,0.5,1251,1.43,0.1293692513,2.828427125
0,1200,0.5,1251,1.44,0.1094022783,2.828427125
0,1200,0.5,1251,1.47,0.1040644155,2.828427125
0,1200,0.5,1251,1.48,0.06717388433,2
0,1200,0.5,1251,1.49,0.1144728984,3.16227766
0,1200,0.5,1251,1.52,0.1189106051,2
0,1200,0.5,1251,1.54,0.09543754936,2.828427125
0,1200,0.5,1251,1.55,0.08399939599,3.464101615
0,1200,0.5,1251,1.57,0.05859714756,2
0,1200,0.5,1251,1.58,0.1764875623,2.828427125
0,1200,0.5,1251,1.59,0.2449457425,2.828427125
0,1200,0.5,1251,1.61,0.1727726452,2.828427125
0,1200,0.5,1251,1.62,0.186697847,2.828427125
0,1200,0.5,1251,1.66,0.1960250404,2.828427125
0,1200,0.5,1251,1.69,0.08757804058,2
0,1200,0.5,1251,1.7,0.06385567183,1.414213562
0,1200,0.5,1251,1.71,0.227422304,2
0,1200,0.5,1251,1.72,0.3197142748,2.828427125
0,1200,0.5,1251,1.73,0.1320185393,2.828427125
0,1200,0.5,1251,1.74,0.2377156063,3.464101615
0,1200,0.5,1251,1.75,0.1882686295,2.828427125
0,1200,0.5,1251,1.76,0.192201422,2.449489743
0,1200,0.5,1251,1.77,0.3642152115,2.828427125
0,1200,0.5,1251,1.78,0.2370289215,4
0,1200,0.5,1251,1.8,0.1970329664,3.464101615
0,1200,0.5,1251,1.82,0.191067509,2
0,1200,0.5,1251,1.84,0.3050727145,2
0,1200,0.5,1251,1.85,0.1691204762,2.828427125
0,1200,0.5,1251,1.86,0.5909237103,2
0,1200,0.5,1251,1.87,0.3651676039,2.828427125
0,1200,0.5,1251,1.91,0.204879959,4
0,1200,0.5,1251,1.92,0.3819551625,2.828427125
0,1200,0.5,1251,1.93,0.44204794,4
0,1200,0.5,1251,1.95,0.6135683301,2.828427125
0,1200,0.5,1251,1.96,0.5441961656,4
0,1200,0.5,1251,1.98,0.3077112424,2.828427125
0,1200,0.5,1251,1.99,0.4265747451,3.464101615
0,1200,0.5,1251,2.01,0.3148887113,2.828427125
0,1200,0.5,1251,2.03,0.2515303157,2
0,1200,0.5,1251,2.04,0.4095865974,2.828427125
0,1200,0.5,1251,2.05,0.4530591256,2.828427125
0,1200,0.5,1251,2.08,0.3388192242,2.828427125
0,1200,0.5,1251,2.09,0.3559353977,2
0,1200,0.5,1251,2.1,0.5983919337,2.828427125
0,1200,0.5,1251,2.13,0.1926903443,2.828427125
0,1200,0.5,1251,2.15,0.4290128148,4.472135955
0,1200,0.5,1251,2.17,0.6910973601,2.828427125
0,1200,0.5,1251,2.18,0.2675079738,2
0,1200,0.5,1251,2.19,0.4281785174,2.828427125
0,1200,0.5,1251,2.21,0.4160024241,2.828427125
0,1200,0.5,1251,2.22,0.380876717,2.828427125
0,1200,0.5,1251,2.25,0.8419138208,2.828427125
0,1200,0.5,1251,2.26,0.3363879542,2
0,1200,0.5,1251,2.28,0.6789128316,2.828427125
0,1200,0.5,1251,2.3,0.5999957189,4
0,1200,0.5,1251,2.31,0.2116651266,2
0,1200,0.5,1251,2.35,0.410684691,2.828427125
0,1200,0.5,1251,2.36,0.3665538187,2.828427125
0,1200,0.5,1251,2.43,0.6076714353,4
0,1200,0.5,1251,2.45,0.4322338806,3.464101615
0,1200,0.5,1251,2.46,0.6915618126,2.828427125
0,1200,0.5,1251,2.48,0.5974676132,2.828427125
0,1200,0.5,1251,2.56,0.4145710251,2.828427125
0,1200,0.5,1251,2.62,0.5111932177,2.828427125
0,1200,0.5,1251,2.64,0.6622953361,2.828427125
0,1200,0.5,1251,2.69,0.3609189739,2.828427125
0,1200,0.5,1251,2.87,0.3432210509,2.828427125
0,1200,0.6,1251,0.37,0.08393384354,1.414213562
0,1200,0.6,1251,0.43,0.08914169027,1.414213562
0,1200,0.6,1251,0.45,0.1162559288,1.414213562
0,1200,0.6,1251,0.57,0.05024429663,2
0,1200,0.6,1251,0.59,0.06327845495,2
0,1200,0.6,1251,0.62,0.06375032405,2
0,1200,0.6,1251,0.73,0.05045351636,2.828427125
0,1200,0.6,1251,0.75,0.06605340802,1.414213562
0,1200,0.6,1251,0.86,0.08640793803,2.449489743
0,1200,0.6,1251,0.87,0.06835426059,2
0,1200,0.6,1251,0.9,0.04842989956,1.414213562
0,1200,0.6,1251,0.94,0.08928760389,2
0,1200,0.6,1251,0.97,0.08198835115,4
0,1200,0.6,1251,1,0.09370440293,2
0,1200,0.6,1251,1.04,0.05469135871,2.828427125
0,1200,0.6,1251,1.07,0.07100594783,2.828427125
0,1200,0.6,1251,1.12,0.06244380765,1.414213562
0,1200,0.6,1251,1.14,0.08636773786,2
0,1200,0.6,1251,1.17,0.0585071704,2
0,1200,0.6,1251,1.2,0.07324005156,2
0,1200,0.6,1251,1.21,0.08037890052,2
0,1200,0.6,1251,1.23,0.07942024025,2.828427125
0,1200,0.6,1251,1.25,0.09622361621,3.464101615
0,1200,0.6,1251,1.28,0.1106872635,2.828427125
0,1200,0.6,1251,1.29,0.0831169468,1.414213562
0,1200,0.6,1251,1.3,0.09479016997,2.828427125
0,1200,0.6,1251,1.34,0.1152608407,2
0,1200,0.6,1251,1.35,0.0835521729,1.414213562
0,1200,0.6,1251,1.37,0.08952611736,2
0,1200,0.6,1251,1.4,0.1574473611,2
0,1200,0.6,1251,1.41,0.1020971895,2
0,1200,0.6,1251,1.42,0.1115531976,3.464101615
0,1200,0.6,1251,1.44,0.112952577,2
0,1200,0.6,1251,1.45,0.1014129662,2.828427125
0,1200,0.6,1251,1.47,0.1141404429,2.828427125
0,1200,0.6,1251,1.48,0.132040941,2.828427125
0,1200,0.6,1251,1.49,0.1366529873,2
0,1200,0.6,1251,1.5,0.1380260076,3.16227766
0,1200,0.6,1251,1.54,0.1360337013,2
0,1200,0.6,1251,1.56,0.1566176224,4
0,1200,0.6,1251,1.57,0.1633489329,2
0,1200,0.6,1251,1.6,0.1595372397,3.464101615
0,1200,0.6,1251,1.62,0.1715586673,4
0,1200,0.6,1251,1.64,0.1388356383,2.828427125
0,1200,0.6,1251,1.68,0.1745951723,2.828427125
0,1200,0.6,1251,1.71,0.2080647464,2
0,1200,0.6,1251,1.72,0.2255396632,1.414213562
0,1200,0.6,1251,1.73,0.2242856019,2
0,1200,0.6,1251,1.74,0.2394209725,2.828427125
0,1200,0.6,1251,1.75,0.2585637013,2
0,1200,0.6,1251,1.76,0.2520713914,2.828427125
0,1200,0.6,1251,1.77,0.2806856968,4
0,1200,0.6,1251,1.78,0.2764669506,3.464101615
0,1200,0.6,1251,1.8,0.220437072,3.16227766
0,1200,0.6,1251,1.81,0.2907531846,2.828427125
0,1200,0.6,1251,1.82,0.3741555734,2.828427125
0,1200,0.6,1251,1.84,0.2843480862,2
0,1200,0.6,1251,1.85,0.2875491708,2
0,1200,0.6,1251,1.87,0.2615165132,2
0,1200,0.6,1251,1.88,0.2374011452,2
0,1200,0.6,1251,1.89,0.28269569,2.828427125
0,1200,0.6,1251,1.91,0.3392647328,2.828427125
0,1200,0.6,1251,1.93,0.4464695023,4
0,1200,0.6,1251,1.94,0.3756136852,2
0,1200,0.6,1251,1.95,0.3822662319,4.472135955
0,1200,0.6,1251,1.98,0.3919692329,3.464101615
0,1200,0.6,1251,2,0.3561641057,3.464101615
0,1200,0.6,1251,2.01,0.4187380823,3.464101615
0,1200,0.6,1251,2.03,0.3971834193,4
0,1200,0.6,1251,2.05,0.6167977677,2
0,1200,0.6,1251,2.06,0.3970359371,2.828427125
0,1200,0.6,1251,2.08,0.3987864267,2.828427125
0,1200,0.6,1251,2.1,0.5379970708,2.828427125
0,1200,0.6,1251,2.12,0.5062522028,2
0,1200,0.6,1251,2.13,0.4872912735,2.828427125
0,1200,0.6,1251,2.16,0.4209715038,2.828427125
0,1200,0.6,1251,2.17,0.5406757585,2.828427125
0,1200,0.6,1251,2.18,0.4877385757,2.828427125
0,1200,0.6,1251,2.19,0.4056249772,3.464101615
0,1200,0.6,1251,2.22,0.4993513046,3.464101615
0,1200,0.6,1251,2.24,0.5045547634,2.828427125
0,1200,0.6,1251,2.25,0.4589686303,2.828427125
0,1200,0.6,1251,2.28,0.5082607289,2
0,1200,0.6,1251,2.29,0.6346488257,2.828427125
0,1200,0.6,1251,2.31,0.3404153197,2.828427125
0,1200,0.6,1251,2.32,0.5425798861,2.828427125
0,1200,0.6,1251,2.34,0.5024502678,3.464101615
0,1200,0.6,1251,2.38,0.4724639138,2.828427125
0,1200,0.6,1251,2.39,0.4251718544,2.828427125
0,1200,0.6,1251,2.45,0.3825443261,2.828427125
0,1200,0.6,1251,2.46,0.327787902,2.828427125
0,1200,0.6,1251,2.48,0.4204057206,2.828427125
0,1200,0.6,1251,2.49,0.3449688625,3.464101615
0,1200,0.6,1251,2.52,0.4150159306,2.828427125
0,1200,0.6,1251,2.6,0.3573151611,2.828427125
0,1200,0.6,1251,2.65,0.2846471466,2.828427125
0,1200,0.6,1251,2.67,0.2595848151,2.828427125
0,1200,0.6,1251,2.73,0.2548722215,2.828427125
0,1200,0.6,1251,2.91,0.2640640447,2.828427125
0,1200,0.7,1251,0.41,0.08070076471,1.414213562
0,1200,0.7,1251,0.43,0.07878843649,2
0,1200,0.7,1251,0.59,0.1621065882,2.828427125
0,1200,0.7,1251,0.61,0.1891467735,2
0,1200,0.7,1251,0.73,0.1033197811,2.828427125
0,1200,0.7,1251,0.82,0.1004710921,1.414213562
0,1200,0.7,1251,0.85,0.06483361509,1.414213562
0,1200,0.7,1251,0.86,0.04196009597,1.414213562
0,1200,0.7,1251,0.92,0.1596525584,2.828427125
0,1200,0.7,1251,0.95,0.1640587124,2.828427125
0,1200,0.7,1251,0.96,0.08901700191,2.828427125
0,1200,0.7,1251,1.02,0.08521516795,2.828427125
0,1200,0.7,1251,1.04,0.07751954876,2.828427125
0,1200,0.7,1251,1.05,0.0784455311,2.828427125
0,1200,0.7,1251,1.18,0.06575148743,2
0,1200,0.7,1251,1.19,0.286569584,2
0,1200,0.7,1251,1.21,0.09302679144,2
0,1200,0.7,1251,1.22,0.2005653429,1.414213562
0,1200,0.7,1251,1.26,0.1350739948,4
0,1200,0.7,1251,1.28,0.09287022375,3.16227766
0,1200,0.7,1251,1.29,0.07753958142,1.414213562
0,1200,0.7,1251,1.3,0.08888216433,2.828427125
0,1200,0.7,1251,1.34,0.08416263542,2
0,1200,0.7,1251,1.35,0.09545678498,2
0,1200,0.7,1251,1.36,0.09257997412,2.828427125
0,1200,0.7,1251,1.37,0.1257433107,2.828427125
0,1200,0.7,1251,1.41,0.1159912519,2.828427125
0,1200,0.7,1251,1.42,0.1517859369,2.828427125
0,1200,0.7,1251,1.46,0.1068870985,2.828427125
0,1200,0.7,1251,1.49,0.1711013499,2
0,1200,0.7,1251,1.5,0.0899826563,2
0,1200,0.7,1251,1.52,0.1450692368,2
0,1200,0.7,1251,1.53,0.1230371434,2
0,1200,0.7,1251,1.54,0.1396909256,2
0,1200,0.7,1251,1.55,0.1396278101,3.464101615
0,1200,0.7,1251,1.56,0.1227043876,2.828427125
0,1200,0.7,1251,1.58,0.1418974899,2.828427125
0,1200,0.7,1251,1.59,0.2209006491,2.828427125
0,1200,0.7,1251,1.6,0.1624849552,4
0,1200,0.7,1251,1.63,0.09370670303,1.414213562
0,1200,0.7,1251,1.69,0.2928967799,2.828427125
0,1200,0.7,1251,1.71,0.1540568523,1.414213562
0,1200,0.7,1251,1.72,0.2235927635,2.828427125
0,1200,0.7,1251,1.73,0.2709995639,1.414213562
0,1200,0.7,1251,1.74,0.2359321032,2.828427125
0,1200,0.7,1251,1.75,0.1576945362,4.472135955
0,1200,0.7,1251,1.76,0.2398902948,2
0,1200,0.7,1251,1.77,0.1819782582,2.828427125
0,1200,0.7,1251,1.78,0.2569350771,2.828427125
0,1200,0.7,1251,1.81,0.1511353565,2.828427125
0,1200,0.7,1251,1.82,0.2327837706,4.472135955
0,1200,0.7,1251,1.83,0.2355981113,2.828427125
0,1200,0.7,1251,1.84,0.1519758413,2
0,1200,0.7,1251,1.85,0.1784131759,2
0,1200,0.7,1251,1.87,0.3011807832,2.828427125
0,1200,0.7,1251,1.89,0.2203515961,4.472135955
0,1200,0.7,1251,1.91,0.1940612173,2.828427125
0,1200,0.7,1251,1.92,0.2256900391,2
0,1200,0.7,1251,1.94,0.2676995663,2.828427125
0,1200,0.7,1251,1.96,0.2687727877,4
0,1200,0.7,1251,1.97,0.3194088568,4
0,1200,0.7,1251,1.98,0.2924137261,2.828427125
0,1200,0.7,1251,1.99,0.3680846206,2.828427125
0,1200,0.7,1251,2.03,0.2545543527,2.828427125
0,1200,0.7,1251,2.07,0.3119392433,2
0,1200,0.7,1251,2.08,0.2925962549,3.464101615
0,1200,0.7,1251,2.09,0.5114269475,2.828427125
0,1200,0.7,1251,2.1,0.3843971447,2
0,1200,0.7,1251,2.12,0.2494703016,3.464101615
0,1200,0.7,1251,2.13,0.3859850182,2.828427125
0,1200,0.7,1251,2.14,0.3094787408,3.464101615
0,1200,0.7,1251,2.15,0.3000955526,2
0,1200,0.7,1251,2.16,0.3156301667,2.828427125
0,1200,0.7,1251,2.18,0.3147195348,2.828427125
0,1200,0.7,1251,2.19,0.3492207732,4
0,1200,0.7,1251,2.25,0.3591651942,4
0,1200,0.7,1251,2.27,0.3636187109,2.828427125
0,1200,0.7,1251,2.28,0.4492174155,2.828427125
0,1200,0.7,1251,2.29,0.3193414832,2.828427125
0,1200,0.7,1251,2.3,0.3682759932,2.828427125
0,1200,0.7,1251,2.36,0.2979836552,2
0,1200,0.7,1251,2.37,0.2422013837,2
0,1200,0.7,1251,2.4,0.2812466985,2.828427125
0,1200,0.7,1251,2.41,0.4317384015,2.828427125
0,1200,0.7,1251,2.43,0.5163604605,2
0,1200,0.7,1251,2.44,0.3033168599,2.828427125
0,1200,0.7,1251,2.46,0.3714317475,2.828427125
0,1200,0.7,1251,2.47,0.3689712547,4
0,1200,0.7,1251,2.51,0.3680159243,2.828427125
0,1200,0.7,1251,2.52,0.2507687663,2.828427125
0,1200,0.7,1251,2.56,0.6355388261,2.828427125
0,1200,0.7,1251,2.69,0.2256114234,2.828427125
0,1200,0.7,1251,2.7,0.2568112773,2.828427125
0,1200,0.7,1251,2.72,0.2387048474,2.828427125
0,1200,0.7,1251,2.92,0.2741281068,2.828427125
0,1200,0.75,1251,0.35,0.04173227986,1.414213562
0,1200,0.75,1251,0.37,0.0601940533,1.414213562
0,1200,0.75,1251,0.43,0.05132132288,1.414213562
0,1200,0.75,1251,0.51,0.1639878419,2
0,1200,0.75,1251,0.56,0.3021325391,2
0,1200,0.75,1251,0.57,0.3438996497,2
0,1200,0.75,1251,0.67,0.1879935446,2.828427125
0,1200,0.75,1251,0.7,0.04547382155,1.414213562
0,1200,0.75,1251,0.75,0.0618526861,1.414213562
0,1200,0.75,1251,0.79,0.1301010168,2
0,1200,0.75,1251,0.82,0.04903170897,2
0,1200,0.75,1251,0.83,0.1118592869,2
0,1200,0.75,1251,0.87,0.09800507899,2.449489743
0,1200,0.75,1251,0.9,0.09256415599,2.828427125
0,1200,0.75,1251,0.93,0.09625117924,3.464101615
0,1200,0.75,1251,0.94,0.07140363023,2
0,1200,0.75,1251,1.01,0.1189019657,2.828427125
0,1200,0.75,1251,1.02,0.105975369,2
0,1200,0.75,1251,1.04,0.1347956634,1.414213562
0,1200,0.75,1251,1.11,0.08422210888,4
0,1200,0.75,1251,1.12,0.05182603105,1.414213562
0,1200,0.75,1251,1.13,0.09768145693,2
0,1200,0.75,1251,1.15,0.07591428841,2
0,1200,0.75,1251,1.17,0.1173179282,2.828427125
0,1200,0.75,1251,1.18,0.1246022129,2
0,1200,0.75,1251,1.19,0.07787742524,2.828427125
0,1200,0.75,1251,1.2,0.09789521666,3.464101615
0,1200,0.75,1251,1.25,0.129934385,2.828427125
0,1200,0.75,1251,1.28,0.09366933954,2
0,1200,0.75,1251,1.3,0.1103758865,1.414213562
0,1200,0.75,1251,1.32,0.06863662314,2
0,1200,0.75,1251,1.34,0.142058048,2.828427125
0,1200,0.75,1251,1.35,0.07102494859,2.828427125
0,1200,0.75,1251,1.36,0.1483866847,3.464101615
0,1200,0.75,1251,1.39,0.133716181,3.16227766
0,1200,0.75,1251,1.4,0.1183492241,2.828427125
0,1200,0.75,1251,1.41,0.1096929249,2.828427125
0,1200,0.75,1251,1.42,0.1256656644,2
0,1200,0.75,1251,1.44,0.1247115909,2
0,1200,0.75,1251,1.46,0.1085442981,3.464101615
0,1200,0.75,1251,1.47,0.08363213066,2
0,1200,0.75,1251,1.5,0.1283670423,3.741657387
0,1200,0.75,1251,1.52,0.118509225,2.828427125
0,1200,0.75,1251,1.53,0.19635381,2
0,1200,0.75,1251,1.54,0.1639212933,3.464101615
0,1200,0.75,1251,1.55,0.1365937372,2.828427125
0,1200,0.75,1251,1.56,0.111330581,2
0,1200,0.75,1251,1.58,0.1853036656,3.464101615
0,1200,0.75,1251,1.59,0.1624491964,2.828427125
0,1200,0.75,1251,1.6,0.3039867106,2.828427125
0,1200,0.75,1251,1.64,0.1596902138,3.464101615
0,1200,0.75,1251,1.65,0.1266742562,3.464101615
0,1200,0.75,1251,1.67,0.2242673411,2
0,1200,0.75,1251,1.68,0.1804239501,2.828427125
0,1200,0.75,1251,1.71,0.1330013303,4
0,1200,0.75,1251,1.72,0.1151069412,2
0,1200,0.75,1251,1.73,0.2116219806,2.449489743
0,1200,0.75,1251,1.75,0.2269637731,2.828427125
0,1200,0.75,1251,1.76,0.1451997685,2.828427125
0,1200,0.75,1251,1.77,0.2138502311,4
0,1200,0.75,1251,1.79,0.2298476976,2
0,1200,0.75,1251,1.8,0.2260727848,2.828427125
0,1200,0.75,1251,1.81,0.263426566,2.828427125
0,1200,0.75,1251,1.83,0.3025131768,3.464101615
0,1200,0.75,1251,1.84,0.2347236097,2.828427125
0,1200,0.75,1251,1.85,0.2783668713,2.828427125
0,1200,0.75,1251,1.87,0.1960284079,3.464101615
0,1200,0.75,1251,1.88,0.3242263694,2.828427125
0,1200,0.75,1251,1.89,0.1623497228,2
0,1200,0.75,1251,1.9,0.2424319166,2
0,1200,0.75,1251,1.91,0.1237656788,2.828427125
0,1200,0.75,1251,1.92,0.2142773417,2.828427125
0,1200,0.75,1251,1.94,0.243703702,2.828427125
0,1200,0.75,1251,1.98,0.3432877631,2
0,1200,0.75,1251,1.99,0.2923948851,2.828427125
0,1200,0.75,1251,2.01,0.2521297989,4.898979486
0,1200,0.75,1251,2.02,0.2843230548,3.464101615
0,1200,0.75,1251,2.04,0.1808879383,2
0,1200,0.75,1251,2.05,0.2967550666,2.828427125
0,1200,0.75,1251,2.06,0.3721451385,2.828427125
0,1200,0.75,1251,2.07,0.1150880097,2
0,1200,0.75,1251,2.09,0.160048818,2.828427125
0,1200,0.75,1251,2.1,0.257416261,4
0,1200,0.75,1251,2.16,0.3181673316,2.828427125
0,1200,0.75,1251,2.18,0.3358531329,2.828427125
0,1200,0.75,1251,2.21,0.3509877887,2.828427125
0,1200,0.75,1251,2.22,0.2656077922,3.464101615
0,1200,0.75,1251,2.24,0.2772982882,2.828427125
0,1200,0.75,1251,2.25,0.4350315931,2.828427125
0,1200,0.75,1251,2.29,0.2663475805,2
0,1200,0.75,1251,2.31,0.2393764042,2.828427125
0,1200,0.75,1251,2.32,0.1963244806,2.828427125
0,1200,0.75,1251,2.35,0.2314934009,2.828427125
0,1200,0.75,1251,2.39,0.2511981611,2.828427125
0,1200,0.75,1251,2.42,0.280730181,2.828427125
0,1200,0.75,1251,2.49,0.2056257706,2.828427125
0,1200,0.75,1251,2.52,0.1895649195,2.828427125
0,1200,0.75,1251,2.68,0.2388120196,2.828427125
0,1200,0.8,1251,0.28,0.9470867973,1.414213562
0,1200,0.8,1251,0.53,0.4640444957,1.414213562
0,1200,0.8,1251,0.55,1.083342421,1.414213562
0,1200,0.8,1251,0.57,0.0930756879,1.414213562
0,1200,0.8,1251,0.6,0.425031272,2
0,1200,0.8,1251,0.62,0.05887883532,2
0,1200,0.8,1251,0.77,0.1505660657,2
0,1200,0.8,1251,0.78,0.05599307066,2
0,1200,0.8,1251,0.79,0.08174554683,2
0,1200,0.8,1251,0.82,0.09038007975,2.828427125
0,1200,0.8,1251,0.85,0.08572799054,1.414213562
0,1200,0.8,1251,0.96,0.1197252147,2.828427125
0,1200,0.8,1251,1.01,0.07498015447,2
0,1200,0.8,1251,1.02,0.0812178324,2
0,1200,0.8,1251,1.07,0.03814762588,1.414213562
0,1200,0.8,1251,1.1,0.07555229499,2
0,1200,0.8,1251,1.11,0.1938227272,1.414213562
0,1200,0.8,1251,1.14,0.1390494844,2.449489743
0,1200,0.8,1251,1.15,0.0861769081,2.828427125
0,1200,0.8,1251,1.2,0.1159601596,2
0,1200,0.8,1251,1.21,0.1272310034,2
0,1200,0.8,1251,1.23,0.03635126949,2
0,1200,0.8,1251,1.24,0.05901244666,3.464101615
0,1200,0.8,1251,1.26,0.08220109953,3.464101615
0,1200,0.8,1251,1.27,0.02406943356,2
0,1200,0.8,1251,1.33,0.1615480479,2.828427125
0,1200,0.8,1251,1.35,0.09059680838,2.828427125
0,1200,0.8,1251,1.37,0.08121381042,3.464101615
0,1200,0.8,1251,1.4,0.05808054675,2
0,1200,0.8,1251,1.47,0.09645781098,2.828427125
0,1200,0.8,1251,1.5,0.1287288367,2.828427125
0,1200,0.8,1251,1.54,0.1310348271,2
0,1200,0.8,1251,1.56,0.1580971474,3.464101615
0,1200,0.8,1251,1.59,0.1398936057,2
0,1200,0.8,1251,1.6,0.4836815478,1.414213562
0,1200,0.8,1251,1.63,0.2052005844,2
0,1200,0.8,1251,1.64,0.1787572644,2.828427125
0,1200,0.8,1251,1.66,0.09222543666,3.16227766
0,1200,0.8,1251,1.67,0.2419687631,2.828427125
0,1200,0.8,1251,1.68,0.1321721779,2
0,1200,0.8,1251,1.69,0.1069801688,2
0,1200,0.8,1251,1.7,0.189033286,2
0,1200,0.8,1251,1.72,0.1389578417,2.828427125
0,1200,0.8,1251,1.74,0.2604964688,2
0,1200,0.8,1251,1.75,0.1396119726,2
0,1200,0.8,1251,1.76,0.1161573097,4
0,1200,0.8,1251,1.79,0.1867037524,2.828427125
0,1200,0.8,1251,1.81,0.2625709672,2
0,1200,0.8,1251,1.83,0.1530901036,2.828427125
0,1200,0.8,1251,1.86,0.1383537968,2
0,1200,0.8,1251,1.9,0.1891539986,2.828427125
0,1200,0.8,1251,1.91,0.1702449305,2.828427125
0,1200,0.8,1251,1.94,0.1216873998,2.828427125
0,1200,0.8,1251,1.95,0.1306360495,2
0,1200,0.8,1251,1.96,0.08596667249,2
0,1200,0.8,1251,1.97,0.1772980945,3.464101615
0,1200,0.8,1251,1.99,0.14680248,2.828427125
0,1200,0.8,1251,2.01,0.2396628465,2
0,1200,0.8,1251,2.03,0.2130211531,2.828427125
0,1200,0.8,1251,2.04,0.2583026704,2.828427125
0,1200,0.8,1251,2.05,0.1490737113,2.828427125
0,1200,0.8,1251,2.08,0.2389144654,2.828427125
0,1200,0.8,1251,2.12,0.08306766679,2.828427125
0,1200,0.8,1251,2.14,0.5650000565,1.414213562
0,1200,0.8,1251,2.15,0.1780226713,3.464101615
0,1200,0.8,1251,2.21,0.116346403,3.16227766
0,1200,0.8,1251,2.22,0.1793301204,2.828427125
0,1200,0.8,1251,2.23,0.09009078177,2
0,1200,0.8,1251,2.25,0.09314101491,2.828427125
0,1200,0.8,1251,2.27,0.1937246852,2
0,1200,0.8,1251,2.28,0.1749099414,4.472135955
0,1200,0.8,1251,2.29,0.09669160455,2.828427125
0,1200,0.8,1251,2.3,0.2668903332,2.828427125
0,1200,0.8,1251,2.32,0.2109980375,2.828427125
0,1200,0.8,1251,2.34,0.3351581791,2.828427125
0,1200,0.8,1251,2.36,0.1436267919,2.828427125
0,1200,0.8,1251,2.37,0.1507599522,3.464101615
0,1200,0.8,1251,2.4,0.1497045166,2
0,1200,0.8,1251,2.42,0.3863466092,3.464101615
0,1200,0.8,1251,2.43,0.2549481364,2.828427125
0,1200,0.8,1251,2.45,0.1368069584,2
0,1200,0.8,1251,2.46,0.2098349947,2.828427125
0,1200,0.8,1251,2.47,0.1235707606,4
0,1200,0.8,1251,2.48,0.1433151467,2.828427125
0,1200,0.8,1251,2.49,0.1697607077,2
0,1200,0.8,1251,2.52,0.4604675213,2.828427125
0,1200,0.8,1251,2.54,0.2526662365,2.828427125
0,1200,0.8,1251,2.55,0.2919459657,2.828427125
0,1200,0.8,1251,2.57,0.1223294557,2.828427125
0,1200,0.8,1251,2.6,0.1964294475,2.828427125
0,1200,0.8,1251,2.66,0.1288481103,2.828427125
0,1200,0.8,1251,2.7,0.1866076051,2
0,1200,0.8,1251,2.71,0.1429029246,2.828427125
0,1200,0.8,1251,2.72,0.2113024087,2.828427125
0,1200,0.8,1251,2.73,0.1011731723,2
0,1200,0.8,1251,2.74,0.1805879873,2.828427125
0,1200,0.8,1251,2.76,0.1812023717,2.828427125
0,1200,0.8,1251,2.79,0.1531009792,2.828427125
0,1200,0.8,1251,2.83,0.3125379859,2.828427125
0,1200,0.8,1251,2.86,0.1977525728,2.828427125
0,1200,0.8,1251,2.93,0.1714596241,2.828427125
0,1200,0.8,1251,2.96,0.1694510976,2.828427125
0,1200,0.8,1251,3.07,0.1137706657,2
0,1200,0.8,1251,3.09,0.1774505464,2.828427125
0,1200,0.8,1251,3.13,0.09786269123,2.828427125
0,1200,0.8,1251,3.19,0.1384524065,2.828427125
0,1200,0.8,1251,3.28,0.119882638,2.828427125
0,1200,0.85,1251,0.34,0.2094914582,1.414213562
0,1200,0.85,1251,0.39,0.07379590391,1.414213562
0,1200,0.85,1251,0.43,0.725587745,1.414213562
0,1200,0.85,1251,0.52,0.3864581901,2
0,1200,0.85,1251,0.55,0.5679594054,2
0,1200,0.85,1251,0.58,0.1139551506,2
0,1200,0.85,1251,0.67,0.118636332,3.16227766
0,1200,0.85,1251,0.78,0.04709428479,2.449489743
0,1200,0.85,1251,0.8,0.1060370121,2
0,1200,0.85,1251,0.85,0.1382356692,2
0,1200,0.85,1251,0.86,0.03228534526,1.414213562
0,1200,0.85,1251,0.89,0.1184426422,3.464101615
0,1200,0.85,1251,0.92,0.1222362856,2
0,1200,0.85,1251,0.94,0.1488430385,2
0,1200,0.85,1251,0.96,0.05791944596,2.828427125
0,1200,0.85,1251,1,0.05651852357,2.828427125
0,1200,0.85,1251,1.01,0.03265124594,1.414213562
0,1200,0.85,1251,1.03,0.04220292199,2
0,1200,0.85,1251,1.08,0.07395629951,2
0,1200,0.85,1251,1.09,0.05485051434,2
0,1200,0.85,1251,1.1,0.08928268116,2
0,1200,0.85,1251,1.12,0.067142791,2.828427125
0,1200,0.85,1251,1.16,0.06597133252,3.464101615
0,1200,0.85,1251,1.17,0.1319752064,2.828427125
0,1200,0.85,1251,1.18,0.02371621234,1.414213562
0,1200,0.85,1251,1.21,0.1735696548,2.828427125
0,1200,0.85,1251,1.22,0.2595893443,2
0,1200,0.85,1251,1.25,0.1450404204,2
0,1200,0.85,1251,1.28,0.03908598718,2
0,1200,0.85,1251,1.29,0.08196049629,1.414213562
0,1200,0.85,1251,1.3,0.08125102855,2.828427125
0,1200,0.85,1251,1.33,0.09622436384,2.828427125
0,1200,0.85,1251,1.34,0.08878529419,3.464101615
0,1200,0.85,1251,1.35,0.07587906372,3.16227766
0,1200,0.85,1251,1.36,0.1056688171,2
0,1200,0.85,1251,1.38,0.119753957,2.828427125
0,1200,0.85,1251,1.39,0.08635968638,2.828427125
0,1200,0.85,1251,1.4,0.08276075001,2
0,1200,0.85,1251,1.42,0.06648517304,3.464101615
0,1200,0.85,1251,1.45,0.0421620656,2
0,1200,0.85,1251,1.46,0.0661354304,2
0,1200,0.85,1251,1.47,0.09345718508,2.828427125
0,1200,0.85,1251,1.49,0.07814911352,2.828427125
0,1200,0.85,1251,1.5,0.08627677965,2.828427125
0,1200,0.85,1251,1.51,0.06092958949,2
0,1200,0.85,1251,1.54,0.09124224419,4
0,1200,0.85,1251,1.55,0.1005302105,2
0,1200,0.85,1251,1.56,0.3116924953,2
0,1200,0.85,1251,1.57,0.0473450595,1.414213562
0,1200,0.85,1251,1.6,0.09717610084,4
0,1200,0.85,1251,1.61,0.2098941028,2.828427125
0,1200,0.85,1251,1.62,0.08389976293,2.828427125
0,1200,0.85,1251,1.63,0.1010310683,2
0,1200,0.85,1251,1.64,0.119549583,2
0,1200,0.85,1251,1.65,0.1125967074,4
0,1200,0.85,1251,1.66,0.09933478745,2.828427125
0,1200,0.85,1251,1.68,0.1461173402,2.828427125
0,1200,0.85,1251,1.71,0.09439107173,2.449489743
0,1200,0.85,1251,1.74,0.03380671832,2
0,1200,0.85,1251,1.75,0.09559013283,2
0,1200,0.85,1251,1.76,0.1366620634,3.464101615
0,1200,0.85,1251,1.77,0.1806818608,2.828427125
0,1200,0.85,1251,1.78,0.1382995462,4
0,1200,0.85,1251,1.79,0.1435659055,4
0,1200,0.85,1251,1.81,0.2070779335,2.828427125
0,1200,0.85,1251,1.82,0.09084651513,2.828427125
0,1200,0.85,1251,1.84,0.1293938289,3.464101615
0,1200,0.85,1251,1.86,0.1326697989,2
0,1200,0.85,1251,1.87,0.09424740507,3.464101615
0,1200,0.85,1251,1.88,0.1092570315,2.828427125
0,1200,0.85,1251,1.89,0.2174085487,2
0,1200,0.85,1251,1.9,0.1230870419,2.828427125
0,1200,0.85,1251,1.91,0.1162931376,4
0,1200,0.85,1251,1.92,0.07819313665,2.828427125
0,1200,0.85,1251,1.98,0.1381621548,2.828427125
0,1200,0.85,1251,1.99,0.0885198218,2
0,1200,0.85,1251,2,0.09366873089,2.828427125
0,1200,0.85,1251,2.01,0.08622102503,2.828427125
0,1200,0.85,1251,2.02,0.2501276762,2.828427125
0,1200,0.85,1251,2.03,0.1499331117,3.464101615
0,1200,0.85,1251,2.05,0.1577648155,2.828427125
0,1200,0.85,1251,2.06,0.0776381085,2.828427125
0,1200,0.85,1251,2.07,0.09863218329,2
0,1200,0.85,1251,2.08,0.1119696856,2
0,1200,0.85,1251,2.11,0.1078914106,4
0,1200,0.85,1251,2.14,0.1572585994,4
0,1200,0.85,1251,2.18,0.1805470752,2
0,1200,0.85,1251,2.19,0.1840169839,2.828427125
0,1200,0.85,1251,2.2,0.1651203014,2.828427125
0,1200,0.85,1251,2.22,0.2008966838,2.828427125
0,1200,0.85,1251,2.24,0.1229059216,2.828427125
0,1200,0.85,1251,2.27,0.1545238335,2.828427125
0,1200,0.85,1251,2.31,0.1185277216,2.828427125
0,1200,0.85,1251,2.32,0.1295376576,3.464101615
0,1200,0.85,1251,2.35,0.1416292558,2.828427125
0,1200,0.85,1251,2.42,0.1011854972,2.828427125
0,1200,0.85,1251,2.44,0.1357056966,2.828427125
0,1200,0.85,1251,2.48,0.1083506708,2.828427125
0,1200,0.85,1251,2.53,0.1449183442,2.828427125
0,1200,0.85,1251,2.69,0.09845071992,2.828427125
0,1200,0.9,1251,0.34,1.337370904,1.414213562
0,1200,0.9,1251,0.39,0.2310520259,1.414213562
0,1200,0.9,1251,0.43,0.1106387304,1.414213562
0,1200,0.9,1251,0.52,0.03996851105,2
0,1200,0.9,1251,0.55,0.1368836315,2
0,1200,0.9,1251,0.58,0.1567549567,2
0,1200,0.9,1251,0.67,0.07070926574,3.16227766
0,1200,0.9,1251,0.78,0.04110787616,2.449489743
0,1200,0.9,1251,0.8,0.08644339499,2
0,1200,0.9,1251,0.85,0.02740381948,2
0,1200,0.9,1251,0.86,0.04329381813,1.414213562
0,1200,0.9,1251,0.89,0.0558875876,3.464101615
0,1200,0.9,1251,0.93,0.09063972948,2
0,1200,0.9,1251,0.95,0.03887396363,3.464101615
0,1200,0.9,1251,1.01,0.0231261168,3.16227766
0,1200,0.9,1251,1.03,0.02532895586,2
0,1200,0.9,1251,1.08,0.1215006276,2
0,1200,0.9,1251,1.1,0.0650847359,2.828427125
0,1200,0.9,1251,1.12,0.04196931194,2.828427125
0,1200,0.9,1251,1.16,0.0728939545,3.464101615
0,1200,0.9,1251,1.17,0.02962462019,3.16227766
0,1200,0.9,1251,1.21,0.1044278267,2.828427125
0,1200,0.9,1251,1.22,0.1143620123,2
0,1200,0.9,1251,1.25,0.03063077037,2
0,1200,0.9,1251,1.28,0.1312146068,2
0,1200,0.9,1251,1.29,0.04335548089,2.828427125
0,1200,0.9,1251,1.3,0.05633131699,1.414213562
0,1200,0.9,1251,1.33,0.0429368063,2
0,1200,0.9,1251,1.34,0.1069102691,3.464101615
0,1200,0.9,1251,1.35,0.08908861199,4.242640687
0,1200,0.9,1251,1.39,0.05815602912,2.828427125
0,1200,0.9,1251,1.4,0.1022684597,3.464101615
0,1200,0.9,1251,1.42,0.06956274639,3.464101615
0,1200,0.9,1251,1.45,0.04619859139,2
0,1200,0.9,1251,1.46,0.1007594058,2
0,1200,0.9,1251,1.47,0.098832292,2.828427125
0,1200,0.9,1251,1.49,0.1833732361,2.828427125
0,1200,0.9,1251,1.51,0.08027700402,3.464101615
0,1200,0.9,1251,1.54,0.09319198813,2.828427125
0,1200,0.9,1251,1.55,0.06733696778,3.464101615
0,1200,0.9,1251,1.56,0.06021605268,2.449489743
0,1200,0.9,1251,1.59,0.1207678888,2
0,1200,0.9,1251,1.6,0.08309839955,4.472135955
0,1200,0.9,1251,1.62,0.1013241313,3.464101615
0,1200,0.9,1251,1.64,0.1456380452,2
0,1200,0.9,1251,1.65,0.0798461443,4
0,1200,0.9,1251,1.66,0.07330836559,2.828427125
0,1200,0.9,1251,1.69,0.0697475878,2.828427125
0,1200,0.9,1251,1.7,0.1329714138,2
0,1200,0.9,1251,1.73,0.03517560915,1.414213562
0,1200,0.9,1251,1.75,0.09007072032,3.464101615
0,1200,0.9,1251,1.76,0.06369596441,2
0,1200,0.9,1251,1.77,0.1216530691,3.464101615
0,1200,0.9,1251,1.78,0.0905790177,4.898979486
0,1200,0.9,1251,1.8,0.08508399548,2.828427125
0,1200,0.9,1251,1.81,0.04192906661,2.828427125
0,1200,0.9,1251,1.82,0.07931304968,2.828427125
0,1200,0.9,1251,1.84,0.06979247509,2.828427125
0,1200,0.9,1251,1.86,0.07304921514,2.828427125
0,1200,0.9,1251,1.87,0.07092425038,3.464101615
0,1200,0.9,1251,1.9,0.1103652397,3.464101615
0,1200,0.9,1251,1.91,0.08626512542,4.898979486
0,1200,0.9,1251,1.93,0.08696241213,2.828427125
0,1200,0.9,1251,1.98,0.1211135017,2.828427125
0,1200,0.9,1251,2,0.09780991749,2
0,1200,0.9,1251,2.01,0.06873535555,2.828427125
0,1200,0.9,1251,2.02,0.1000376292,2.828427125
0,1200,0.9,1251,2.03,0.05993642703,3.464101615
0,1200,0.9,1251,2.04,0.1627694077,2.828427125
0,1200,0.9,1251,2.05,0.06585980408,4
0,1200,0.9,1251,2.06,0.06265321097,2
0,1200,0.9,1251,2.09,0.07227496307,2
0,1200,0.9,1251,2.11,0.1088644171,4
0,1200,0.9,1251,2.14,0.136297552,2.828427125
0,1200,0.9,1251,2.15,0.1080433618,2.828427125
0,1200,0.9,1251,2.19,0.1179124775,3.464101615
0,1200,0.9,1251,2.21,0.1302637477,2.828427125
0,1200,0.9,1251,2.23,0.115479685,4
0,1200,0.9,1251,2.27,0.0990886984,2.828427125
0,1200,0.9,1251,2.32,0.1102763009,2.828427125
0,1200,0.9,1251,2.33,0.08772427376,3.464101615
0,1200,0.9,1251,2.35,0.08652592045,2.828427125
0,1200,0.9,1251,2.42,0.1304609801,2.828427125
0,1200,0.9,1251,2.43,0.1175364948,2.828427125
0,1200,0.9,1251,2.48,0.1636342667,2.828427125
0,1200,0.9,1251,2.54,0.1035506252,2.828427125
0,1200,0.9,1251,2.69,0.1319393988,2.828427125
10,1200,0.1,1251,0.28,0.001107410456,1.414213562
10,1200,0.1,1251,0.43,0.03191018353,1.414213562
10,1200,0.1,1251,0.51,0.03645071505,1.414213562
10,1200,0.1,1251,0.52,0.04700770957,2
10,1200,0.1,1251,0.56,0.03096102775,1.414213562
10,1200,0.1,1251,0.58,0.009335431075,2
10,1200,0.1,1251,0.67,0.03405742943,2
10,1200,0.1,1251,0.71,0.01373590194,2
10,1200,0.1,1251,0.72,0.05878284854,2.828427125
10,1200,0.1,1251,0.75,0.08279695085,2
10,1200,0.1,1251,0.84,0.03674500265,1.414213562
10,1200,0.1,1251,0.87,0.08625339297,3.16227766
10,1200,0.1,1251,0.91,0.039555239,2
10,1200,0.1,1251,0.94,0.06387114331,2
10,1200,0.1,1251,0.98,0.07118480527,2
10,1200,0.1,1251,1,0.08384263546,2
10,1200,0.1,1251,1.01,0.01330561466,1.414213562
10,1200,0.1,1251,1.03,0.08485522688,2
10,1200,0.1,1251,1.04,0.05804740284,2.828427125
10,1200,0.1,1251,1.05,0.1209966838,2
10,1200,0.1,1251,1.07,0.08393583399,2.828427125
10,1200,0.1,1251,1.1,0.06536147966,2
10,1200,0.1,1251,1.12,0.01324746734,1.414213562
10,1200,0.1,1251,1.14,0.04266508132,2.828427125
10,1200,0.1,1251,1.15,0.06006028407,2.828427125
10,1200,0.1,1251,1.16,0.0373197879,2
10,1200,0.1,1251,1.2,0.04330418087,2
10,1200,0.1,1251,1.21,0.06167438848,2
10,1200,0.1,1251,1.23,0.1034885838,2
10,1200,0.1,1251,1.24,0.05171210029,2.828427125
10,1200,0.1,1251,1.3,0.0833975797,3.16227766
10,1200,0.1,1251,1.31,0.0745632008,2.828427125
10,1200,0.1,1251,1.32,0.03007678139,2
10,1200,0.1,1251,1.33,0.0953110575,2.828427125
10,1200,0.1,1251,1.36,0.1199394634,2.828427125
10,1200,0.1,1251,1.39,0.1739920627,2.828427125
10,1200,0.1,1251,1.4,0.03658038001,2
10,1200,0.1,1251,1.41,0.1041940675,2
10,1200,0.1,1251,1.42,0.05548409186,3.464101615
10,1200,0.1,1251,1.45,0.06383412655,2.828427125
10,1200,0.1,1251,1.5,0.1026853457,4
10,1200,0.1,1251,1.51,0.05543154986,2
10,1200,0.1,1251,1.52,0.03206183648,1.414213562
10,1200,0.1,1251,1.55,0.08837601889,2.828427125
10,1200,0.1,1251,1.57,0.0477942587,2.828427125
10,1200,0.1,1251,1.58,0.08343054712,3.464101615
10,1200,0.1,1251,1.61,0.03295538321,2.828427125
10,1200,0.1,1251,1.62,0.09117563005,2
10,1200,0.1,1251,1.63,0.1054697495,2.828427125
10,1200,0.1,1251,1.65,0.07492618385,2
10,1200,0.1,1251,1.67,0.1064548395,2.828427125
10,1200,0.1,1251,1.68,0.105396117,2.828427125
10,1200,0.1,1251,1.71,0.111797674,2
10,1200,0.1,1251,1.73,0.111318853,1.414213562
10,1200,0.1,1251,1.74,0.1050880217,4.472135955
10,1200,0.1,1251,1.75,0.1693664197,2
10,1200,0.1,1251,1.76,0.05141481181,2
10,1200,0.1,1251,1.77,0.09868958432,2.828427125
10,1200,0.1,1251,1.79,0.05680410698,4
10,1200,0.1,1251,1.81,0.08737927107,2
10,1200,0.1,1251,1.82,0.1078531817,2
10,1200,0.1,1251,1.83,0.08100174095,2.828427125
10,1200,0.1,1251,1.84,0.08149211172,2.828427125
10,1200,0.1,1251,1.85,0.10026867,2.828427125
10,1200,0.1,1251,1.89,0.1039496033,3.464101615
10,1200,0.1,1251,1.93,0.1018277484,2
10,1200,0.1,1251,1.94,0.08989059363,4
10,1200,0.1,1251,1.99,0.09262177194,4
10,1200,0.1,1251,2,0.1183449382,2
10,1200,0.1,1251,2.01,0.1542927242,2
10,1200,0.1,1251,2.02,0.1230220648,2.828427125
10,1200,0.1,1251,2.03,0.1740857858,3.16227766
10,1200,0.1,1251,2.05,0.1684803819,2
10,1200,0.1,1251,2.06,0.1115425478,2
10,1200,0.1,1251,2.08,0.08648858965,5.291502622
10,1200,0.1,1251,2.09,0.04568381299,2.828427125
10,1200,0.1,1251,2.1,0.1130972645,2
10,1200,0.1,1251,2.12,0.05704594843,2.828427125
10,1200,0.1,1251,2.15,0.09621290151,2.828427125
10,1200,0.1,1251,2.17,0.1011481985,2.828427125
10,1200,0.1,1251,2.18,0.1501481932,2.828427125
10,1200,0.1,1251,2.2,0.134003572,2
10,1200,0.1,1251,2.21,0.1335029358,2
10,1200,0.1,1251,2.22,0.1587469237,2.828427125
10,1200,0.1,1251,2.24,0.1069231307,2.828427125
10,1200,0.1,1251,2.28,0.1919111343,2.828427125
10,1200,0.1,1251,2.29,0.06481221715,2.828427125
10,1200,0.1,1251,2.3,0.1177305664,2.828427125
10,1200,0.1,1251,2.31,0.0741327441,2
10,1200,0.1,1251,2.32,0.1326833108,3.464101615
10,1200,0.1,1251,2.36,0.1080395747,4
10,1200,0.1,1251,2.37,0.08679972581,2.828427125
10,1200,0.1,1251,2.41,0.06981034286,2
10,1200,0.1,1251,2.43,0.05149298311,2.828427125
10,1200,0.1,1251,2.45,0.05651908592,2.828427125
10,1200,0.1,1251,2.47,0.1145567777,4
10,1200,0.1,1251,2.55,0.06051204372,2.828427125
10,1200,0.1,1251,2.56,0.07020577438,2.828427125
10,1200,0.1,1251,2.66,0.1440281885,2.828427125
10,1200,0.1,1251,2.67,0.1045244898,2
10,1200,0.1,1251,2.68,0.1180700089,2.828427125
10,1200,0.1,1251,2.73,0.0972131697,2.828427125
10,1200,0.1,1251,2.8,0.1212921643,2.828427125
10,1200,0.1,1251,2.89,0.1371283744,2.828427125
10,1200,0.2,1251,0.52,0.0916717218,1.414213562
10,1200,0.2,1251,0.53,0.1505431749,1.414213562
10,1200,0.2,1251,0.54,0.2828210889,1.414213562
10,1200,0.2,1251,0.74,0.06272497616,2
10,1200,0.2,1251,0.75,0.07551979779,2
10,1200,0.2,1251,0.76,0.130841426,2
10,1200,0.2,1251,0.92,0.05504334531,2.828427125
10,1200,0.2,1251,1.04,0.03441319187,1.414213562
10,1200,0.2,1251,1.05,0.1047907302,1.414213562
10,1200,0.2,1251,1.09,0.02747985704,1.414213562
10,1200,0.2,1251,1.16,0.08642631025,2
10,1200,0.2,1251,1.17,0.06274542839,2.828427125
10,1200,0.2,1251,1.18,0.03323282801,2
10,1200,0.2,1251,1.2,0.06668602338,2
10,1200,0.2,1251,1.21,0.1464336355,2
10,1200,0.2,1251,1.28,0.07325727635,2.828427125
10,1200,0.2,1251,1.29,0.08844721035,2.828427125
10,1200,0.2,1251,1.31,0.08034402032,2.828427125
10,1200,0.2,1251,1.48,0.1416762047,2
10,1200,0.2,1251,1.5,0.2948962927,2
10,1200,0.2,1251,1.51,0.1493089681,2
10,1200,0.2,1251,1.56,0.1965395065,1.414213562
10,1200,0.2,1251,1.57,0.06681264812,2.828427125
10,1200,0.2,1251,1.58,0.1385321577,1.414213562
10,1200,0.2,1251,1.59,0.1786244896,2.828427125
10,1200,0.2,1251,1.6,0.1874046658,2.828427125
10,1200,0.2,1251,1.63,0.241039688,1.414213562
10,1200,0.2,1251,1.64,0.06320893125,2
10,1200,0.2,1251,1.65,0.1428377308,2
10,1200,0.2,1251,1.66,0.07662297464,2
10,1200,0.2,1251,1.67,0.05558187877,2
10,1200,0.2,1251,1.71,0.1427663807,2.828427125
10,1200,0.2,1251,1.73,0.1572883632,2.828427125
10,1200,0.2,1251,1.75,0.2413390567,2.828427125
10,1200,0.2,1251,1.79,0.1493093761,2.828427125
10,1200,0.2,1251,1.83,0.2484490811,2.828427125
10,1200,0.2,1251,1.88,0.2667202994,2
10,1200,0.2,1251,1.89,0.3078552247,2
10,1200,0.2,1251,1.9,0.163068134,2
10,1200,0.2,1251,1.92,0.1883538489,2
10,1200,0.2,1251,1.93,0.07123165063,2
10,1200,0.2,1251,1.94,0.1180558532,2
10,1200,0.2,1251,1.96,0.1173812675,2.828427125
10,1200,0.2,1251,1.97,0.1440614556,4
10,1200,0.2,1251,1.99,0.1421424909,2.828427125
10,1200,0.2,1251,2,0.1455995084,2.828427125
10,1200,0.2,1251,2.01,0.1451895256,2.828427125
10,1200,0.2,1251,2.07,0.495047477,1.414213562
10,1200,0.2,1251,2.11,0.4811861077,1.414213562
10,1200,0.2,1251,2.14,0.1884181535,2.828427125
10,1200,0.2,1251,2.17,0.1667183174,3.741657387
10,1200,0.2,1251,2.18,0.3437742378,3.464101615
10,1200,0.2,1251,2.2,0.2420684761,2.828427125
10,1200,0.2,1251,2.21,0.170550959,2.828427125
10,1200,0.2,1251,2.22,0.06539216805,2
10,1200,0.2,1251,2.23,0.2545172041,2.828427125
10,1200,0.2,1251,2.24,0.216726434,2.828427125
10,1200,0.2,1251,2.25,0.2530038628,2
10,1200,0.2,1251,2.27,0.1728915473,2
10,1200,0.2,1251,2.28,0.2449278942,2.828427125
10,1200,0.2,1251,2.29,0.4550136886,2.828427125
10,1200,0.2,1251,2.31,0.237957564,2.828427125
10,1200,0.2,1251,2.33,0.1385815608,3.464101615
10,1200,0.2,1251,2.34,0.1587753398,2
10,1200,0.2,1251,2.35,0.1044925407,2
10,1200,0.2,1251,2.37,0.2212790737,2
10,1200,0.2,1251,2.39,0.2119627592,2.828427125
10,1200,0.2,1251,2.4,0.1612083147,2.828427125
10,1200,0.2,1251,2.41,0.1724903017,4
10,1200,0.2,1251,2.43,0.2338213647,2.828427125
10,1200,0.2,1251,2.46,0.3153597881,2.828427125
10,1200,0.2,1251,2.47,0.2161331405,4
10,1200,0.2,1251,2.49,0.2130824703,4
10,1200,0.2,1251,2.57,0.161431692,2.828427125
10,1200,0.2,1251,2.59,0.3406382378,2.828427125
10,1200,0.2,1251,2.61,0.2732466064,2
10,1200,0.2,1251,2.62,0.2374626543,2
10,1200,0.2,1251,2.63,0.1074373265,2.828427125
10,1200,0.2,1251,2.64,0.1137643139,2
10,1200,0.2,1251,2.66,0.185657008,3.464101615
10,1200,0.2,1251,2.67,0.1736961164,3.464101615
10,1200,0.2,1251,2.69,0.157613707,3.464101615
10,1200,0.2,1251,2.71,0.1362229679,2.828427125
10,1200,0.2,1251,2.72,0.2793531269,2.828427125
10,1200,0.2,1251,2.73,0.4344418574,2.828427125
10,1200,0.2,1251,2.75,0.1453755173,2.828427125
10,1200,0.2,1251,2.82,0.1757873346,2.828427125
10,1200,0.2,1251,2.83,0.212831855,2.828427125
10,1200,0.2,1251,2.84,0.1721055121,2.828427125
10,1200,0.2,1251,2.86,0.2335783116,2.828427125
10,1200,0.2,1251,2.87,0.1342433451,2.828427125
10,1200,0.2,1251,2.88,0.1888818092,2.828427125
10,1200,0.2,1251,2.96,0.1515091689,2
10,1200,0.2,1251,3,0.3352340414,2
10,1200,0.2,1251,3.01,0.2331670566,2.828427125
10,1200,0.2,1251,3.03,0.1024059421,2
10,1200,0.2,1251,3.05,0.2079057372,2.828427125
10,1200,0.2,1251,3.07,0.1593791614,4
10,1200,0.2,1251,3.08,0.1188529497,2.828427125
10,1200,0.2,1251,3.1,0.1341068636,2.828427125
10,1200,0.2,1251,3.15,0.1534816942,2.828427125
10,1200,0.2,1251,3.18,0.1220533821,2.828427125
10,1200,0.2,1251,3.2,0.08052024754,2.828427125
10,1200,0.2,1251,3.38,0.08783171925,2.828427125
10,1200,0.2,1251,3.39,0.09732591312,2.828427125
10,1200,0.2,1251,3.4,0.09767337388,2.828427125
10,1200,0.2,1251,3.67,0.09568736257,2.828427125
10,1200,0.3,1251,0.34,0.05850669023,1.414213562
10,1200,0.3,1251,0.41,0.02421510975,1.414213562
10,1200,0.3,1251,0.5,0.06065247443,1.414213562
10,1200,0.3,1251,0.54,0.05696905163,2
10,1200,0.3,1251,0.61,0.203294363,2
10,1200,0.3,1251,0.65,0.0396154456,2
10,1200,0.3,1251,0.69,0.01185457992,1.414213562
10,1200,0.3,1251,0.73,0.07662156024,2.828427125
10,1200,0.3,1251,0.8,0.02771643297,2
10,1200,0.3,1251,0.83,0.059789919,1.414213562
10,1200,0.3,1251,0.85,0.03009667354,2
10,1200,0.3,1251,0.9,0.05164087043,2
10,1200,0.3,1251,0.95,0.04844704554,2.828427125
10,1200,0.3,1251,0.97,0.01952895895,2
10,1200,0.3,1251,1,0.1091295564,1.414213562
10,1200,0.3,1251,1.03,0.07465508881,3.16227766
10,1200,0.3,1251,1.06,0.1184220508,2
10,1200,0.3,1251,1.08,0.07128643413,2.828427125
10,1200,0.3,1251,1.11,0.1166653747,2
10,1200,0.3,1251,1.14,0.0803024488,3.464101615
10,1200,0.3,1251,1.19,0.07352702043,2.828427125
10,1200,0.3,1251,1.21,0.06108864103,2
10,1200,0.3,1251,1.22,0.05681740407,2.828427125
10,1200,0.3,1251,1.24,0.2174801629,1.414213562
10,1200,0.3,1251,1.28,0.09623210418,2.828427125
10,1200,0.3,1251,1.29,0.1064284175,2
10,1200,0.3,1251,1.3,0.05410753976,2
10,1200,0.3,1251,1.32,0.1898041651,2
10,1200,0.3,1251,1.34,0.09670885251,3.464101615
10,1200,0.3,1251,1.37,0.02599233962,1.414213562
10,1200,0.3,1251,1.38,0.07952922689,2.828427125
10,1200,0.3,1251,1.41,0.07391278748,2.828427125
10,1200,0.3,1251,1.42,0.1034650479,2
10,1200,0.3,1251,1.43,0.1220845487,2
10,1200,0.3,1251,1.44,0.06011367364,2
10,1200,0.3,1251,1.46,0.3190020084,2
10,1200,0.3,1251,1.47,0.06040050929,2.828427125
10,1200,0.3,1251,1.49,0.1026472772,2.828427125
10,1200,0.3,1251,1.5,0.08095102839,1.414213562
10,1200,0.3,1251,1.51,0.1883312868,2.828427125
10,1200,0.3,1251,1.52,0.1872807759,2.828427125
10,1200,0.3,1251,1.54,0.1156489793,2
10,1200,0.3,1251,1.56,0.09240732999,2
10,1200,0.3,1251,1.59,0.1556973509,2.828427125
10,1200,0.3,1251,1.6,0.1318262688,2.828427125
10,1200,0.3,1251,1.61,0.2191916757,2
10,1200,0.3,1251,1.63,0.1572805587,2.828427125
10,1200,0.3,1251,1.65,0.1198339719,2
10,1200,0.3,1251,1.66,0.2422085423,3.16227766
10,1200,0.3,1251,1.68,0.08033557045,2.828427125
10,1200,0.3,1251,1.69,0.1201973162,3.464101615
10,1200,0.3,1251,1.7,0.06916057577,3.464101615
10,1200,0.3,1251,1.71,0.1149242209,2
10,1200,0.3,1251,1.73,0.1158710352,2
10,1200,0.3,1251,1.74,0.3105410191,2.828427125
10,1200,0.3,1251,1.75,0.1854612793,4
10,1200,0.3,1251,1.76,0.1360622776,2.828427125
10,1200,0.3,1251,1.79,0.2514892855,2
10,1200,0.3,1251,1.82,0.1630540226,2
10,1200,0.3,1251,1.85,0.1841306546,3.464101615
10,1200,0.3,1251,1.86,0.1654426629,2.828427125
10,1200,0.3,1251,1.87,0.2753564397,2.828427125
10,1200,0.3,1251,1.89,0.2404527861,2.828427125
10,1200,0.3,1251,1.9,0.1883757228,2.828427125
10,1200,0.3,1251,1.92,0.1705869147,2.828427125
10,1200,0.3,1251,1.94,0.3030204049,2
10,1200,0.3,1251,1.95,0.2350644788,2.828427125
10,1200,0.3,1251,1.97,0.2471290831,2.828427125
10,1200,0.3,1251,1.98,0.2382547192,2.828427125
10,1200,0.3,1251,2,0.2779452067,3.16227766
10,1200,0.3,1251,2.01,0.1847823561,2.828427125
10,1200,0.3,1251,2.03,0.1682382129,2.828427125
10,1200,0.3,1251,2.04,0.4423806675,2
10,1200,0.3,1251,2.05,0.3833792811,2.828427125
10,1200,0.3,1251,2.07,0.4164724084,4
10,1200,0.3,1251,2.08,0.4200093555,2.828427125
10,1200,0.3,1251,2.1,0.4360852036,2.828427125
10,1200,0.3,1251,2.12,0.2650770842,2
10,1200,0.3,1251,2.15,0.3343778762,2
10,1200,0.3,1251,2.16,0.324404663,2.828427125
10,1200,0.3,1251,2.17,0.08415269444,2
10,1200,0.3,1251,2.19,0.2813103552,4
10,1200,0.3,1251,2.2,0.4003118303,4
10,1200,0.3,1251,2.21,0.2178900609,2.828427125
10,1200,0.3,1251,2.24,0.1933625605,2
10,1200,0.3,1251,2.25,0.2688851466,2
10,1200,0.3,1251,2.26,0.4109827038,2.828427125
10,1200,0.3,1251,2.27,0.3752757248,2.828427125
10,1200,0.3,1251,2.29,0.2575842366,2.828427125
10,1200,0.3,1251,2.34,0.4477338179,2.828427125
10,1200,0.3,1251,2.36,0.2811081296,2
10,1200,0.3,1251,2.37,0.508319161,2.828427125
10,1200,0.3,1251,2.38,0.4368722631,4
10,1200,0.3,1251,2.4,0.40005598,2.828427125
10,1200,0.3,1251,2.43,0.6043384275,2
10,1200,0.3,1251,2.45,0.2987832929,2.828427125
10,1200,0.3,1251,2.46,0.3074460697,4
10,1200,0.3,1251,2.56,0.1483595716,2.828427125
10,1200,0.3,1251,2.57,0.2063605674,2.828427125
10,1200,0.3,1251,2.6,0.1679208589,2
10,1200,0.3,1251,2.62,0.2240998575,4
10,1200,0.3,1251,2.69,0.6712509072,2.828427125
10,1200,0.3,1251,2.73,0.4295399533,2.828427125
10,1200,0.3,1251,2.79,0.2578934664,2.828427125
10,1200,0.3,1251,2.94,0.2608312011,2.828427125
10,1200,0.4,1251,0.37,0.01918751096,1.414213562
10,1200,0.4,1251,0.4,0.00286541872,1.414213562
10,1200,0.4,1251,0.52,0.004795350995,1.414213562
10,1200,0.4,1251,0.54,0.02861244953,2
10,1200,0.4,1251,0.64,0.01530201573,2
10,1200,0.4,1251,0.66,0.05904580849,2
10,1200,0.4,1251,0.73,0.07119199613,1.414213562
10,1200,0.4,1251,0.75,0.03485133729,2.828427125
10,1200,0.4,1251,0.8,0.03613401829,1.414213562
10,1200,0.4,1251,0.84,0.06285682633,2
10,1200,0.4,1251,0.88,0.04771895909,2
10,1200,0.4,1251,0.9,0.09321539207,2
10,1200,0.4,1251,0.96,0.05580741969,2
10,1200,0.4,1251,0.99,0.0516603615,2.828427125
10,1200,0.4,1251,1.03,0.05582551416,2.828427125
10,1200,0.4,1251,1.04,0.07085710587,1.414213562
10,1200,0.4,1251,1.09,0.0930523396,2
10,1200,0.4,1251,1.1,0.1992949083,1.414213562
10,1200,0.4,1251,1.11,0.08603397539,2
10,1200,0.4,1251,1.12,0.01742050877,2
10,1200,0.4,1251,1.17,0.02388372934,2
10,1200,0.4,1251,1.18,0.05831294605,2.828427125
10,1200,0.4,1251,1.2,0.0477672141,1.414213562
10,1200,0.4,1251,1.21,0.06207295884,2.828427125
10,1200,0.4,1251,1.22,0.03728424484,2
10,1200,0.4,1251,1.26,0.05349546288,2
10,1200,0.4,1251,1.28,0.05457106278,3.464101615
10,1200,0.4,1251,1.31,0.1278032675,2
10,1200,0.4,1251,1.32,0.1010862213,2
10,1200,0.4,1251,1.34,0.06567006961,2.828427125
10,1200,0.4,1251,1.36,0.07566494976,3.464101615
10,1200,0.4,1251,1.37,0.1155530489,2.828427125
10,1200,0.4,1251,1.41,0.04074109804,2
10,1200,0.4,1251,1.46,0.07413675906,2.828427125
10,1200,0.4,1251,1.47,0.04446363894,1.414213562
10,1200,0.4,1251,1.5,0.09596593529,2.828427125
10,1200,0.4,1251,1.51,0.08786515142,2.828427125
10,1200,0.4,1251,1.52,0.08541305496,2.828427125
10,1200,0.4,1251,1.56,0.1467016586,2.449489743
10,1200,0.4,1251,1.57,0.1341109892,2.828427125
10,1200,0.4,1251,1.59,0.4025522346,2
10,1200,0.4,1251,1.61,0.1695442963,4.242640687
10,1200,0.4,1251,1.63,0.1605442783,3.464101615
10,1200,0.4,1251,1.65,0.1048619918,2
10,1200,0.4,1251,1.66,0.1742044884,2.828427125
10,1200,0.4,1251,1.67,0.1402826437,2
10,1200,0.4,1251,1.69,0.100246052,2
10,1200,0.4,1251,1.71,0.3023721631,2.828427125
10,1200,0.4,1251,1.72,0.1283657265,2.828427125
10,1200,0.4,1251,1.73,0.2319556346,3.464101615
10,1200,0.4,1251,1.75,0.2571505228,4
10,1200,0.4,1251,1.76,0.152082851,2
10,1200,0.4,1251,1.77,0.2303563027,3.464101615
10,1200,0.4,1251,1.8,0.3475017258,3.464101615
10,1200,0.4,1251,1.84,0.1876847394,2.828427125
10,1200,0.4,1251,1.85,0.2166841905,2.828427125
10,1200,0.4,1251,1.9,0.06919342165,2
10,1200,0.4,1251,1.91,0.2605221808,4
10,1200,0.4,1251,1.94,0.2581497629,2.828427125
10,1200,0.4,1251,1.95,0.3377635858,4.472135955
10,1200,0.4,1251,1.97,0.2330523372,4.472135955
10,1200,0.4,1251,2.01,0.4206758855,2.828427125
10,1200,0.4,1251,2.02,0.5571671585,2.828427125
10,1200,0.4,1251,2.05,0.1457165575,2.828427125
10,1200,0.4,1251,2.07,0.2871975941,2.828427125
10,1200,0.4,1251,2.09,0.556376993,1.414213562
10,1200,0.4,1251,2.11,0.5950107959,2.828427125
10,1200,0.4,1251,2.12,0.3397424123,2.828427125
10,1200,0.4,1251,2.15,0.2495038814,3.464101615
10,1200,0.4,1251,2.17,0.3943833673,2.828427125
10,1200,0.4,1251,2.18,0.3560955407,3.464101615
10,1200,0.4,1251,2.21,0.2931884599,3.464101615
10,1200,0.4,1251,2.23,0.3629882149,2
10,1200,0.4,1251,2.24,0.3747414399,3.464101615
10,1200,0.4,1251,2.25,0.6035184349,2.828427125
10,1200,0.4,1251,2.26,0.6593238539,4
10,1200,0.4,1251,2.27,0.761799161,2.828427125
10,1200,0.4,1251,2.29,0.5435283473,2.828427125
10,1200,0.4,1251,2.35,0.4667235799,2.828427125
10,1200,0.4,1251,2.36,0.1854692025,3.464101615
10,1200,0.4,1251,2.39,0.1755619425,2.828427125
10,1200,0.4,1251,2.41,0.3246642532,3.464101615
10,1200,0.4,1251,2.44,0.2526133955,2.828427125
10,1200,0.4,1251,2.46,0.5608632122,2.828427125
10,1200,0.4,1251,2.49,0.284266123,2.828427125
10,1200,0.4,1251,2.5,0.4598890639,2.828427125
10,1200,0.4,1251,2.52,0.5481073394,2.828427125
10,1200,0.4,1251,2.55,0.9135394795,2
10,1200,0.4,1251,2.58,0.5151187665,2.828427125
10,1200,0.4,1251,2.63,0.1121683655,2
10,1200,0.4,1251,2.65,0.2046204015,2.828427125
10,1200,0.4,1251,2.66,0.390006511,2.828427125
10,1200,0.4,1251,2.67,0.3433627687,2.828427125
10,1200,0.4,1251,2.68,0.1767185718,2.828427125
10,1200,0.4,1251,2.73,0.1498561734,2.828427125
10,1200,0.4,1251,2.82,0.3019818945,2.828427125
10,1200,0.4,1251,2.85,0.1869229325,2.828427125
10,1200,0.4,1251,3.01,0.2226686211,2.828427125
10,1200,0.5,1251,0.38,0.01868185112,1.414213562
10,1200,0.5,1251,0.43,0.01172040111,1.414213562
10,1200,0.5,1251,0.45,0.01553384726,1.414213562
10,1200,0.5,1251,0.58,0.006424375738,2
10,1200,0.5,1251,0.59,0.02383133847,2
10,1200,0.5,1251,0.63,0.01643057981,2
10,1200,0.5,1251,0.73,0.04452900178,2.828427125
10,1200,0.5,1251,0.76,0.04071296891,1.414213562
10,1200,0.5,1251,0.87,0.06890844857,1.414213562
10,1200,0.5,1251,0.88,0.04049628661,2.828427125
10,1200,0.5,1251,0.9,0.04242367737,1.414213562
10,1200,0.5,1251,0.95,0.03855180093,2
10,1200,0.5,1251,0.98,0.05228751669,2.828427125
10,1200,0.5,1251,0.99,0.05027916531,2.828427125
10,1200,0.5,1251,1,0.02083900077,2
10,1200,0.5,1251,1.05,0.08306454298,2.828427125
10,1200,0.5,1251,1.07,0.05134502442,2.828427125
10,1200,0.5,1251,1.14,0.03922154703,1.414213562
10,1200,0.5,1251,1.16,0.04502128524,2
10,1200,0.5,1251,1.18,0.02623236702,2
10,1200,0.5,1251,1.22,0.02473181587,2
10,1200,0.5,1251,1.23,0.1587739361,2
10,1200,0.5,1251,1.24,0.06442685336,2.828427125
10,1200,0.5,1251,1.25,0.0523889734,2
10,1200,0.5,1251,1.26,0.04752172065,2.828427125
10,1200,0.5,1251,1.3,0.04041697035,3.16227766
10,1200,0.5,1251,1.31,0.1055199458,2.828427125
10,1200,0.5,1251,1.35,0.1683334946,1.414213562
10,1200,0.5,1251,1.36,0.06552076656,2
10,1200,0.5,1251,1.38,0.02932282669,2
10,1200,0.5,1251,1.41,0.3923426714,2
10,1200,0.5,1251,1.42,0.03418107722,2
10,1200,0.5,1251,1.43,0.09696452623,3.464101615
10,1200,0.5,1251,1.46,0.06745479786,2
10,1200,0.5,1251,1.47,0.1034627287,4
10,1200,0.5,1251,1.5,0.09102185568,2.828427125
10,1200,0.5,1251,1.51,0.03709949742,2
10,1200,0.5,1251,1.52,0.07726869313,3.16227766
10,1200,0.5,1251,1.55,0.1840228435,2
10,1200,0.5,1251,1.58,0.1036132977,3.464101615
10,1200,0.5,1251,1.59,0.1758557037,2.828427125
10,1200,0.5,1251,1.61,0.119480489,3.464101615
10,1200,0.5,1251,1.63,0.06438735474,2.828427125
10,1200,0.5,1251,1.65,0.1242375195,4
10,1200,0.5,1251,1.7,0.09944107263,2.828427125
10,1200,0.5,1251,1.73,0.1093086974,2
10,1200,0.5,1251,1.74,0.6256252834,1.414213562
10,1200,0.5,1251,1.75,0.1902867337,2
10,1200,0.5,1251,1.76,0.2206096844,2.828427125
10,1200,0.5,1251,1.77,0.3092454426,2.828427125
10,1200,0.5,1251,1.78,0.206846616,3.464101615
10,1200,0.5,1251,1.79,0.1312814443,2.828427125
10,1200,0.5,1251,1.8,0.2665491987,2.449489743
10,1200,0.5,1251,1.81,0.1695973451,2.828427125
10,1200,0.5,1251,1.82,0.290016102,4
10,1200,0.5,1251,1.84,0.1730808614,3.464101615
10,1200,0.5,1251,1.86,0.4828935408,2
10,1200,0.5,1251,1.88,0.189833696,2
10,1200,0.5,1251,1.9,0.2098915257,3.464101615
10,1200,0.5,1251,1.92,0.2402069079,2.828427125
10,1200,0.5,1251,1.95,0.3372735202,4
10,1200,0.5,1251,1.96,0.3742945492,2.828427125
10,1200,0.5,1251,1.97,0.2005908917,4
10,1200,0.5,1251,2,0.1667963191,4
10,1200,0.5,1251,2.01,0.3517816952,2.828427125
10,1200,0.5,1251,2.03,0.5679953422,2.828427125
10,1200,0.5,1251,2.04,0.3711595391,3.464101615
10,1200,0.5,1251,2.05,0.2181032148,2.828427125
10,1200,0.5,1251,2.08,0.3720599515,3.464101615
10,1200,0.5,1251,2.1,0.3038827032,2.828427125
10,1200,0.5,1251,2.13,1.152766553,2.828427125
10,1200,0.5,1251,2.14,0.3084785602,3.464101615
10,1200,0.5,1251,2.18,0.4400169992,2.828427125
10,1200,0.5,1251,2.2,0.693479514,4.472135955
10,1200,0.5,1251,2.21,1.124049442,2.828427125
10,1200,0.5,1251,2.23,1.325322308,2
10,1200,0.5,1251,2.24,0.3473841985,2.828427125
10,1200,0.5,1251,2.26,0.6127362357,2.828427125
10,1200,0.5,1251,2.27,0.3469635181,2.828427125
10,1200,0.5,1251,2.31,0.3746862876,3.464101615
10,1200,0.5,1251,2.33,0.5271227685,2.828427125
10,1200,0.5,1251,2.35,0.7042920276,4
10,1200,0.5,1251,2.36,0.5430918754,2
10,1200,0.5,1251,2.4,1.081264394,2.828427125
10,1200,0.5,1251,2.42,0.3518911783,2.828427125
10,1200,0.5,1251,2.48,0.4816907703,4
10,1200,0.5,1251,2.5,0.5632822268,2.828427125
10,1200,0.5,1251,2.51,1.075993878,2
10,1200,0.5,1251,2.52,0.3670800754,2.828427125
10,1200,0.5,1251,2.53,0.4741092409,2.828427125
10,1200,0.5,1251,2.62,0.5368580467,2.828427125
10,1200,0.5,1251,2.68,0.2856496365,2.828427125
10,1200,0.5,1251,2.7,0.2315323445,2.828427125
10,1200,0.5,1251,2.75,0.6364429781,2.828427125
10,1200,0.5,1251,2.93,0.3125610327,2.828427125
10,1200,0.6,1251,0.39,0.07878885473,1.414213562
10,1200,0.6,1251,0.44,0.1070542408,1.414213562
10,1200,0.6,1251,0.46,0.1458228536,1.414213562
10,1200,0.6,1251,0.59,0.0306284067,2
10,1200,0.6,1251,0.6,0.07628505017,2
10,1200,0.6,1251,0.64,0.05412252553,2
10,1200,0.6,1251,0.75,0.04855471402,2.828427125
10,1200,0.6,1251,0.77,0.1146345137,1.414213562
10,1200,0.6,1251,0.89,0.09404330458,2.449489743
10,1200,0.6,1251,0.9,0.08055330979,2
10,1200,0.6,1251,0.93,0.0339196714,1.414213562
10,1200,0.6,1251,0.97,0.06171099511,2
10,1200,0.6,1251,1,0.05941905959,4
10,1200,0.6,1251,1.03,0.07288233962,2
10,1200,0.6,1251,1.07,0.06792028029,2.828427125
10,1200,0.6,1251,1.1,0.03515828051,2.828427125
10,1200,0.6,1251,1.16,0.06090508584,1.414213562
10,1200,0.6,1251,1.17,0.05681345718,2
10,1200,0.6,1251,1.21,0.03937277362,2
10,1200,0.6,1251,1.24,0.03933761859,2
10,1200,0.6,1251,1.25,0.06378945185,2
10,1200,0.6,1251,1.26,0.06756969293,2.828427125
10,1200,0.6,1251,1.28,0.05464078826,3.464101615
10,1200,0.6,1251,1.32,0.07049555903,2.828427125
10,1200,0.6,1251,1.33,0.07038281131,1.414213562
10,1200,0.6,1251,1.34,0.07425630919,2.828427125
10,1200,0.6,1251,1.38,0.08574110561,2
10,1200,0.6,1251,1.39,0.1202263582,1.414213562
10,1200,0.6,1251,1.41,0.06261928789,2
10,1200,0.6,1251,1.44,0.06000223209,2
10,1200,0.6,1251,1.46,0.1115010765,4
10,1200,0.6,1251,1.48,0.05893217665,2
10,1200,0.6,1251,1.5,0.09985610294,2.828427125
10,1200,0.6,1251,1.51,0.08897965826,2.828427125
10,1200,0.6,1251,1.53,0.06261341174,2.828427125
10,1200,0.6,1251,1.54,0.1575321912,2.449489743
10,1200,0.6,1251,1.55,0.07845052803,2.828427125
10,1200,0.6,1251,1.59,0.06925680139,2
10,1200,0.6,1251,1.6,0.06973767501,2
10,1200,0.6,1251,1.61,0.1173392411,3.464101615
10,1200,0.6,1251,1.62,0.1949810952,2
10,1200,0.6,1251,1.65,0.1488642224,3.464101615
10,1200,0.6,1251,1.67,0.1295091839,4
10,1200,0.6,1251,1.69,0.1025101226,2.828427125
10,1200,0.6,1251,1.73,0.2761325456,2.828427125
10,1200,0.6,1251,1.76,0.3067868505,2
10,1200,0.6,1251,1.77,0.1165860163,1.414213562
10,1200,0.6,1251,1.78,0.1576868544,2
10,1200,0.6,1251,1.8,0.1650408204,3.464101615
10,1200,0.6,1251,1.81,0.1566950923,2.828427125
10,1200,0.6,1251,1.82,0.1522099217,4
10,1200,0.6,1251,1.83,0.2003575606,2
10,1200,0.6,1251,1.84,0.1868043561,2.828427125
10,1200,0.6,1251,1.85,0.2008533857,3.16227766
10,1200,0.6,1251,1.86,0.23541007,2.828427125
10,1200,0.6,1251,1.87,0.2568710987,2.828427125
10,1200,0.6,1251,1.89,0.2658861242,2
10,1200,0.6,1251,1.91,0.4903826595,2
10,1200,0.6,1251,1.92,0.402089456,2
10,1200,0.6,1251,1.93,0.1032144792,2
10,1200,0.6,1251,1.95,0.3943669967,2.828427125
10,1200,0.6,1251,1.96,0.4359236253,2.828427125
10,1200,0.6,1251,1.99,0.2697995728,4
10,1200,0.6,1251,2,0.3046057409,3.464101615
10,1200,0.6,1251,2.01,0.3618368372,3.464101615
10,1200,0.6,1251,2.04,0.5465982859,3.464101615
10,1200,0.6,1251,2.06,0.4524788256,3.464101615
10,1200,0.6,1251,2.07,0.2535021951,2.828427125
10,1200,0.6,1251,2.08,0.3879027603,2
10,1200,0.6,1251,2.09,0.3114363716,4
10,1200,0.6,1251,2.12,0.4381745392,3.464101615
10,1200,0.6,1251,2.14,0.3642752095,2.828427125
10,1200,0.6,1251,2.17,0.2886867598,2.828427125
10,1200,0.6,1251,2.19,0.8276370072,2
10,1200,0.6,1251,2.2,0.7593301463,2.828427125
10,1200,0.6,1251,2.23,0.3692604887,2.828427125
10,1200,0.6,1251,2.24,0.4475990054,4
10,1200,0.6,1251,2.25,0.4929402675,2
10,1200,0.6,1251,2.26,0.8922977194,2.828427125
10,1200,0.6,1251,2.28,0.4803932276,2
10,1200,0.6,1251,2.29,0.5568454385,2.828427125
10,1200,0.6,1251,2.31,0.6081087908,4
10,1200,0.6,1251,2.35,1.078173415,2
10,1200,0.6,1251,2.36,0.6534039576,2.828427125
10,1200,0.6,1251,2.38,0.4606690542,2.828427125
10,1200,0.6,1251,2.39,0.339392282,2.828427125
10,1200,0.6,1251,2.41,0.4539067547,3.464101615
10,1200,0.6,1251,2.45,0.2836335654,2.828427125
10,1200,0.6,1251,2.47,0.521288971,2.828427125
10,1200,0.6,1251,2.53,0.414536718,4
10,1200,0.6,1251,2.56,0.2578718319,2.828427125
10,1200,0.6,1251,2.57,0.3722986352,3.464101615
10,1200,0.6,1251,2.6,0.3062082374,2.828427125
10,1200,0.6,1251,2.68,0.1714846289,2.828427125
10,1200,0.6,1251,2.73,0.3988818682,2.828427125
10,1200,0.6,1251,2.75,0.4477277258,2.828427125
10,1200,0.6,1251,2.81,0.2979078647,2.828427125
10,1200,0.6,1251,2.99,0.2249896389,2.828427125
10,1200,0.7,1251,0.42,0.009370973513,1.414213562
10,1200,0.7,1251,0.44,0.1926339684,2
10,1200,0.7,1251,0.61,0.1216790413,2.828427125
10,1200,0.7,1251,0.63,0.09089988229,2
10,1200,0.7,1251,0.75,0.1350539921,2.828427125
10,1200,0.7,1251,0.84,0.02937255772,1.414213562
10,1200,0.7,1251,0.88,0.099196449,1.414213562
10,1200,0.7,1251,0.89,0.03264292544,1.414213562
10,1200,0.7,1251,0.95,0.07813745014,2.828427125
10,1200,0.7,1251,0.97,0.09138312596,2
10,1200,0.7,1251,0.98,0.0830797809,2
10,1200,0.7,1251,0.99,0.08905161825,2.828427125
10,1200,0.7,1251,1.05,0.09613621954,2.828427125
10,1200,0.7,1251,1.07,0.09063248091,2.828427125
10,1200,0.7,1251,1.08,0.08079406015,2.828427125
10,1200,0.7,1251,1.22,0.0591543377,2.828427125
10,1200,0.7,1251,1.25,0.1020460133,2
10,1200,0.7,1251,1.26,0.08151395254,1.414213562
10,1200,0.7,1251,1.3,0.08444344792,4
10,1200,0.7,1251,1.32,0.07966128587,3.16227766
10,1200,0.7,1251,1.33,0.07768237541,1.414213562
10,1200,0.7,1251,1.34,0.09085656118,2.828427125
10,1200,0.7,1251,1.38,0.08804621476,2
10,1200,0.7,1251,1.39,0.1134627597,2
10,1200,0.7,1251,1.4,0.1297454129,2.828427125
10,1200,0.7,1251,1.41,0.1099821195,2.828427125
10,1200,0.7,1251,1.45,0.09885565488,2.828427125
10,1200,0.7,1251,1.47,0.1051487185,2.828427125
10,1200,0.7,1251,1.51,0.07365804033,2.828427125
10,1200,0.7,1251,1.54,0.1237026737,2.828427125
10,1200,0.7,1251,1.56,0.1313743404,2
10,1200,0.7,1251,1.58,0.1245944588,2
10,1200,0.7,1251,1.59,0.1194052916,2
10,1200,0.7,1251,1.6,0.108427692,4.472135955
10,1200,0.7,1251,1.63,0.1615225293,2.828427125
10,1200,0.7,1251,1.64,0.1469890686,4
10,1200,0.7,1251,1.65,0.1572153286,2.828427125
10,1200,0.7,1251,1.68,0.08933299219,1.414213562
10,1200,0.7,1251,1.74,0.1493131024,2.828427125
10,1200,0.7,1251,1.76,0.1634168776,1.414213562
10,1200,0.7,1251,1.78,0.2440330882,3.16227766
10,1200,0.7,1251,1.79,0.1486455212,2.828427125
10,1200,0.7,1251,1.8,0.2102242401,4
10,1200,0.7,1251,1.81,0.2135596906,2.828427125
10,1200,0.7,1251,1.82,0.173992375,2
10,1200,0.7,1251,1.83,0.201032294,2.828427125
10,1200,0.7,1251,1.84,0.2626878999,2
10,1200,0.7,1251,1.86,0.1736183062,2.828427125
10,1200,0.7,1251,1.88,0.2766383275,4.472135955
10,1200,0.7,1251,1.89,0.259863283,2.828427125
10,1200,0.7,1251,1.9,0.2002845546,2.828427125
10,1200,0.7,1251,1.92,0.2957048395,2.828427125
10,1200,0.7,1251,1.95,0.2227301612,4.472135955
10,1200,0.7,1251,1.97,0.3370201875,2.828427125
10,1200,0.7,1251,1.98,0.2395481641,2
10,1200,0.7,1251,2,0.2278470893,2.828427125
10,1200,0.7,1251,2.01,0.4206524219,4
10,1200,0.7,1251,2.03,0.2891747356,4.898979486
10,1200,0.7,1251,2.06,0.2593231069,2.828427125
10,1200,0.7,1251,2.1,0.3161189991,2.828427125
10,1200,0.7,1251,2.14,0.3158615792,3.464101615
10,1200,0.7,1251,2.15,0.3496266211,3.464101615
10,1200,0.7,1251,2.16,0.2897839569,2
10,1200,0.7,1251,2.18,0.4343457415,3.464101615
10,1200,0.7,1251,2.19,0.6176590584,2.828427125
10,1200,0.7,1251,2.21,0.302636486,4
10,1200,0.7,1251,2.22,0.3694007105,2.828427125
10,1200,0.7,1251,2.25,0.4325864327,4
10,1200,0.7,1251,2.26,0.3703835671,2.828427125
10,1200,0.7,1251,2.31,0.371721145,2.828427125
10,1200,0.7,1251,2.32,0.2396081029,2.828427125
10,1200,0.7,1251,2.34,0.2916396608,2.828427125
10,1200,0.7,1251,2.35,0.3649017023,2.828427125
10,1200,0.7,1251,2.36,0.4483432192,2.828427125
10,1200,0.7,1251,2.37,0.5621683025,2.828427125
10,1200,0.7,1251,2.43,0.2849325206,2
10,1200,0.7,1251,2.45,0.3230819761,2
10,1200,0.7,1251,2.47,0.2540709812,2.828427125
10,1200,0.7,1251,2.49,0.4952346434,2.828427125
10,1200,0.7,1251,2.5,0.5119397146,2
10,1200,0.7,1251,2.52,0.406176535,2.828427125
10,1200,0.7,1251,2.54,0.2624969315,4
10,1200,0.7,1251,2.55,0.3596895515,2.828427125
10,1200,0.7,1251,2.59,0.2348658028,2.828427125
10,1200,0.7,1251,2.6,0.205567439,2.828427125
10,1200,0.7,1251,2.64,0.1923501573,2.828427125
10,1200,0.7,1251,2.77,0.2695333888,2.828427125
10,1200,0.7,1251,2.78,0.2101603101,2.828427125
10,1200,0.7,1251,2.8,0.2269586132,2.828427125
10,1200,0.7,1251,3.01,0.307289309,2.828427125
10,1200,0.75,1251,0.36,0.1193600711,1.414213562
10,1200,0.75,1251,0.39,0.1217748653,1.414213562
10,1200,0.75,1251,0.45,0.005251295797,1.414213562
10,1200,0.75,1251,0.53,0.1043055783,2
10,1200,0.75,1251,0.57,0.06265137687,2
10,1200,0.75,1251,0.59,0.206332842,2
10,1200,0.75,1251,0.69,0.08597991103,2.828427125
10,1200,0.75,1251,0.72,0.07265263187,1.414213562
10,1200,0.75,1251,0.77,0.03470263003,1.414213562
10,1200,0.75,1251,0.81,0.1997461138,2
10,1200,0.75,1251,0.84,0.1076619842,2
10,1200,0.75,1251,0.85,0.04149951384,2
10,1200,0.75,1251,0.89,0.02480228818,2.449489743
10,1200,0.75,1251,0.93,0.05473304689,2.828427125
10,1200,0.75,1251,0.96,0.139583384,3.464101615
10,1200,0.75,1251,0.97,0.0418884577,2
10,1200,0.75,1251,1.04,0.1032650824,2.828427125
10,1200,0.75,1251,1.05,0.08792696732,2
10,1200,0.75,1251,1.08,0.06122835501,1.414213562
10,1200,0.75,1251,1.14,0.09716825703,3.464101615
10,1200,0.75,1251,1.15,0.1453725753,2
10,1200,0.75,1251,1.16,0.1122764463,2.449489743
10,1200,0.75,1251,1.18,0.0402241536,2
10,1200,0.75,1251,1.21,0.09570280573,3.464101615
10,1200,0.75,1251,1.23,0.087234271,4
10,1200,0.75,1251,1.24,0.06923725298,2
10,1200,0.75,1251,1.29,0.1427140532,2.828427125
10,1200,0.75,1251,1.32,0.1091990196,2
10,1200,0.75,1251,1.34,0.05371839913,1.414213562
10,1200,0.75,1251,1.36,0.1059559798,2
10,1200,0.75,1251,1.38,0.0790833792,2.828427125
10,1200,0.75,1251,1.39,0.06459144504,2
10,1200,0.75,1251,1.4,0.156865484,4
10,1200,0.75,1251,1.43,0.0819645692,3.16227766
10,1200,0.75,1251,1.44,0.07297698388,2.828427125
10,1200,0.75,1251,1.45,0.07357222546,2.828427125
10,1200,0.75,1251,1.46,0.03697341202,2
10,1200,0.75,1251,1.48,0.2529225778,2
10,1200,0.75,1251,1.5,0.2871803953,2
10,1200,0.75,1251,1.51,0.08995803375,2.828427125
10,1200,0.75,1251,1.52,0.07416678728,2
10,1200,0.75,1251,1.55,0.1550210198,3.741657387
10,1200,0.75,1251,1.57,0.1104625891,2.828427125
10,1200,0.75,1251,1.58,0.1019753286,2
10,1200,0.75,1251,1.59,0.1564152995,3.464101615
10,1200,0.75,1251,1.6,0.07428937659,2.828427125
10,1200,0.75,1251,1.61,0.1469861333,2
10,1200,0.75,1251,1.63,0.1440103516,3.464101615
10,1200,0.75,1251,1.64,0.2288418036,2.828427125
10,1200,0.75,1251,1.65,0.1053846382,2.828427125
10,1200,0.75,1251,1.69,0.09390004797,3.464101615
10,1200,0.75,1251,1.7,0.07328158039,2
10,1200,0.75,1251,1.71,0.1635763401,2.828427125
10,1200,0.75,1251,1.72,0.2025537914,2
10,1200,0.75,1251,1.73,0.1334514054,2.828427125
10,1200,0.75,1251,1.76,0.2292521452,4
10,1200,0.75,1251,1.77,0.1309812632,2
10,1200,0.75,1251,1.79,0.07550119206,2.449489743
10,1200,0.75,1251,1.81,0.2342652683,2.828427125
10,1200,0.75,1251,1.82,0.1223401353,4.472135955
10,1200,0.75,1251,1.83,0.1156387831,2
10,1200,0.75,1251,1.84,0.1255046929,2
10,1200,0.75,1251,1.86,0.1362104657,4
10,1200,0.75,1251,1.88,0.2565904466,3.464101615
10,1200,0.75,1251,1.9,0.1664012306,2.828427125
10,1200,0.75,1251,1.91,0.1070593994,2.828427125
10,1200,0.75,1251,1.92,0.2421717401,2.828427125
10,1200,0.75,1251,1.93,0.30155505,3.464101615
10,1200,0.75,1251,1.95,0.1884734655,2
10,1200,0.75,1251,1.96,0.1228992194,2
10,1200,0.75,1251,1.97,0.2967883629,2.828427125
10,1200,0.75,1251,1.98,0.2407714441,2.828427125
10,1200,0.75,1251,2,0.5012418704,2.828427125
10,1200,0.75,1251,2.05,0.2856824747,3.464101615
10,1200,0.75,1251,2.07,0.2372685431,2.828427125
10,1200,0.75,1251,2.08,0.2768942575,4.898979486
10,1200,0.75,1251,2.09,0.407353852,2
10,1200,0.75,1251,2.11,0.3062614437,3.464101615
10,1200,0.75,1251,2.12,0.4354762797,2.828427125
10,1200,0.75,1251,2.13,0.1867091294,2
10,1200,0.75,1251,2.15,0.347827553,2.828427125
10,1200,0.75,1251,2.16,0.3930548957,2.828427125
10,1200,0.75,1251,2.17,0.2462398915,2.828427125
10,1200,0.75,1251,2.23,0.3044059187,2.828427125
10,1200,0.75,1251,2.25,0.2564564542,2.828427125
10,1200,0.75,1251,2.28,0.2202168443,2.828427125
10,1200,0.75,1251,2.29,0.5130615501,3.464101615
10,1200,0.75,1251,2.31,0.3279042104,2.828427125
10,1200,0.75,1251,2.32,0.3349022036,2.828427125
10,1200,0.75,1251,2.36,0.3660759009,2
10,1200,0.75,1251,2.39,0.3105780371,4
10,1200,0.75,1251,2.42,0.3135515475,2.828427125
10,1200,0.75,1251,2.47,0.3328013431,2.828427125
10,1200,0.75,1251,2.5,0.2359870123,2.828427125
10,1200,0.75,1251,2.57,0.3194570633,2.828427125
10,1200,0.75,1251,2.6,0.2133967679,2.828427125
10,1200,0.75,1251,2.76,0.2532450042,2.828427125
10,1200,0.8,1251,0.3,0.06792914464,1.414213562
10,1200,0.8,1251,0.55,0.02186068625,1.414213562
10,1200,0.8,1251,0.57,0.1733957164,1.414213562
10,1200,0.8,1251,0.59,0.03394326973,1.414213562
10,1200,0.8,1251,0.63,0.05467139026,2
10,1200,0.8,1251,0.65,0.0178594559,2
10,1200,0.8,1251,0.8,0.1448771117,2
10,1200,0.8,1251,0.81,0.06723714333,2
10,1200,0.8,1251,0.82,0.0798069185,2
10,1200,0.8,1251,0.85,0.1092622717,2.828427125
10,1200,0.8,1251,0.89,0.1158039251,1.414213562
10,1200,0.8,1251,0.99,0.03115068936,2.828427125
10,1200,0.8,1251,1.05,0.07383872981,2
10,1200,0.8,1251,1.06,0.118353837,2
10,1200,0.8,1251,1.11,0.05421120638,1.414213562
10,1200,0.8,1251,1.15,0.05264224163,2.449489743
10,1200,0.8,1251,1.18,0.01316800415,1.414213562
10,1200,0.8,1251,1.19,0.07776509996,3.464101615
10,1200,0.8,1251,1.25,0.06884426935,2
10,1200,0.8,1251,1.26,0.208692923,2
10,1200,0.8,1251,1.28,0.06288105653,3.464101615
10,1200,0.8,1251,1.29,0.117446849,2
10,1200,0.8,1251,1.31,0.0729151116,4
10,1200,0.8,1251,1.38,0.04744353664,2.828427125
10,1200,0.8,1251,1.41,0.1099711958,2.828427125
10,1200,0.8,1251,1.42,0.143553056,2
10,1200,0.8,1251,1.43,0.08533675241,2.828427125
10,1200,0.8,1251,1.45,0.1266842952,2
10,1200,0.8,1251,1.53,0.1038769341,2.828427125
10,1200,0.8,1251,1.55,0.09821569922,2.828427125
10,1200,0.8,1251,1.6,0.1879180908,2
10,1200,0.8,1251,1.62,0.1724946013,3.464101615
10,1200,0.8,1251,1.65,0.2229188462,2
10,1200,0.8,1251,1.66,0.05457907342,1.414213562
10,1200,0.8,1251,1.69,0.09379150182,2
10,1200,0.8,1251,1.7,0.2176590507,2.828427125
10,1200,0.8,1251,1.72,0.3799422255,3.16227766
10,1200,0.8,1251,1.74,0.17557942,2.828427125
10,1200,0.8,1251,1.75,0.1795114868,2
10,1200,0.8,1251,1.76,0.2651568226,2
10,1200,0.8,1251,1.77,0.05295113387,2
10,1200,0.8,1251,1.78,0.2317368204,2.828427125
10,1200,0.8,1251,1.81,0.1511177825,2
10,1200,0.8,1251,1.82,0.2247411613,2
10,1200,0.8,1251,1.83,0.1775888367,4
10,1200,0.8,1251,1.86,0.2574573267,2.828427125
10,1200,0.8,1251,1.89,0.3193346872,2
10,1200,0.8,1251,1.9,0.205702958,2.828427125
10,1200,0.8,1251,1.94,0.1026952375,2
10,1200,0.8,1251,1.97,0.1734981855,2.828427125
10,1200,0.8,1251,1.99,0.09198436981,2.828427125
10,1200,0.8,1251,2.02,0.2142432689,3.464101615
10,1200,0.8,1251,2.04,0.3161319549,3.464101615
10,1200,0.8,1251,2.05,0.2545942438,2
10,1200,0.8,1251,2.07,0.1421883177,2.828427125
10,1200,0.8,1251,2.09,0.2602470219,2
10,1200,0.8,1251,2.11,0.1620656219,2.828427125
10,1200,0.8,1251,2.12,0.3086193003,2.828427125
10,1200,0.8,1251,2.13,0.2577758431,2.828427125
10,1200,0.8,1251,2.16,0.4439596167,2.828427125
10,1200,0.8,1251,2.21,0.3624692759,2.828427125
10,1200,0.8,1251,2.22,0.2466630917,1.414213562
10,1200,0.8,1251,2.23,0.1976481411,2.828427125
10,1200,0.8,1251,2.24,0.2869960087,2
10,1200,0.8,1251,2.29,0.1797918391,2
10,1200,0.8,1251,2.3,0.1112432365,2.449489743
10,1200,0.8,1251,2.31,0.2359304632,2.828427125
10,1200,0.8,1251,2.32,0.1543656109,2
10,1200,0.8,1251,2.34,0.2183528208,2.828427125
10,1200,0.8,1251,2.36,0.1655704609,2
10,1200,0.8,1251,2.37,0.2056103072,4.472135955
10,1200,0.8,1251,2.38,0.2873420164,2.828427125
10,1200,0.8,1251,2.39,0.2680723118,2.828427125
10,1200,0.8,1251,2.41,0.2883169181,2.828427125
10,1200,0.8,1251,2.44,0.1673028486,2.828427125
10,1200,0.8,1251,2.46,0.219942889,3.464101615
10,1200,0.8,1251,2.47,0.2332366447,2.828427125
10,1200,0.8,1251,2.5,0.1373287546,2
10,1200,0.8,1251,2.51,0.188654644,2
10,1200,0.8,1251,2.52,0.2456934409,4
10,1200,0.8,1251,2.55,0.1836068896,3.464101615
10,1200,0.8,1251,2.57,0.2701799731,4
10,1200,0.8,1251,2.58,0.2409195566,3.464101615
10,1200,0.8,1251,2.62,0.2000130857,2.828427125
10,1200,0.8,1251,2.64,0.3965367505,2.828427125
10,1200,0.8,1251,2.65,0.1485691071,2.828427125
10,1200,0.8,1251,2.67,0.1104075171,2.828427125
10,1200,0.8,1251,2.7,0.2737723943,2.828427125
10,1200,0.8,1251,2.76,0.1995840886,2.828427125
10,1200,0.8,1251,2.81,0.1485750029,3.464101615
10,1200,0.8,1251,2.82,0.2293933738,2.828427125
10,1200,0.8,1251,2.84,0.1092904046,2
10,1200,0.8,1251,2.85,0.06942720034,2.828427125
10,1200,0.8,1251,2.87,0.1035989303,2.828427125
10,1200,0.8,1251,2.9,0.1238671348,2.828427125
10,1200,0.8,1251,2.95,0.2022613818,2.828427125
10,1200,0.8,1251,2.97,0.1167295911,2.828427125
10,1200,0.8,1251,3.05,0.2311040564,2.828427125
10,1200,0.8,1251,3.07,0.1644313014,2.828427125
10,1200,0.8,1251,3.19,0.1312665171,2
10,1200,0.8,1251,3.21,0.1635534089,2.828427125
10,1200,0.8,1251,3.25,0.143895836,2.828427125
10,1200,0.8,1251,3.31,0.08659043469,2.828427125
10,1200,0.8,1251,3.41,0.1426885022,2.828427125
10,1200,0.85,1251,0.35,0.3381082621,1.414213562
10,1200,0.85,1251,0.41,0.007089459708,1.414213562
10,1200,0.85,1251,0.44,0.1606409006,1.414213562
10,1200,0.85,1251,0.54,0.1505531183,2
10,1200,0.85,1251,0.56,0.05350628147,2
10,1200,0.85,1251,0.6,0.05746784313,2
10,1200,0.85,1251,0.7,0.03907751588,3.16227766
10,1200,0.85,1251,0.81,0.04884182877,2.449489743
10,1200,0.85,1251,0.83,0.02727019233,2
10,1200,0.85,1251,0.88,0.05066727949,2
10,1200,0.85,1251,0.89,0.007401945718,1.414213562
10,1200,0.85,1251,0.92,0.1526266889,3.464101615
10,1200,0.85,1251,0.95,0.02230395419,2
10,1200,0.85,1251,0.98,0.02679937697,2
10,1200,0.85,1251,0.99,0.1234818174,2.828427125
10,1200,0.85,1251,1.04,0.04601964339,2.828427125
10,1200,0.85,1251,1.05,0.09397205199,1.414213562
10,1200,0.85,1251,1.07,0.06845001876,2
10,1200,0.85,1251,1.12,0.02381459809,2
10,1200,0.85,1251,1.13,0.0740401758,2
10,1200,0.85,1251,1.14,0.05855172103,2
10,1200,0.85,1251,1.16,0.07118623845,2.828427125
10,1200,0.85,1251,1.2,0.08220650777,3.464101615
10,1200,0.85,1251,1.21,0.05265514567,2.828427125
10,1200,0.85,1251,1.22,0.05570319235,1.414213562
10,1200,0.85,1251,1.25,0.0246407657,2.828427125
10,1200,0.85,1251,1.27,0.08094759297,2
10,1200,0.85,1251,1.3,0.0520897554,2
10,1200,0.85,1251,1.32,0.07185146574,2
10,1200,0.85,1251,1.33,0.3020232782,1.414213562
10,1200,0.85,1251,1.34,0.1905673318,2.828427125
10,1200,0.85,1251,1.37,0.1737757248,2
10,1200,0.85,1251,1.38,0.04474957458,2
10,1200,0.85,1251,1.39,0.03147515528,3.464101615
10,1200,0.85,1251,1.4,0.0977836216,3.741657387
10,1200,0.85,1251,1.43,0.1460718315,4
10,1200,0.85,1251,1.45,0.2143644102,2
10,1200,0.85,1251,1.46,0.03249559622,2
10,1200,0.85,1251,1.47,0.2533415436,2.828427125
10,1200,0.85,1251,1.5,0.1497721263,2
10,1200,0.85,1251,1.51,0.08971429802,2
10,1200,0.85,1251,1.52,0.1235629083,2.828427125
10,1200,0.85,1251,1.55,0.08766155817,2.828427125
10,1200,0.85,1251,1.56,0.1504115171,3.464101615
10,1200,0.85,1251,1.59,0.1409050045,2.828427125
10,1200,0.85,1251,1.6,0.1560830525,2.828427125
10,1200,0.85,1251,1.61,0.08995150219,2.828427125
10,1200,0.85,1251,1.62,0.1618075372,1.414213562
10,1200,0.85,1251,1.65,0.08975994223,2
10,1200,0.85,1251,1.66,0.08017890753,3.464101615
10,1200,0.85,1251,1.67,0.04040809258,4
10,1200,0.85,1251,1.68,0.2848005282,2
10,1200,0.85,1251,1.69,0.2032702058,2
10,1200,0.85,1251,1.7,0.1032694831,2.828427125
10,1200,0.85,1251,1.71,0.07083813461,2.828427125
10,1200,0.85,1251,1.72,0.1237470115,2.828427125
10,1200,0.85,1251,1.74,0.2502782957,2.828427125
10,1200,0.85,1251,1.77,0.1781823587,2.449489743
10,1200,0.85,1251,1.8,0.05964419874,2
10,1200,0.85,1251,1.81,0.2441973143,2
10,1200,0.85,1251,1.82,0.272523397,3.464101615
10,1200,0.85,1251,1.83,0.2516497794,2.828427125
10,1200,0.85,1251,1.84,0.1493058649,4
10,1200,0.85,1251,1.85,0.1582510798,4
10,1200,0.85,1251,1.88,0.1700936775,4
10,1200,0.85,1251,1.9,0.2088750926,2.828427125
10,1200,0.85,1251,1.91,0.09569675153,2
10,1200,0.85,1251,1.93,0.1073894791,4
10,1200,0.85,1251,1.95,0.1486942435,3.464101615
10,1200,0.85,1251,1.97,0.08131132212,2.828427125
10,1200,0.85,1251,1.98,0.2423068428,4.898979486
10,1200,0.85,1251,2.05,0.282381522,2.828427125
10,1200,0.85,1251,2.06,0.04471627364,2
10,1200,0.85,1251,2.07,0.09188417597,2.828427125
10,1200,0.85,1251,2.09,0.183863889,4
10,1200,0.85,1251,2.1,0.08356058138,3.464101615
10,1200,0.85,1251,2.13,0.07029709126,4
10,1200,0.85,1251,2.14,0.06810381714,2
10,1200,0.85,1251,2.15,0.06860917462,2
10,1200,0.85,1251,2.18,0.1673637404,2.828427125
10,1200,0.85,1251,2.19,0.1769104394,2.828427125
10,1200,0.85,1251,2.21,0.1648212138,4
10,1200,0.85,1251,2.26,0.133582196,3.464101615
10,1200,0.85,1251,2.28,0.132677551,2.828427125
10,1200,0.85,1251,2.29,0.2133814673,2.828427125
10,1200,0.85,1251,2.32,0.2935387914,2.828427125
10,1200,0.85,1251,2.35,0.0782149367,2.828427125
10,1200,0.85,1251,2.39,0.2854231006,2.828427125
10,1200,0.85,1251,2.4,0.2564759189,3.464101615
10,1200,0.85,1251,2.43,0.1107335172,2.828427125
10,1200,0.85,1251,2.5,0.2622715318,2.828427125
10,1200,0.85,1251,2.52,0.2100353378,2.828427125
10,1200,0.85,1251,2.56,0.1959356305,2.828427125
10,1200,0.85,1251,2.62,0.1850910906,2.828427125
10,1200,0.85,1251,2.78,0.06116218082,2.828427125
10,1200,0.9,1251,0.35,0.07291642017,1.414213562
10,1200,0.9,1251,0.4,0.1714765143,1.414213562
10,1200,0.9,1251,0.45,0.03340639906,1.414213562
10,1200,0.9,1251,0.53,0.0821292416,2
10,1200,0.9,1251,0.57,0.05925525361,2
10,1200,0.9,1251,0.6,0.1344174368,2
10,1200,0.9,1251,0.7,0.05888263915,3.16227766
10,1200,0.9,1251,0.81,0.05519942945,2.449489743
10,1200,0.9,1251,0.83,0.03368168309,2
10,1200,0.9,1251,0.88,0.03911299819,2
10,1200,0.9,1251,0.9,0.1138448736,1.414213562
10,1200,0.9,1251,0.92,0.05944347981,3.464101615
10,1200,0.9,1251,0.96,0.05491704617,2
10,1200,0.9,1251,0.98,0.03741730676,2
10,1200,0.9,1251,0.99,0.0563647287,2.828427125
10,1200,0.9,1251,1.04,0.09942409979,2.828427125
10,1200,0.9,1251,1.05,0.110683213,1.414213562
10,1200,0.9,1251,1.07,0.04048456532,2
10,1200,0.9,1251,1.12,0.04356498824,2
10,1200,0.9,1251,1.14,0.02895058328,2.828427125
10,1200,0.9,1251,1.16,0.08927893863,2.828427125
10,1200,0.9,1251,1.2,0.1284697684,2.828427125
10,1200,0.9,1251,1.21,0.06119617664,3.741657387
10,1200,0.9,1251,1.25,0.0209232236,2.828427125
10,1200,0.9,1251,1.26,0.05553141185,2
10,1200,0.9,1251,1.29,0.2656883607,2
10,1200,0.9,1251,1.32,0.08362806813,2
10,1200,0.9,1251,1.34,0.1031621687,3.16227766
10,1200,0.9,1251,1.38,0.03938970499,2
10,1200,0.9,1251,1.39,0.08076687445,3.464101615
10,1200,0.9,1251,1.4,0.06551480543,4.242640687
10,1200,0.9,1251,1.44,0.06869781681,2.828427125
10,1200,0.9,1251,1.45,0.05227223025,3.464101615
10,1200,0.9,1251,1.47,0.1098144975,3.464101615
10,1200,0.9,1251,1.51,0.07612230932,2.828427125
10,1200,0.9,1251,1.52,0.05927926786,2.828427125
10,1200,0.9,1251,1.55,0.06084510397,2.828427125
10,1200,0.9,1251,1.57,0.0774913538,3.464101615
10,1200,0.9,1251,1.6,0.06066951502,3.464101615
10,1200,0.9,1251,1.61,0.07992777003,3.741657387
10,1200,0.9,1251,1.65,0.1189715837,2
10,1200,0.9,1251,1.66,0.1046991745,4.472135955
10,1200,0.9,1251,1.67,0.06910309681,3.464101615
10,1200,0.9,1251,1.7,0.05612892998,2
10,1200,0.9,1251,1.71,0.1291558396,4
10,1200,0.9,1251,1.72,0.1459865661,2.828427125
10,1200,0.9,1251,1.75,0.1076553367,2.828427125
10,1200,0.9,1251,1.76,0.06991720751,2
10,1200,0.9,1251,1.79,0.0132029536,1.414213562
10,1200,0.9,1251,1.81,0.1278870763,3.464101615
10,1200,0.9,1251,1.82,0.09732841146,2
10,1200,0.9,1251,1.83,0.1679282347,2.828427125
10,1200,0.9,1251,1.84,0.07974059727,4.472135955
10,1200,0.9,1251,1.85,0.06153266575,2.828427125
10,1200,0.9,1251,1.87,0.09773139216,2.828427125
10,1200,0.9,1251,1.88,0.141724143,4
10,1200,0.9,1251,1.9,0.1634247867,2.828427125
10,1200,0.9,1251,1.92,0.143569525,2.828427125
10,1200,0.9,1251,1.94,0.05857543292,3.464101615
10,1200,0.9,1251,1.96,0.1029946905,3.464101615
10,1200,0.9,1251,1.97,0.153999894,4
10,1200,0.9,1251,1.98,0.0804092494,2.828427125
10,1200,0.9,1251,1.99,0.1096734233,2.828427125
10,1200,0.9,1251,2.05,0.177477823,2.828427125
10,1200,0.9,1251,2.07,0.1874782997,2
10,1200,0.9,1251,2.08,0.09475973997,2.828427125
10,1200,0.9,1251,2.09,0.1721531528,2.828427125
10,1200,0.9,1251,2.1,0.1205146219,3.464101615
10,1200,0.9,1251,2.11,0.1563190776,2.828427125
10,1200,0.9,1251,2.12,0.1457285407,2.828427125
10,1200,0.9,1251,2.13,0.1222922376,3.464101615
10,1200,0.9,1251,2.16,0.07667926249,2
10,1200,0.9,1251,2.18,0.09416626162,2.828427125
10,1200,0.9,1251,2.19,0.06837571553,2.828427125
10,1200,0.9,1251,2.21,0.1023200658,2.828427125
10,1200,0.9,1251,2.23,0.1053615698,2.828427125
10,1200,0.9,1251,2.27,0.1395941921,3.464101615
10,1200,0.9,1251,2.28,0.09051080007,2.828427125
10,1200,0.9,1251,2.31,0.1391205849,4
10,1200,0.9,1251,2.35,0.1148227926,2.828427125
10,1200,0.9,1251,2.4,0.1072452824,2.828427125
10,1200,0.9,1251,2.41,0.08335670325,3.464101615
10,1200,0.9,1251,2.44,0.05799500509,2.828427125
10,1200,0.9,1251,2.51,0.1328286578,2.828427125
10,1200,0.9,1251,2.52,0.08975590861,2.828427125
10,1200,0.9,1251,2.57,0.08192316915,2.828427125
10,1200,0.9,1251,2.63,0.1059125084,2.828427125
10,1200,0.9,1251,2.79,0.08955407726,2.828427125
0,1500,0.1,1251,0.27,0.141989111,1.414213562
0,1500,0.1,1251,0.42,0.03611496311,1.414213562
0,1500,0.1,1251,0.49,0.07752651758,1.414213562
0,1500,0.1,1251,0.5,0.06955668021,2
0,1500,0.1,1251,0.54,0.05290376425,1.414213562
0,1500,0.1,1251,0.56,0.05940905651,2
0,1500,0.1,1251,0.65,0.06683662455,2
0,1500,0.1,1251,0.69,0.05987076975,2
0,1500,0.1,1251,0.7,0.08440821044,2.828427125
0,1500,0.1,1251,0.73,0.05485093851,2
0,1500,0.1,1251,0.81,0.04893092039,1.414213562
0,1500,0.1,1251,0.84,0.06847989647,3.16227766
0,1500,0.1,1251,0.88,0.06209483757,2
0,1500,0.1,1251,0.92,0.08220779324,2
0,1500,0.1,1251,0.95,0.07006317125,2
0,1500,0.1,1251,0.97,0.05857573702,2
0,1500,0.1,1251,0.98,0.05196301213,1.414213562
0,1500,0.1,1251,1,0.05810226134,2
0,1500,0.1,1251,1.01,0.07414006351,2.828427125
0,1500,0.1,1251,1.02,0.05866542864,2
0,1500,0.1,1251,1.04,0.06231091315,2.828427125
0,1500,0.1,1251,1.07,0.05982616285,2
0,1500,0.1,1251,1.08,0.0645554925,1.414213562
0,1500,0.1,1251,1.1,0.07512139831,2.828427125
0,1500,0.1,1251,1.12,0.06922325216,3.464101615
0,1500,0.1,1251,1.16,0.07121861421,2
0,1500,0.1,1251,1.17,0.06213201944,2
0,1500,0.1,1251,1.19,0.07321985732,2
0,1500,0.1,1251,1.2,0.06732197708,2.828427125
0,1500,0.1,1251,1.26,0.07933912128,3.16227766
0,1500,0.1,1251,1.27,0.07388756171,2.828427125
0,1500,0.1,1251,1.28,0.08986609219,2
0,1500,0.1,1251,1.29,0.0709754549,2
0,1500,0.1,1251,1.3,0.09047189786,2
0,1500,0.1,1251,1.32,0.07108135079,2.828427125
0,1500,0.1,1251,1.34,0.06803657349,2.828427125
0,1500,0.1,1251,1.35,0.07541135753,2
0,1500,0.1,1251,1.37,0.07704109254,2.828427125
0,1500,0.1,1251,1.38,0.08343755205,2.828427125
0,1500,0.1,1251,1.4,0.06706865725,2.828427125
0,1500,0.1,1251,1.46,0.08358207076,4.472135955
0,1500,0.1,1251,1.48,0.05973832769,1.414213562
0,1500,0.1,1251,1.5,0.07628955313,2.828427125
0,1500,0.1,1251,1.52,0.08459029165,2.828427125
0,1500,0.1,1251,1.53,0.08615273885,2.828427125
0,1500,0.1,1251,1.54,0.09289840947,2
0,1500,0.1,1251,1.56,0.09508774417,2.828427125
0,1500,0.1,1251,1.57,0.09522601749,2
0,1500,0.1,1251,1.58,0.10994035,2.828427125
0,1500,0.1,1251,1.6,0.08097953506,2
0,1500,0.1,1251,1.62,0.08550554699,2.828427125
0,1500,0.1,1251,1.63,0.08914333129,2.828427125
0,1500,0.1,1251,1.66,0.07337411321,2
0,1500,0.1,1251,1.68,0.08803699783,1.414213562
0,1500,0.1,1251,1.69,0.08799274597,4.472135955
0,1500,0.1,1251,1.7,0.0759726331,2.828427125
0,1500,0.1,1251,1.72,0.09315421999,2.828427125
0,1500,0.1,1251,1.73,0.08389953135,2.828427125
0,1500,0.1,1251,1.74,0.09392223228,2.828427125
0,1500,0.1,1251,1.75,0.09718803754,2
0,1500,0.1,1251,1.77,0.09454275449,3.464101615
0,1500,0.1,1251,1.78,0.07764434669,2.828427125
0,1500,0.1,1251,1.8,0.08648106254,2.828427125
0,1500,0.1,1251,1.83,0.09822444287,3.464101615
0,1500,0.1,1251,1.87,0.07838103604,2
0,1500,0.1,1251,1.88,0.0940250807,4
0,1500,0.1,1251,1.93,0.108703284,4
0,1500,0.1,1251,1.94,0.09596837946,2
0,1500,0.1,1251,1.95,0.1088740898,2
0,1500,0.1,1251,1.96,0.09888770901,2.828427125
0,1500,0.1,1251,1.97,0.08799601141,3.16227766
0,1500,0.1,1251,1.99,0.08020138266,2
0,1500,0.1,1251,2,0.09431932145,2
0,1500,0.1,1251,2.01,0.1156768029,2
0,1500,0.1,1251,2.02,0.09992025566,4.898979486
0,1500,0.1,1251,2.03,0.09534550717,2.828427125
0,1500,0.1,1251,2.04,0.09876488729,2
0,1500,0.1,1251,2.06,0.1122615913,2.828427125
0,1500,0.1,1251,2.09,0.09256296697,2.828427125
0,1500,0.1,1251,2.11,0.1012350137,4
0,1500,0.1,1251,2.13,0.09318531045,2
0,1500,0.1,1251,2.14,0.1146092409,2
0,1500,0.1,1251,2.16,0.09217694904,2.828427125
0,1500,0.1,1251,2.17,0.1053721708,2.828427125
0,1500,0.1,1251,2.21,0.09740431597,2.828427125
0,1500,0.1,1251,2.22,0.09719871177,2.828427125
0,1500,0.1,1251,2.23,0.0982755769,2.828427125
0,1500,0.1,1251,2.24,0.109542176,2
0,1500,0.1,1251,2.25,0.1051342323,2
0,1500,0.1,1251,2.26,0.1134647211,2.828427125
0,1500,0.1,1251,2.29,0.110163046,4
0,1500,0.1,1251,2.3,0.1174251107,2.828427125
0,1500,0.1,1251,2.34,0.09688947363,2
0,1500,0.1,1251,2.35,0.1102995526,2.828427125
0,1500,0.1,1251,2.38,0.1061360375,2.828427125
0,1500,0.1,1251,2.4,0.103407137,4
0,1500,0.1,1251,2.48,0.10495545,2.828427125
0,1500,0.1,1251,2.49,0.1051408278,2.828427125
0,1500,0.1,1251,2.58,0.1123963347,2.828427125
0,1500,0.1,1251,2.59,0.1182938497,2
0,1500,0.1,1251,2.6,0.1069981726,2.828427125
0,1500,0.1,1251,2.65,0.1086452207,2.828427125
0,1500,0.1,1251,2.71,0.1072892334,2.828427125
0,1500,0.1,1251,2.81,0.1049712731,2.828427125
0,1500,0.2,1251,0.5,0.05147427168,1.414213562
0,1500,0.2,1251,0.51,0.05961991905,1.414213562
0,1500,0.2,1251,0.53,0.03584181634,1.414213562
0,1500,0.2,1251,0.72,0.05860495289,2
0,1500,0.2,1251,0.73,0.04612220711,2
0,1500,0.2,1251,0.74,0.09109033905,2
0,1500,0.2,1251,0.89,0.07494502577,2.828427125
0,1500,0.2,1251,1.01,0.05005068233,1.414213562
0,1500,0.2,1251,1.02,0.1178296995,1.414213562
0,1500,0.2,1251,1.06,0.09673234318,1.414213562
0,1500,0.2,1251,1.13,0.1046824882,2
0,1500,0.2,1251,1.14,0.1109296852,2.828427125
0,1500,0.2,1251,1.15,0.0851787202,2
0,1500,0.2,1251,1.17,0.09194753236,2.828427125
0,1500,0.2,1251,1.25,0.0892817787,2.828427125
0,1500,0.2,1251,1.26,0.111665032,2.828427125
0,1500,0.2,1251,1.28,0.1184543928,2.828427125
0,1500,0.2,1251,1.44,0.1579833826,2
0,1500,0.2,1251,1.46,0.1416853469,2
0,1500,0.2,1251,1.47,0.1053940817,2
0,1500,0.2,1251,1.51,0.1730885274,1.414213562
0,1500,0.2,1251,1.53,0.1303106013,2.828427125
0,1500,0.2,1251,1.54,0.1590294391,1.414213562
0,1500,0.2,1251,1.55,0.1231069463,4
0,1500,0.2,1251,1.58,0.1311492846,1.414213562
0,1500,0.2,1251,1.6,0.1469901611,2.828427125
0,1500,0.2,1251,1.62,0.1679586659,2.828427125
0,1500,0.2,1251,1.66,0.1598762744,2.828427125
0,1500,0.2,1251,1.68,0.1397342602,2.828427125
0,1500,0.2,1251,1.7,0.1333082712,2.828427125
0,1500,0.2,1251,1.74,0.2027746001,2.828427125
0,1500,0.2,1251,1.78,0.1530626568,2.828427125
0,1500,0.2,1251,1.83,0.2087602945,2
0,1500,0.2,1251,1.84,0.1938307151,2.828427125
0,1500,0.2,1251,1.86,0.1928978277,2
0,1500,0.2,1251,1.88,0.2349771835,2
0,1500,0.2,1251,1.89,0.2008801964,2
0,1500,0.2,1251,1.9,0.16624558,2.828427125
0,1500,0.2,1251,1.91,0.1701346233,4
0,1500,0.2,1251,1.93,0.2039109378,2.828427125
0,1500,0.2,1251,1.95,0.1752917663,4
0,1500,0.2,1251,2.02,0.1963346024,1.414213562
0,1500,0.2,1251,2.05,0.240976956,1.414213562
0,1500,0.2,1251,2.08,0.1691032453,2
0,1500,0.2,1251,2.09,0.2135817819,2
0,1500,0.2,1251,2.11,0.1906392811,3.741657387
0,1500,0.2,1251,2.12,0.1836380948,3.464101615
0,1500,0.2,1251,2.14,0.2137976707,2.828427125
0,1500,0.2,1251,2.15,0.1743805171,2.828427125
0,1500,0.2,1251,2.16,0.2358570572,2
0,1500,0.2,1251,2.17,0.1938522056,4
0,1500,0.2,1251,2.19,0.2326615522,2
0,1500,0.2,1251,2.21,0.1926780133,2
0,1500,0.2,1251,2.22,0.1927636206,2.828427125
0,1500,0.2,1251,2.23,0.2043570858,2.828427125
0,1500,0.2,1251,2.25,0.2086658818,2.828427125
0,1500,0.2,1251,2.26,0.2297694952,3.464101615
0,1500,0.2,1251,2.28,0.1859101701,2.828427125
0,1500,0.2,1251,2.3,0.2283779624,2
0,1500,0.2,1251,2.32,0.2289524202,2.828427125
0,1500,0.2,1251,2.33,0.2152234383,2.828427125
0,1500,0.2,1251,2.34,0.2134925571,3.464101615
0,1500,0.2,1251,2.35,0.1941479669,2
0,1500,0.2,1251,2.36,0.2036120086,2.828427125
0,1500,0.2,1251,2.4,0.2261327278,4.898979486
0,1500,0.2,1251,2.42,0.2139572344,2.828427125
0,1500,0.2,1251,2.43,0.2316343531,2.828427125
0,1500,0.2,1251,2.5,0.2278134203,2.828427125
0,1500,0.2,1251,2.52,0.2528048355,2.828427125
0,1500,0.2,1251,2.54,0.2720207427,2
0,1500,0.2,1251,2.55,0.2618681783,3.464101615
0,1500,0.2,1251,2.56,0.256398725,2
0,1500,0.2,1251,2.59,0.2046466561,3.464101615
0,1500,0.2,1251,2.6,0.2222831022,3.464101615
0,1500,0.2,1251,2.61,0.196191438,2
0,1500,0.2,1251,2.62,0.2208887613,2.828427125
0,1500,0.2,1251,2.64,0.229056619,2.828427125
0,1500,0.2,1251,2.65,0.2179081573,2.828427125
0,1500,0.2,1251,2.66,0.2242645753,2.828427125
0,1500,0.2,1251,2.68,0.2343742659,2.828427125
0,1500,0.2,1251,2.75,0.2141365784,2.828427125
0,1500,0.2,1251,2.76,0.2075109695,4
0,1500,0.2,1251,2.78,0.2281865448,2.828427125
0,1500,0.2,1251,2.79,0.2330266908,2.828427125
0,1500,0.2,1251,2.8,0.2216107502,2.828427125
0,1500,0.2,1251,2.87,0.2099203375,2
0,1500,0.2,1251,2.92,0.2065293886,3.464101615
0,1500,0.2,1251,2.94,0.1790612206,2
0,1500,0.2,1251,2.96,0.2099506385,2.828427125
0,1500,0.2,1251,2.98,0.1865382154,2.828427125
0,1500,0.2,1251,2.99,0.1621337654,2.828427125
0,1500,0.2,1251,3,0.1612765436,2.828427125
0,1500,0.2,1251,3.02,0.167712253,2.828427125
0,1500,0.2,1251,3.06,0.1310321487,2.828427125
0,1500,0.2,1251,3.09,0.1379295217,2.828427125
0,1500,0.2,1251,3.11,0.1205283441,2.828427125
0,1500,0.2,1251,3.28,0.108407302,2.828427125
0,1500,0.2,1251,3.3,0.106979366,2.828427125
0,1500,0.2,1251,3.31,0.1044269812,2.828427125
0,1500,0.2,1251,3.57,0.110047822,2.828427125
0,1500,0.3,1251,0.33,0.04847637592,1.414213562
0,1500,0.3,1251,0.4,0.03540974248,1.414213562
0,1500,0.3,1251,0.49,0.04485953741,1.414213562
0,1500,0.3,1251,0.52,0.04824255858,2
0,1500,0.3,1251,0.59,0.04274181282,2
0,1500,0.3,1251,0.63,0.05533198933,2
0,1500,0.3,1251,0.67,0.07657582034,1.414213562
0,1500,0.3,1251,0.71,0.05581285641,2.828427125
0,1500,0.3,1251,0.78,0.07150646592,2
0,1500,0.3,1251,0.81,0.05157152138,1.414213562
0,1500,0.3,1251,0.83,0.09372073159,2
0,1500,0.3,1251,0.87,0.05174529133,2
0,1500,0.3,1251,0.92,0.08211026837,2.828427125
0,1500,0.3,1251,0.94,0.06388187702,2
0,1500,0.3,1251,0.97,0.05356409191,1.414213562
0,1500,0.3,1251,1,0.07641094507,3.16227766
0,1500,0.3,1251,1.03,0.09001462124,2
0,1500,0.3,1251,1.05,0.0757381496,2.828427125
0,1500,0.3,1251,1.08,0.09278531949,2
0,1500,0.3,1251,1.11,0.08234912383,3.464101615
0,1500,0.3,1251,1.15,0.1089028228,2.828427125
0,1500,0.3,1251,1.18,0.0964763729,3.464101615
0,1500,0.3,1251,1.21,0.09101318751,1.414213562
0,1500,0.3,1251,1.25,0.1189679028,3.464101615
0,1500,0.3,1251,1.26,0.1440694586,2
0,1500,0.3,1251,1.29,0.1386200266,2
0,1500,0.3,1251,1.3,0.1197459251,2
0,1500,0.3,1251,1.31,0.09755155398,2.828427125
0,1500,0.3,1251,1.34,0.136327341,1.414213562
0,1500,0.3,1251,1.35,0.1413958579,2.828427125
0,1500,0.3,1251,1.37,0.1345019449,2.828427125
0,1500,0.3,1251,1.38,0.1085182634,2
0,1500,0.3,1251,1.39,0.1351686264,2
0,1500,0.3,1251,1.4,0.14408141,2
0,1500,0.3,1251,1.42,0.1270969594,2
0,1500,0.3,1251,1.43,0.183051544,2.828427125
0,1500,0.3,1251,1.45,0.1319629359,2.828427125
0,1500,0.3,1251,1.46,0.1273231884,3.16227766
0,1500,0.3,1251,1.48,0.1443880294,2.828427125
0,1500,0.3,1251,1.5,0.1399695434,2
0,1500,0.3,1251,1.51,0.1260672346,2
0,1500,0.3,1251,1.55,0.1765605642,3.464101615
0,1500,0.3,1251,1.56,0.1642617119,2
0,1500,0.3,1251,1.57,0.1314676964,2
0,1500,0.3,1251,1.59,0.1502584694,2.828427125
0,1500,0.3,1251,1.61,0.160764537,3.741657387
0,1500,0.3,1251,1.63,0.1791598845,2.828427125
0,1500,0.3,1251,1.64,0.2081945663,2.828427125
0,1500,0.3,1251,1.65,0.1784180481,2.828427125
0,1500,0.3,1251,1.66,0.197246196,2.828427125
0,1500,0.3,1251,1.67,0.2230690787,2
0,1500,0.3,1251,1.68,0.1805733042,2
0,1500,0.3,1251,1.69,0.2265063644,2.828427125
0,1500,0.3,1251,1.7,0.1987567235,4
0,1500,0.3,1251,1.72,0.2228289669,2.828427125
0,1500,0.3,1251,1.74,0.1596792715,2
0,1500,0.3,1251,1.77,0.2456904289,2
0,1500,0.3,1251,1.8,0.2352632943,3.464101615
0,1500,0.3,1251,1.81,0.2412528967,2.828427125
0,1500,0.3,1251,1.82,0.1994147027,2.828427125
0,1500,0.3,1251,1.84,0.2697208295,2.828427125
0,1500,0.3,1251,1.85,0.2637865393,2.828427125
0,1500,0.3,1251,1.87,0.2625518428,2.828427125
0,1500,0.3,1251,1.88,0.2251372095,2
0,1500,0.3,1251,1.9,0.2286411849,2.828427125
0,1500,0.3,1251,1.91,0.2284731736,2.828427125
0,1500,0.3,1251,1.92,0.2567608088,2.828427125
0,1500,0.3,1251,1.95,0.250949799,3.16227766
0,1500,0.3,1251,1.96,0.2266805077,2.828427125
0,1500,0.3,1251,1.98,0.2490798102,2.828427125
0,1500,0.3,1251,1.99,0.2200068535,2
0,1500,0.3,1251,2,0.2861116153,2.828427125
0,1500,0.3,1251,2.01,0.2925100958,2.828427125
0,1500,0.3,1251,2.02,0.2741348869,4
0,1500,0.3,1251,2.05,0.2919944702,2.828427125
0,1500,0.3,1251,2.06,0.2760981111,2
0,1500,0.3,1251,2.09,0.2887394614,2
0,1500,0.3,1251,2.1,0.3454805418,2.828427125
0,1500,0.3,1251,2.11,0.2287658434,2
0,1500,0.3,1251,2.13,0.3169784283,4
0,1500,0.3,1251,2.14,0.2866305868,4
0,1500,0.3,1251,2.15,0.2943505024,2.828427125
0,1500,0.3,1251,2.17,0.2876079767,2
0,1500,0.3,1251,2.19,0.3607138875,2
0,1500,0.3,1251,2.2,0.3098361669,2.828427125
0,1500,0.3,1251,2.21,0.3333489854,2.828427125
0,1500,0.3,1251,2.23,0.3490734872,2.828427125
0,1500,0.3,1251,2.27,0.3250822507,2.828427125
0,1500,0.3,1251,2.29,0.2567340719,2
0,1500,0.3,1251,2.31,0.3883129577,2.828427125
0,1500,0.3,1251,2.32,0.3181184314,4
0,1500,0.3,1251,2.33,0.2858591805,2.828427125
0,1500,0.3,1251,2.36,0.2967433581,2
0,1500,0.3,1251,2.39,0.3258265936,4.898979486
0,1500,0.3,1251,2.49,0.3878571979,2.828427125
0,1500,0.3,1251,2.5,0.3006063594,2.828427125
0,1500,0.3,1251,2.53,0.3353986964,2
0,1500,0.3,1251,2.55,0.3422102068,4
0,1500,0.3,1251,2.61,0.3390578196,2.828427125
0,1500,0.3,1251,2.65,0.3156275495,2.828427125
0,1500,0.3,1251,2.72,0.305699243,2.828427125
0,1500,0.3,1251,2.86,0.2929387183,2.828427125
0,1500,0.4,1251,0.36,0.03693964114,1.414213562
0,1500,0.4,1251,0.39,0.02642548985,1.414213562
0,1500,0.4,1251,0.51,0.01810316044,1.414213562
0,1500,0.4,1251,0.53,0.05176991134,2
0,1500,0.4,1251,0.62,0.04607912752,2
0,1500,0.4,1251,0.64,0.03711290786,2
0,1500,0.4,1251,0.71,0.03893908857,1.414213562
0,1500,0.4,1251,0.73,0.05643007906,2.828427125
0,1500,0.4,1251,0.78,0.06840816336,1.414213562
0,1500,0.4,1251,0.81,0.0530593319,2
0,1500,0.4,1251,0.86,0.05569486042,2
0,1500,0.4,1251,0.87,0.05199464947,2
0,1500,0.4,1251,0.93,0.06687719102,2
0,1500,0.4,1251,0.96,0.06639303923,2.828427125
0,1500,0.4,1251,1,0.07138931925,2.828427125
0,1500,0.4,1251,1.01,0.06409450089,1.414213562
0,1500,0.4,1251,1.06,0.07667857615,2
0,1500,0.4,1251,1.07,0.07508175243,2.449489743
0,1500,0.4,1251,1.08,0.07867854357,2
0,1500,0.4,1251,1.14,0.09051218065,3.464101615
0,1500,0.4,1251,1.17,0.07996434216,3.16227766
0,1500,0.4,1251,1.18,0.1000221841,2
0,1500,0.4,1251,1.22,0.1114621921,2
0,1500,0.4,1251,1.24,0.09517112213,2
0,1500,0.4,1251,1.25,0.1013133371,2.828427125
0,1500,0.4,1251,1.27,0.09750213071,2
0,1500,0.4,1251,1.28,0.1221012574,2
0,1500,0.4,1251,1.3,0.1124693655,2.828427125
0,1500,0.4,1251,1.32,0.1269359847,3.464101615
0,1500,0.4,1251,1.33,0.1100790204,2.828427125
0,1500,0.4,1251,1.37,0.1386729835,2
0,1500,0.4,1251,1.42,0.1289451743,2.828427125
0,1500,0.4,1251,1.43,0.1532801006,1.414213562
0,1500,0.4,1251,1.46,0.1350936253,4
0,1500,0.4,1251,1.47,0.1232722347,2
0,1500,0.4,1251,1.48,0.1557270883,2
0,1500,0.4,1251,1.51,0.1669680406,2
0,1500,0.4,1251,1.52,0.1501181677,3.16227766
0,1500,0.4,1251,1.55,0.1956634987,2
0,1500,0.4,1251,1.56,0.1964085489,3.741657387
0,1500,0.4,1251,1.57,0.1257951943,2
0,1500,0.4,1251,1.58,0.2359887089,2
0,1500,0.4,1251,1.59,0.211480975,2.828427125
0,1500,0.4,1251,1.6,0.2051976758,2
0,1500,0.4,1251,1.61,0.1690962422,2.828427125
0,1500,0.4,1251,1.63,0.2127981413,2
0,1500,0.4,1251,1.64,0.168347941,2
0,1500,0.4,1251,1.66,0.2355857048,2.828427125
0,1500,0.4,1251,1.67,0.2126550006,2.828427125
0,1500,0.4,1251,1.68,0.2041615738,3.464101615
0,1500,0.4,1251,1.7,0.2393762936,4
0,1500,0.4,1251,1.71,0.2799705461,2.828427125
0,1500,0.4,1251,1.72,0.230340752,2.828427125
0,1500,0.4,1251,1.74,0.2315581295,2.828427125
0,1500,0.4,1251,1.75,0.2188698076,2
0,1500,0.4,1251,1.79,0.2702516789,4
0,1500,0.4,1251,1.84,0.2226180989,2
0,1500,0.4,1251,1.85,0.2802106176,2.828427125
0,1500,0.4,1251,1.86,0.3248465505,2.828427125
0,1500,0.4,1251,1.88,0.2866544457,2.828427125
0,1500,0.4,1251,1.89,0.3233968978,3.464101615
0,1500,0.4,1251,1.9,0.3408676589,2.828427125
0,1500,0.4,1251,1.91,0.3569191149,2.828427125
0,1500,0.4,1251,1.92,0.331158915,3.464101615
0,1500,0.4,1251,1.95,0.3433315632,2.828427125
0,1500,0.4,1251,1.96,0.298094273,2.828427125
0,1500,0.4,1251,1.99,0.3432937781,2.828427125
0,1500,0.4,1251,2.01,0.3627954231,2.828427125
0,1500,0.4,1251,2.02,0.3573104942,1.414213562
0,1500,0.4,1251,2.04,0.3823190462,2.828427125
0,1500,0.4,1251,2.06,0.3367676286,2.828427125
0,1500,0.4,1251,2.08,0.4665213394,2
0,1500,0.4,1251,2.09,0.3590272784,2.828427125
0,1500,0.4,1251,2.1,0.3693518671,2.828427125
0,1500,0.4,1251,2.11,0.3568944954,2
0,1500,0.4,1251,2.12,0.4424441984,2.828427125
0,1500,0.4,1251,2.14,0.3446035516,2.828427125
0,1500,0.4,1251,2.15,0.3827690336,2
0,1500,0.4,1251,2.17,0.4070219943,3.464101615
0,1500,0.4,1251,2.18,0.3759420772,3.464101615
0,1500,0.4,1251,2.19,0.4415867776,2.828427125
0,1500,0.4,1251,2.2,0.3678492468,2.828427125
0,1500,0.4,1251,2.21,0.4465679007,2.828427125
0,1500,0.4,1251,2.22,0.3561486213,2.828427125
0,1500,0.4,1251,2.28,0.3337952402,2.828427125
0,1500,0.4,1251,2.29,0.3857628231,3.464101615
0,1500,0.4,1251,2.32,0.4539690773,2.828427125
0,1500,0.4,1251,2.34,0.4281272654,3.464101615
0,1500,0.4,1251,2.36,0.4485391173,2.828427125
0,1500,0.4,1251,2.39,0.4272281296,2.828427125
0,1500,0.4,1251,2.42,0.3293218751,4
0,1500,0.4,1251,2.44,0.3766212879,2.828427125
0,1500,0.4,1251,2.48,0.430300287,2
0,1500,0.4,1251,2.51,0.3716509227,2.828427125
0,1500,0.4,1251,2.56,0.3786392808,2
0,1500,0.4,1251,2.57,0.3388486949,2.828427125
0,1500,0.4,1251,2.58,0.3412783129,2.828427125
0,1500,0.4,1251,2.6,0.3687178283,4
0,1500,0.4,1251,2.65,0.3918046515,2.828427125
0,1500,0.4,1251,2.74,0.3939775042,2.828427125
0,1500,0.4,1251,2.77,0.3400698072,2.828427125
0,1500,0.4,1251,2.93,0.2823452897,2.828427125
0,1500,0.5,1251,0.37,0.039484082,1.414213562
0,1500,0.5,1251,0.42,0.03884061471,1.414213562
0,1500,0.5,1251,0.44,0.03035655792,1.414213562
0,1500,0.5,1251,0.56,0.04159392168,2
0,1500,0.5,1251,0.57,0.03937903581,2
0,1500,0.5,1251,0.61,0.02998661842,2
0,1500,0.5,1251,0.71,0.04505883804,2.828427125
0,1500,0.5,1251,0.74,0.0393397847,1.414213562
0,1500,0.5,1251,0.84,0.05162970548,1.414213562
0,1500,0.5,1251,0.85,0.06845277022,2.828427125
0,1500,0.5,1251,0.87,0.06231801353,1.414213562
0,1500,0.5,1251,0.92,0.05118521508,2
0,1500,0.5,1251,0.95,0.06083773122,4
0,1500,0.5,1251,0.97,0.07493043456,2
0,1500,0.5,1251,1.01,0.06893860532,2.828427125
0,1500,0.5,1251,1.03,0.07543193472,2.828427125
0,1500,0.5,1251,1.1,0.07838641425,1.414213562
0,1500,0.5,1251,1.12,0.08926548614,2
0,1500,0.5,1251,1.14,0.08308691661,2
0,1500,0.5,1251,1.18,0.08071836205,2
0,1500,0.5,1251,1.19,0.07905796903,2
0,1500,0.5,1251,1.2,0.09695538795,2.828427125
0,1500,0.5,1251,1.21,0.09346622742,3.464101615
0,1500,0.5,1251,1.26,0.1052287179,4.242640687
0,1500,0.5,1251,1.31,0.1120168698,2.449489743
0,1500,0.5,1251,1.33,0.1180342524,2
0,1500,0.5,1251,1.36,0.1308665758,2
0,1500,0.5,1251,1.37,0.1169941012,2
0,1500,0.5,1251,1.38,0.1247270436,2.828427125
0,1500,0.5,1251,1.39,0.1322452688,2
0,1500,0.5,1251,1.41,0.1234734855,2
0,1500,0.5,1251,1.42,0.1367141768,4
0,1500,0.5,1251,1.45,0.1429483182,2.828427125
0,1500,0.5,1251,1.46,0.1611451868,2
0,1500,0.5,1251,1.47,0.1457509638,3.16227766
0,1500,0.5,1251,1.5,0.1523238433,2
0,1500,0.5,1251,1.52,0.1586289801,2.828427125
0,1500,0.5,1251,1.53,0.1740652329,3.464101615
0,1500,0.5,1251,1.55,0.1794303706,2
0,1500,0.5,1251,1.56,0.1940825352,2.828427125
0,1500,0.5,1251,1.57,0.195454619,2.828427125
0,1500,0.5,1251,1.59,0.217040856,2.828427125
0,1500,0.5,1251,1.6,0.1732362182,2.828427125
0,1500,0.5,1251,1.64,0.2385004572,2.828427125
0,1500,0.5,1251,1.67,0.2196320022,2
0,1500,0.5,1251,1.68,0.2297692168,1.414213562
0,1500,0.5,1251,1.69,0.1788898083,2
0,1500,0.5,1251,1.7,0.2137663425,2.828427125
0,1500,0.5,1251,1.71,0.2859752764,2.828427125
0,1500,0.5,1251,1.72,0.2683495933,3.464101615
0,1500,0.5,1251,1.73,0.2722010278,3.464101615
0,1500,0.5,1251,1.74,0.2489440708,1.414213562
0,1500,0.5,1251,1.75,0.2595571992,2.828427125
0,1500,0.5,1251,1.76,0.2892212333,4
0,1500,0.5,1251,1.77,0.2971838017,2.828427125
0,1500,0.5,1251,1.78,0.2481184703,2
0,1500,0.5,1251,1.79,0.2244581174,2
0,1500,0.5,1251,1.82,0.2796886336,2
0,1500,0.5,1251,1.83,0.3162624066,3.464101615
0,1500,0.5,1251,1.85,0.311694263,2.828427125
0,1500,0.5,1251,1.88,0.3435779976,2.828427125
0,1500,0.5,1251,1.89,0.3467655892,4
0,1500,0.5,1251,1.9,0.3149504717,2.828427125
0,1500,0.5,1251,1.91,0.2924408565,2.828427125
0,1500,0.5,1251,1.93,0.4030660738,3.464101615
0,1500,0.5,1251,1.94,0.3635278229,3.464101615
0,1500,0.5,1251,1.96,0.3673216024,2.828427125
0,1500,0.5,1251,1.97,0.3987433005,3.464101615
0,1500,0.5,1251,1.98,0.3509221499,2.828427125
0,1500,0.5,1251,2.01,0.4470012862,3.464101615
0,1500,0.5,1251,2.03,0.4057629257,2.828427125
0,1500,0.5,1251,2.06,0.4051776344,3.464101615
0,1500,0.5,1251,2.07,0.4525556396,2.828427125
0,1500,0.5,1251,2.1,0.4389306015,2.828427125
0,1500,0.5,1251,2.12,0.4092019239,4
0,1500,0.5,1251,2.13,0.4546482114,2
0,1500,0.5,1251,2.14,0.464442213,2.828427125
0,1500,0.5,1251,2.15,0.4075608791,2
0,1500,0.5,1251,2.16,0.412596726,2.828427125
0,1500,0.5,1251,2.18,0.4721651419,2.828427125
0,1500,0.5,1251,2.19,0.4096233643,2.828427125
0,1500,0.5,1251,2.23,0.4982969535,3.464101615
0,1500,0.5,1251,2.25,0.4602278252,2.828427125
0,1500,0.5,1251,2.27,0.4405006176,4
0,1500,0.5,1251,2.28,0.5213337142,2
0,1500,0.5,1251,2.32,0.4165027415,2.828427125
0,1500,0.5,1251,2.34,0.4137027311,2.828427125
0,1500,0.5,1251,2.4,0.4206282058,4
0,1500,0.5,1251,2.42,0.4268804744,3.464101615
0,1500,0.5,1251,2.43,0.3723052789,2.828427125
0,1500,0.5,1251,2.45,0.4573693888,2.828427125
0,1500,0.5,1251,2.53,0.4077103647,2.828427125
0,1500,0.5,1251,2.59,0.3718916591,2.828427125
0,1500,0.5,1251,2.6,0.3441643555,2.828427125
0,1500,0.5,1251,2.66,0.3154268076,2.828427125
0,1500,0.5,1251,2.83,0.2708474752,2.828427125
0,1500,0.6,1251,0.37,0.08748803499,1.414213562
0,1500,0.6,1251,0.43,0.04202811348,1.414213562
0,1500,0.6,1251,0.45,0.05680722239,1.414213562
0,1500,0.6,1251,0.56,0.03680634291,2
0,1500,0.6,1251,0.58,0.06707678618,2
0,1500,0.6,1251,0.62,0.07460433972,2
0,1500,0.6,1251,0.72,0.06682095937,2.828427125
0,1500,0.6,1251,0.74,0.08610757541,1.414213562
0,1500,0.6,1251,0.85,0.0824828046,2.449489743
0,1500,0.6,1251,0.86,0.07965611135,2
0,1500,0.6,1251,0.89,0.09421586561,1.414213562
0,1500,0.6,1251,0.93,0.08458586885,2
0,1500,0.6,1251,0.96,0.08433318678,4
0,1500,0.6,1251,0.99,0.08762193713,2
0,1500,0.6,1251,1.03,0.07830221974,2.828427125
0,1500,0.6,1251,1.05,0.088495093,2.828427125
0,1500,0.6,1251,1.11,0.08533684915,1.414213562
0,1500,0.6,1251,1.13,0.09283178337,2
0,1500,0.6,1251,1.16,0.1048077093,2
0,1500,0.6,1251,1.19,0.105231482,2
0,1500,0.6,1251,1.2,0.09542784634,2
0,1500,0.6,1251,1.21,0.1085340123,2.828427125
0,1500,0.6,1251,1.23,0.107254928,3.464101615
0,1500,0.6,1251,1.27,0.1249688429,2.828427125
0,1500,0.6,1251,1.28,0.1192866608,1.414213562
0,1500,0.6,1251,1.29,0.1059143668,2.828427125
0,1500,0.6,1251,1.33,0.1345392929,2
0,1500,0.6,1251,1.34,0.163254765,1.414213562
0,1500,0.6,1251,1.35,0.1399308061,2
0,1500,0.6,1251,1.39,0.1141795941,2
0,1500,0.6,1251,1.4,0.153744557,4
0,1500,0.6,1251,1.42,0.1371955542,2
0,1500,0.6,1251,1.44,0.1473600166,2.828427125
0,1500,0.6,1251,1.45,0.1491500147,2.828427125
0,1500,0.6,1251,1.47,0.1481255562,2.828427125
0,1500,0.6,1251,1.48,0.163083397,3.741657387
0,1500,0.6,1251,1.53,0.1511365959,2
0,1500,0.6,1251,1.54,0.1625313248,4
0,1500,0.6,1251,1.56,0.2135307292,2
0,1500,0.6,1251,1.58,0.1845851089,3.464101615
0,1500,0.6,1251,1.6,0.2098940266,4
0,1500,0.6,1251,1.63,0.2182834361,2.828427125
0,1500,0.6,1251,1.66,0.2440094808,2.828427125
0,1500,0.6,1251,1.69,0.2510303802,2
0,1500,0.6,1251,1.7,0.2282690833,1.414213562
0,1500,0.6,1251,1.71,0.2308656299,2
0,1500,0.6,1251,1.72,0.2271306889,2.828427125
0,1500,0.6,1251,1.73,0.2261801594,2
0,1500,0.6,1251,1.74,0.23553271,2.828427125
0,1500,0.6,1251,1.75,0.2562072451,4
0,1500,0.6,1251,1.76,0.2704989423,3.464101615
0,1500,0.6,1251,1.78,0.2809911771,3.16227766
0,1500,0.6,1251,1.79,0.2794066798,2.828427125
0,1500,0.6,1251,1.8,0.2965472349,2.828427125
0,1500,0.6,1251,1.82,0.2810577529,2
0,1500,0.6,1251,1.83,0.2657544465,2
0,1500,0.6,1251,1.85,0.3552264348,2
0,1500,0.6,1251,1.86,0.3552008043,2
0,1500,0.6,1251,1.87,0.2833117985,2.828427125
0,1500,0.6,1251,1.88,0.3239204492,2.828427125
0,1500,0.6,1251,1.91,0.3799736144,4
0,1500,0.6,1251,1.92,0.3514647305,3.464101615
0,1500,0.6,1251,1.93,0.3611473657,3.464101615
0,1500,0.6,1251,1.95,0.3346043768,2
0,1500,0.6,1251,1.96,0.3761559891,2.828427125
0,1500,0.6,1251,1.97,0.3793823423,3.464101615
0,1500,0.6,1251,1.99,0.346348545,3.464101615
0,1500,0.6,1251,2,0.3985766259,2.828427125
0,1500,0.6,1251,2.01,0.3551323779,2.828427125
0,1500,0.6,1251,2.03,0.4030109311,2
0,1500,0.6,1251,2.04,0.3551340645,2.828427125
0,1500,0.6,1251,2.06,0.4040217483,2.828427125
0,1500,0.6,1251,2.08,0.4167264308,2.828427125
0,1500,0.6,1251,2.1,0.3878781192,2
0,1500,0.6,1251,2.11,0.404395708,2.828427125
0,1500,0.6,1251,2.14,0.4789959948,2.828427125
0,1500,0.6,1251,2.15,0.4667489256,4
0,1500,0.6,1251,2.16,0.3969715237,2
0,1500,0.6,1251,2.17,0.3835531908,2.828427125
0,1500,0.6,1251,2.19,0.4028830991,2
0,1500,0.6,1251,2.2,0.4235076612,2.828427125
0,1500,0.6,1251,2.22,0.4129284137,4
0,1500,0.6,1251,2.26,0.4018939061,3.464101615
0,1500,0.6,1251,2.29,0.3906857917,2.828427125
0,1500,0.6,1251,2.3,0.3850472704,2.828427125
0,1500,0.6,1251,2.31,0.3841428838,3.464101615
0,1500,0.6,1251,2.35,0.4092878795,2.828427125
0,1500,0.6,1251,2.37,0.3839508727,2.828427125
0,1500,0.6,1251,2.42,0.3991608499,2.828427125
0,1500,0.6,1251,2.43,0.3427366241,2.828427125
0,1500,0.6,1251,2.46,0.3613682645,3.464101615
0,1500,0.6,1251,2.47,0.3430778692,2.828427125
0,1500,0.6,1251,2.49,0.3348855435,2.828427125
0,1500,0.6,1251,2.57,0.3214119098,2.828427125
0,1500,0.6,1251,2.62,0.3045200943,2.828427125
0,1500,0.6,1251,2.64,0.3452972317,2.828427125
0,1500,0.6,1251,2.7,0.2988472268,2.828427125
0,1500,0.6,1251,2.87,0.2472948924,2.828427125
0,1500,0.7,1251,0.4,0.1405294902,1.414213562
0,1500,0.7,1251,0.42,0.1904174048,1.414213562
0,1500,0.7,1251,0.43,0.2093993576,1.414213562
0,1500,0.7,1251,0.58,0.09513885429,2
0,1500,0.7,1251,0.59,0.1310291111,2
0,1500,0.7,1251,0.6,0.09647933513,2
0,1500,0.7,1251,0.72,0.08324866178,2.828427125
0,1500,0.7,1251,0.81,0.1054686229,1.414213562
0,1500,0.7,1251,0.84,0.1140794843,1.414213562
0,1500,0.7,1251,0.85,0.1321131421,1.414213562
0,1500,0.7,1251,0.91,0.09179321353,2.828427125
0,1500,0.7,1251,0.93,0.1025005179,2
0,1500,0.7,1251,0.94,0.1037173454,2.828427125
0,1500,0.7,1251,0.95,0.08621439843,2
0,1500,0.7,1251,1,0.09260050667,2.828427125
0,1500,0.7,1251,1.03,0.1011179693,4
0,1500,0.7,1251,1.17,0.1200618407,2.828427125
0,1500,0.7,1251,1.2,0.1135964046,2
0,1500,0.7,1251,1.21,0.1107738395,1.414213562
0,1500,0.7,1251,1.24,0.1314548606,2.828427125
0,1500,0.7,1251,1.25,0.1321309571,2.828427125
0,1500,0.7,1251,1.26,0.1176536194,3.16227766
0,1500,0.7,1251,1.28,0.1304120191,3.16227766
0,1500,0.7,1251,1.33,0.1346938382,2.828427125
0,1500,0.7,1251,1.34,0.1318316974,2
0,1500,0.7,1251,1.35,0.1340426198,3.464101615
0,1500,0.7,1251,1.39,0.1256025737,2.828427125
0,1500,0.7,1251,1.4,0.1451355577,2.828427125
0,1500,0.7,1251,1.44,0.1457253847,2.828427125
0,1500,0.7,1251,1.47,0.1582463041,2
0,1500,0.7,1251,1.48,0.1477034438,2
0,1500,0.7,1251,1.5,0.1601447906,2
0,1500,0.7,1251,1.51,0.1700932624,2
0,1500,0.7,1251,1.52,0.1996899539,2
0,1500,0.7,1251,1.53,0.1610286254,3.464101615
0,1500,0.7,1251,1.54,0.1513232306,2.828427125
0,1500,0.7,1251,1.56,0.1491860397,2.828427125
0,1500,0.7,1251,1.57,0.1715813719,2.828427125
0,1500,0.7,1251,1.58,0.1690674039,4
0,1500,0.7,1251,1.61,0.1947842505,1.414213562
0,1500,0.7,1251,1.67,0.21573017,2.828427125
0,1500,0.7,1251,1.69,0.176596572,1.414213562
0,1500,0.7,1251,1.7,0.2083046293,3.16227766
0,1500,0.7,1251,1.72,0.2449031078,4
0,1500,0.7,1251,1.73,0.2326955722,3.464101615
0,1500,0.7,1251,1.74,0.2585618287,2
0,1500,0.7,1251,1.75,0.2144663377,2.828427125
0,1500,0.7,1251,1.76,0.247646225,2.828427125
0,1500,0.7,1251,1.79,0.2246440039,2.828427125
0,1500,0.7,1251,1.8,0.2557002502,4.472135955
0,1500,0.7,1251,1.81,0.2601197265,2.828427125
0,1500,0.7,1251,1.82,0.2581011899,2.828427125
0,1500,0.7,1251,1.84,0.2728260875,2.828427125
0,1500,0.7,1251,1.87,0.2753808541,4.472135955
0,1500,0.7,1251,1.89,0.2881554679,2.828427125
0,1500,0.7,1251,1.9,0.2940738432,2
0,1500,0.7,1251,1.92,0.2874880668,2.828427125
0,1500,0.7,1251,1.93,0.2840854045,4
0,1500,0.7,1251,1.94,0.2758724272,2.828427125
0,1500,0.7,1251,1.95,0.2887833176,4
0,1500,0.7,1251,1.97,0.3078104023,2.828427125
0,1500,0.7,1251,2.01,0.3133185921,2.828427125
0,1500,0.7,1251,2.05,0.2888245224,3.464101615
0,1500,0.7,1251,2.06,0.3233346291,2
0,1500,0.7,1251,2.07,0.3203555574,3.464101615
0,1500,0.7,1251,2.09,0.3480839004,3.464101615
0,1500,0.7,1251,2.1,0.3560248147,2.828427125
0,1500,0.7,1251,2.12,0.3000178891,4
0,1500,0.7,1251,2.13,0.3284427411,2.828427125
0,1500,0.7,1251,2.15,0.3177747362,2.828427125
0,1500,0.7,1251,2.16,0.3546008661,2.828427125
0,1500,0.7,1251,2.17,0.3247924459,2.828427125
0,1500,0.7,1251,2.22,0.3189246827,4
0,1500,0.7,1251,2.24,0.3255627764,2.828427125
0,1500,0.7,1251,2.25,0.3439563054,2.828427125
0,1500,0.7,1251,2.26,0.3132327007,2.828427125
0,1500,0.7,1251,2.27,0.303630626,2.828427125
0,1500,0.7,1251,2.33,0.3062694024,2
0,1500,0.7,1251,2.35,0.389262711,2
0,1500,0.7,1251,2.37,0.3175982545,2.828427125
0,1500,0.7,1251,2.38,0.3010599619,2.828427125
0,1500,0.7,1251,2.4,0.2975531561,2
0,1500,0.7,1251,2.42,0.3003139502,2.828427125
0,1500,0.7,1251,2.43,0.2758613326,2.828427125
0,1500,0.7,1251,2.44,0.2820702208,4
0,1500,0.7,1251,2.48,0.2912602388,2.828427125
0,1500,0.7,1251,2.49,0.2888422448,2.828427125
0,1500,0.7,1251,2.53,0.2775782919,2.828427125
0,1500,0.7,1251,2.66,0.2666342525,2.828427125
0,1500,0.7,1251,2.67,0.2470852018,2.828427125
0,1500,0.7,1251,2.69,0.2323765213,2.828427125
0,1500,0.7,1251,2.89,0.2220338181,2.828427125
0,1500,0.75,1251,0.34,0.1202415267,1.414213562
0,1500,0.75,1251,0.37,0.1231369245,1.414213562
0,1500,0.75,1251,0.43,0.2082984156,1.414213562
0,1500,0.75,1251,0.51,0.116140624,2
0,1500,0.75,1251,0.55,0.1064799793,2
0,1500,0.75,1251,0.57,0.09988130896,2
0,1500,0.75,1251,0.66,0.1104402842,2.828427125
0,1500,0.75,1251,0.69,0.09041201364,1.414213562
0,1500,0.75,1251,0.74,0.125345402,1.414213562
0,1500,0.75,1251,0.78,0.0865406964,2
0,1500,0.75,1251,0.81,0.08670673099,2
0,1500,0.75,1251,0.82,0.09227625566,2
0,1500,0.75,1251,0.86,0.09973887763,2.449489743
0,1500,0.75,1251,0.89,0.1105252208,2.828427125
0,1500,0.75,1251,0.92,0.1116400376,3.464101615
0,1500,0.75,1251,0.93,0.106054338,2
0,1500,0.75,1251,0.99,0.11003472,2.828427125
0,1500,0.75,1251,1.01,0.1024152789,2
0,1500,0.75,1251,1.03,0.1046146047,1.414213562
0,1500,0.75,1251,1.1,0.09666249315,4
0,1500,0.75,1251,1.11,0.1138212285,1.414213562
0,1500,0.75,1251,1.12,0.11397866,2
0,1500,0.75,1251,1.13,0.0916573636,2
0,1500,0.75,1251,1.16,0.1209035045,3.464101615
0,1500,0.75,1251,1.18,0.1167541878,4
0,1500,0.75,1251,1.19,0.1008370175,2
0,1500,0.75,1251,1.24,0.1070253265,2.828427125
0,1500,0.75,1251,1.27,0.1044992973,2
0,1500,0.75,1251,1.29,0.1549768339,1.414213562
0,1500,0.75,1251,1.31,0.1311874498,2
0,1500,0.75,1251,1.33,0.1259605918,3.464101615
0,1500,0.75,1251,1.34,0.1376229692,4
0,1500,0.75,1251,1.37,0.1199926913,3.16227766
0,1500,0.75,1251,1.38,0.1273576435,2.828427125
0,1500,0.75,1251,1.39,0.1346490907,2.828427125
0,1500,0.75,1251,1.4,0.1562252025,2
0,1500,0.75,1251,1.42,0.1293049213,2
0,1500,0.75,1251,1.44,0.1377703586,3.464101615
0,1500,0.75,1251,1.46,0.1500487664,2
0,1500,0.75,1251,1.48,0.1521312309,2.449489743
0,1500,0.75,1251,1.49,0.1548894412,2.828427125
0,1500,0.75,1251,1.5,0.1667120692,2.828427125
0,1500,0.75,1251,1.52,0.1437717302,4
0,1500,0.75,1251,1.53,0.1774240964,2.828427125
0,1500,0.75,1251,1.54,0.1497104409,2
0,1500,0.75,1251,1.56,0.1698406904,3.464101615
0,1500,0.75,1251,1.58,0.1727881192,4
0,1500,0.75,1251,1.62,0.1834626415,3.464101615
0,1500,0.75,1251,1.63,0.2013831944,2
0,1500,0.75,1251,1.64,0.1887387333,2.828427125
0,1500,0.75,1251,1.65,0.184418979,2
0,1500,0.75,1251,1.66,0.1616107057,2.828427125
0,1500,0.75,1251,1.69,0.2016854032,4
0,1500,0.75,1251,1.7,0.1957303424,2
0,1500,0.75,1251,1.71,0.2100692897,2.449489743
0,1500,0.75,1251,1.73,0.1991022167,2.828427125
0,1500,0.75,1251,1.74,0.1971213154,2.828427125
0,1500,0.75,1251,1.75,0.2116924437,4
0,1500,0.75,1251,1.77,0.1648314462,2
0,1500,0.75,1251,1.78,0.198131801,2.828427125
0,1500,0.75,1251,1.79,0.237212698,2.828427125
0,1500,0.75,1251,1.8,0.2074887903,2
0,1500,0.75,1251,1.81,0.2151194968,2.828427125
0,1500,0.75,1251,1.82,0.2397860721,2.828427125
0,1500,0.75,1251,1.83,0.2230943018,2.828427125
0,1500,0.75,1251,1.84,0.2305267279,2.828427125
0,1500,0.75,1251,1.85,0.2214362099,3.464101615
0,1500,0.75,1251,1.87,0.2623335257,2
0,1500,0.75,1251,1.88,0.2483988933,3.464101615
0,1500,0.75,1251,1.9,0.2427344113,2.828427125
0,1500,0.75,1251,1.92,0.2258995289,2.828427125
0,1500,0.75,1251,1.96,0.2624998884,3.464101615
0,1500,0.75,1251,1.99,0.2719408268,4.898979486
0,1500,0.75,1251,2,0.2818964389,3.464101615
0,1500,0.75,1251,2.02,0.2689291444,3.464101615
0,1500,0.75,1251,2.03,0.276272587,2.828427125
0,1500,0.75,1251,2.04,0.2601110874,2
0,1500,0.75,1251,2.07,0.273076731,4
0,1500,0.75,1251,2.08,0.3004472833,2.828427125
0,1500,0.75,1251,2.13,0.2725662569,2.828427125
0,1500,0.75,1251,2.16,0.2601139408,2.828427125
0,1500,0.75,1251,2.19,0.3072181589,2.828427125
0,1500,0.75,1251,2.2,0.2696862386,3.464101615
0,1500,0.75,1251,2.22,0.2660400455,2.828427125
0,1500,0.75,1251,2.23,0.2294972596,2.828427125
0,1500,0.75,1251,2.27,0.2831810544,2
0,1500,0.75,1251,2.29,0.253220328,4
0,1500,0.75,1251,2.32,0.2823214903,2.828427125
0,1500,0.75,1251,2.37,0.2756984887,2.828427125
0,1500,0.75,1251,2.4,0.2445529583,2.828427125
0,1500,0.75,1251,2.46,0.2379096421,2.828427125
0,1500,0.75,1251,2.49,0.2410163603,2.828427125
0,1500,0.75,1251,2.65,0.2233190246,2.828427125
0,1500,0.8,1251,0.28,0.690036324,1.414213562
0,1500,0.8,1251,0.53,0.540578258,1.414213562
0,1500,0.8,1251,0.55,0.7201761439,1.414213562
0,1500,0.8,1251,0.57,0.05996879091,1.414213562
0,1500,0.8,1251,0.6,0.2716745167,2
0,1500,0.8,1251,0.62,0.1403037346,2
0,1500,0.8,1251,0.76,0.1939172418,2
0,1500,0.8,1251,0.78,0.106241624,2
0,1500,0.8,1251,0.79,0.05668330858,2
0,1500,0.8,1251,0.82,0.118076104,2.828427125
0,1500,0.8,1251,0.85,0.05761690653,1.414213562
0,1500,0.8,1251,0.95,0.09538507997,2.828427125
0,1500,0.8,1251,1,0.09605893221,2
0,1500,0.8,1251,1.01,0.06383764765,2
0,1500,0.8,1251,1.06,0.1304969773,1.414213562
0,1500,0.8,1251,1.1,0.1084428478,2.449489743
0,1500,0.8,1251,1.13,0.09831892911,1.414213562
0,1500,0.8,1251,1.14,0.09475171243,3.464101615
0,1500,0.8,1251,1.2,0.1098597599,2.828427125
0,1500,0.8,1251,1.22,0.08705308483,2
0,1500,0.8,1251,1.23,0.09826549527,2.828427125
0,1500,0.8,1251,1.24,0.09034108623,2
0,1500,0.8,1251,1.25,0.09475635402,3.464101615
0,1500,0.8,1251,1.26,0.08307519209,2
0,1500,0.8,1251,1.32,0.1208488505,2.828427125
0,1500,0.8,1251,1.35,0.1036013391,2.828427125
0,1500,0.8,1251,1.36,0.1127993344,2
0,1500,0.8,1251,1.37,0.102955426,2.828427125
0,1500,0.8,1251,1.39,0.1194703961,2
0,1500,0.8,1251,1.47,0.128448198,2.828427125
0,1500,0.8,1251,1.49,0.1236977668,2.828427125
0,1500,0.8,1251,1.53,0.1122420061,2
0,1500,0.8,1251,1.55,0.1046635532,2
0,1500,0.8,1251,1.56,0.1561746894,2.828427125
0,1500,0.8,1251,1.58,0.1146832514,2
0,1500,0.8,1251,1.59,0.2638924887,1.414213562
0,1500,0.8,1251,1.62,0.1894120477,2
0,1500,0.8,1251,1.63,0.1704820345,2.828427125
0,1500,0.8,1251,1.65,0.1435734961,3.16227766
0,1500,0.8,1251,1.67,0.1690930873,3.464101615
0,1500,0.8,1251,1.69,0.1574082291,2.828427125
0,1500,0.8,1251,1.71,0.2095526634,2.828427125
0,1500,0.8,1251,1.73,0.2476280912,2
0,1500,0.8,1251,1.74,0.1391960116,2
0,1500,0.8,1251,1.75,0.1696422054,2.828427125
0,1500,0.8,1251,1.76,0.1510103635,2.828427125
0,1500,0.8,1251,1.78,0.1902908171,2.828427125
0,1500,0.8,1251,1.81,0.2015336366,2
0,1500,0.8,1251,1.82,0.1310133949,2.828427125
0,1500,0.8,1251,1.86,0.1703723944,2
0,1500,0.8,1251,1.89,0.1852357067,2.828427125
0,1500,0.8,1251,1.9,0.1747202975,2.828427125
0,1500,0.8,1251,1.93,0.1656432858,2.828427125
0,1500,0.8,1251,1.94,0.2614907644,2
0,1500,0.8,1251,1.96,0.1569472926,4
0,1500,0.8,1251,1.98,0.1730812399,2.828427125
0,1500,0.8,1251,2,0.1657037747,2
0,1500,0.8,1251,2.02,0.1642802305,2.828427125
0,1500,0.8,1251,2.03,0.1820796577,2.828427125
0,1500,0.8,1251,2.04,0.1711528509,2.828427125
0,1500,0.8,1251,2.07,0.1945714184,2.828427125
0,1500,0.8,1251,2.11,0.1658935955,2.828427125
0,1500,0.8,1251,2.13,0.1443414559,1.414213562
0,1500,0.8,1251,2.14,0.1777453931,3.464101615
0,1500,0.8,1251,2.2,0.1893882122,3.16227766
0,1500,0.8,1251,2.21,0.1546822807,2.828427125
0,1500,0.8,1251,2.22,0.2327844314,2
0,1500,0.8,1251,2.24,0.1833359757,2.828427125
0,1500,0.8,1251,2.26,0.2358859255,2
0,1500,0.8,1251,2.27,0.1842118892,4.472135955
0,1500,0.8,1251,2.28,0.2028073033,2.828427125
0,1500,0.8,1251,2.29,0.2038040049,2.828427125
0,1500,0.8,1251,2.31,0.2055471063,2.828427125
0,1500,0.8,1251,2.33,0.2004868738,2.828427125
0,1500,0.8,1251,2.35,0.2027960233,2.828427125
0,1500,0.8,1251,2.36,0.189703554,3.464101615
0,1500,0.8,1251,2.39,0.3021911406,2
0,1500,0.8,1251,2.41,0.2122870673,3.464101615
0,1500,0.8,1251,2.42,0.2019906229,2.828427125
0,1500,0.8,1251,2.44,0.1942510456,2
0,1500,0.8,1251,2.45,0.3078487635,2.828427125
0,1500,0.8,1251,2.46,0.228367155,4
0,1500,0.8,1251,2.47,0.1995538432,3.464101615
0,1500,0.8,1251,2.51,0.234231683,2.828427125
0,1500,0.8,1251,2.53,0.2044049451,2.828427125
0,1500,0.8,1251,2.54,0.2204666616,2.828427125
0,1500,0.8,1251,2.56,0.1969330197,2.828427125
0,1500,0.8,1251,2.59,0.1975064544,2.828427125
0,1500,0.8,1251,2.65,0.1886338204,2.828427125
0,1500,0.8,1251,2.69,0.1883179056,3.464101615
0,1500,0.8,1251,2.71,0.1898798875,2.828427125
0,1500,0.8,1251,2.72,0.1676749963,2
0,1500,0.8,1251,2.73,0.1897398637,2.828427125
0,1500,0.8,1251,2.75,0.1782655644,2.828427125
0,1500,0.8,1251,2.78,0.2048908017,2.828427125
0,1500,0.8,1251,2.82,0.2152194726,2.828427125
0,1500,0.8,1251,2.85,0.1760039042,2.828427125
0,1500,0.8,1251,2.92,0.155837419,2.828427125
0,1500,0.8,1251,2.94,0.168690457,2.828427125
0,1500,0.8,1251,3.06,0.154754262,2
0,1500,0.8,1251,3.07,0.1681723092,2.828427125
0,1500,0.8,1251,3.11,0.1574493136,2.828427125
0,1500,0.8,1251,3.17,0.1359628727,2.828427125
0,1500,0.8,1251,3.26,0.1468230924,2.828427125
0,1500,0.85,1251,0.34,0.2384210936,1.414213562
0,1500,0.85,1251,0.39,0.1615287859,1.414213562
0,1500,0.85,1251,0.43,0.5716769945,1.414213562
0,1500,0.85,1251,0.51,0.2582745926,2
0,1500,0.85,1251,0.54,0.846535011,2
0,1500,0.85,1251,0.58,0.1024293912,2
0,1500,0.85,1251,0.67,0.1119220904,3.16227766
0,1500,0.85,1251,0.78,0.0663498433,2.449489743
0,1500,0.85,1251,0.8,0.07135246532,2
0,1500,0.85,1251,0.85,0.05947236957,2.449489743
0,1500,0.85,1251,0.89,0.1045784391,3.464101615
0,1500,0.85,1251,0.92,0.1375795633,2
0,1500,0.85,1251,0.94,0.09670491475,2
0,1500,0.85,1251,0.95,0.07517830706,2.828427125
0,1500,0.85,1251,1,0.06809355316,2.828427125
0,1500,0.85,1251,1.01,0.04097309196,1.414213562
0,1500,0.85,1251,1.03,0.06736986029,2
0,1500,0.85,1251,1.08,0.04857324698,2
0,1500,0.85,1251,1.09,0.08591395098,2.828427125
0,1500,0.85,1251,1.11,0.06248302136,2.828427125
0,1500,0.85,1251,1.15,0.09832849106,2.828427125
0,1500,0.85,1251,1.16,0.08256063565,3.464101615
0,1500,0.85,1251,1.17,0.03511836928,1.414213562
0,1500,0.85,1251,1.2,0.09664577799,2.828427125
0,1500,0.85,1251,1.22,0.09983750058,2
0,1500,0.85,1251,1.25,0.09318811434,2
0,1500,0.85,1251,1.27,0.09679440001,2
0,1500,0.85,1251,1.28,0.04854510346,1.414213562
0,1500,0.85,1251,1.29,0.07997465337,2.828427125
0,1500,0.85,1251,1.32,0.07118411294,2.828427125
0,1500,0.85,1251,1.34,0.09519733392,4.69041576
0,1500,0.85,1251,1.35,0.08473947634,2
0,1500,0.85,1251,1.38,0.1122616295,4
0,1500,0.85,1251,1.4,0.09126349043,2
0,1500,0.85,1251,1.41,0.08023113417,2
0,1500,0.85,1251,1.42,0.09507713528,2.828427125
0,1500,0.85,1251,1.44,0.08546904664,2
0,1500,0.85,1251,1.45,0.1255747423,2
0,1500,0.85,1251,1.46,0.1148343573,2.828427125
0,1500,0.85,1251,1.49,0.08331128998,2.828427125
0,1500,0.85,1251,1.5,0.1183910644,3.464101615
0,1500,0.85,1251,1.53,0.09464873951,2.828427125
0,1500,0.85,1251,1.54,0.1225533569,3.464101615
0,1500,0.85,1251,1.55,0.08274791947,2
0,1500,0.85,1251,1.56,0.07998722152,1.414213562
0,1500,0.85,1251,1.59,0.09023785157,2
0,1500,0.85,1251,1.6,0.1478329462,4.472135955
0,1500,0.85,1251,1.61,0.1025293015,2.828427125
0,1500,0.85,1251,1.62,0.1667473025,2
0,1500,0.85,1251,1.63,0.1060856568,2
0,1500,0.85,1251,1.64,0.1389748801,4
0,1500,0.85,1251,1.65,0.08516294207,2.828427125
0,1500,0.85,1251,1.67,0.1096062658,2.828427125
0,1500,0.85,1251,1.7,0.09982676271,2
0,1500,0.85,1251,1.71,0.07178002106,1.414213562
0,1500,0.85,1251,1.73,0.09468695398,2
0,1500,0.85,1251,1.74,0.1595582875,2
0,1500,0.85,1251,1.75,0.1257851007,3.464101615
0,1500,0.85,1251,1.76,0.09731009607,2.828427125
0,1500,0.85,1251,1.77,0.1252145787,4
0,1500,0.85,1251,1.78,0.1372880695,4
0,1500,0.85,1251,1.81,0.1232846245,4
0,1500,0.85,1251,1.83,0.1179443498,3.464101615
0,1500,0.85,1251,1.85,0.1445374435,2
0,1500,0.85,1251,1.86,0.1088684584,3.464101615
0,1500,0.85,1251,1.87,0.1257249549,2.828427125
0,1500,0.85,1251,1.88,0.1182155217,2
0,1500,0.85,1251,1.9,0.1288163243,4
0,1500,0.85,1251,1.91,0.1305973452,4
0,1500,0.85,1251,1.97,0.1458363365,2.828427125
0,1500,0.85,1251,1.98,0.1427724517,2
0,1500,0.85,1251,1.99,0.1554709139,2.828427125
0,1500,0.85,1251,2.01,0.1323322295,4
0,1500,0.85,1251,2.02,0.1278013982,3.464101615
0,1500,0.85,1251,2.04,0.1227852303,2.828427125
0,1500,0.85,1251,2.05,0.1243683585,2.828427125
0,1500,0.85,1251,2.06,0.1435794866,2
0,1500,0.85,1251,2.07,0.1238276477,2
0,1500,0.85,1251,2.1,0.1387934385,4
0,1500,0.85,1251,2.13,0.1724321199,4
0,1500,0.85,1251,2.17,0.1401802497,2
0,1500,0.85,1251,2.18,0.1806891647,2.828427125
0,1500,0.85,1251,2.19,0.1311470865,2.828427125
0,1500,0.85,1251,2.21,0.2270723452,2.828427125
0,1500,0.85,1251,2.23,0.1289987526,2.828427125
0,1500,0.85,1251,2.26,0.1491942998,2.828427125
0,1500,0.85,1251,2.3,0.1546005734,2.828427125
0,1500,0.85,1251,2.31,0.1536855575,3.464101615
0,1500,0.85,1251,2.34,0.1258163161,2.828427125
0,1500,0.85,1251,2.41,0.1759523452,2.828427125
0,1500,0.85,1251,2.42,0.1275828152,2.828427125
0,1500,0.85,1251,2.47,0.1673277006,2.828427125
0,1500,0.85,1251,2.52,0.147020515,2.828427125
0,1500,0.85,1251,2.67,0.1625551406,2.828427125
0,1500,0.9,1251,0.34,1.604652948,1.414213562
0,1500,0.9,1251,0.39,0.3177398009,1.414213562
0,1500,0.9,1251,0.43,0.0844664675,1.414213562
0,1500,0.9,1251,0.51,0.02619790806,2
0,1500,0.9,1251,0.55,0.1231042641,2
0,1500,0.9,1251,0.58,0.3037319031,2
0,1500,0.9,1251,0.67,0.1311451055,3.16227766
0,1500,0.9,1251,0.78,0.06396590797,2.449489743
0,1500,0.9,1251,0.8,0.0362024744,2
0,1500,0.9,1251,0.84,0.07953230288,2
0,1500,0.9,1251,0.86,0.02995086575,1.414213562
0,1500,0.9,1251,0.89,0.06021698417,3.464101615
0,1500,0.9,1251,0.92,0.05349612241,2
0,1500,0.9,1251,0.94,0.04179504455,2
0,1500,0.9,1251,0.95,0.0589438352,2.828427125
0,1500,0.9,1251,1,0.03097299208,2.828427125
0,1500,0.9,1251,1.01,0.04930890805,1.414213562
0,1500,0.9,1251,1.03,0.06388875732,2
0,1500,0.9,1251,1.08,0.07103420145,2
0,1500,0.9,1251,1.09,0.04063368962,2.828427125
0,1500,0.9,1251,1.11,0.04590331382,2.828427125
0,1500,0.9,1251,1.16,0.06802905982,4.69041576
0,1500,0.9,1251,1.21,0.04733655949,3.464101615
0,1500,0.9,1251,1.24,0.05854137456,2
0,1500,0.9,1251,1.27,0.06989442319,2
0,1500,0.9,1251,1.28,0.06497077355,2.828427125
0,1500,0.9,1251,1.29,0.08716121594,1.414213562
0,1500,0.9,1251,1.32,0.0774957063,2
0,1500,0.9,1251,1.33,0.06890150639,2
0,1500,0.9,1251,1.34,0.05971213891,4.69041576
0,1500,0.9,1251,1.35,0.04661853485,2
0,1500,0.9,1251,1.38,0.06701558953,2.828427125
0,1500,0.9,1251,1.39,0.05565310036,2.828427125
0,1500,0.9,1251,1.4,0.03744044503,2
0,1500,0.9,1251,1.41,0.06962660377,3.464101615
0,1500,0.9,1251,1.45,0.06596056431,2.828427125
0,1500,0.9,1251,1.46,0.04880453385,2.828427125
0,1500,0.9,1251,1.49,0.1150543934,2.828427125
0,1500,0.9,1251,1.51,0.09217906689,3.464101615
0,1500,0.9,1251,1.53,0.07197976186,2.828427125
0,1500,0.9,1251,1.54,0.08898182924,3.464101615
0,1500,0.9,1251,1.55,0.06921306626,2.449489743
0,1500,0.9,1251,1.59,0.08161558617,4
0,1500,0.9,1251,1.6,0.07922891194,2.828427125
0,1500,0.9,1251,1.61,0.07834591517,3.464101615
0,1500,0.9,1251,1.64,0.07410973113,4.472135955
0,1500,0.9,1251,1.65,0.07377033537,2.828427125
0,1500,0.9,1251,1.68,0.06458879793,2.828427125
0,1500,0.9,1251,1.69,0.07573490141,2
0,1500,0.9,1251,1.72,0.07154985326,1.414213562
0,1500,0.9,1251,1.74,0.08929488349,3.464101615
0,1500,0.9,1251,1.75,0.06974726422,2
0,1500,0.9,1251,1.76,0.07835906139,3.464101615
0,1500,0.9,1251,1.77,0.0788747209,4.472135955
0,1500,0.9,1251,1.78,0.09099316589,2
0,1500,0.9,1251,1.8,0.07184729405,4
0,1500,0.9,1251,1.81,0.07488219041,2.828427125
0,1500,0.9,1251,1.83,0.09911933103,2.828427125
0,1500,0.9,1251,1.85,0.08523498192,2.828427125
0,1500,0.9,1251,1.86,0.09418601416,3.464101615
0,1500,0.9,1251,1.89,0.08862338573,3.464101615
0,1500,0.9,1251,1.9,0.08657555831,4.898979486
0,1500,0.9,1251,1.92,0.09504299973,2.828427125
0,1500,0.9,1251,1.97,0.07862115973,2.828427125
0,1500,0.9,1251,1.99,0.1030903982,2
0,1500,0.9,1251,2,0.07500648249,2.828427125
0,1500,0.9,1251,2.01,0.08788745782,2.828427125
0,1500,0.9,1251,2.02,0.08500348193,3.464101615
0,1500,0.9,1251,2.03,0.1076042231,2.828427125
0,1500,0.9,1251,2.04,0.08795080511,2.828427125
0,1500,0.9,1251,2.05,0.0965041871,3.464101615
0,1500,0.9,1251,2.08,0.09310082371,2
0,1500,0.9,1251,2.1,0.09704145853,4
0,1500,0.9,1251,2.13,0.1128330574,2.828427125
0,1500,0.9,1251,2.14,0.0999767589,2.828427125
0,1500,0.9,1251,2.18,0.0976586879,3.464101615
0,1500,0.9,1251,2.2,0.07584603903,2.828427125
0,1500,0.9,1251,2.22,0.07955675241,4
0,1500,0.9,1251,2.25,0.1190205622,2.828427125
0,1500,0.9,1251,2.31,0.1032370221,2.828427125
0,1500,0.9,1251,2.32,0.1538417283,3.464101615
0,1500,0.9,1251,2.34,0.1009361465,2.828427125
0,1500,0.9,1251,2.41,0.09023995369,2.828427125
0,1500,0.9,1251,2.42,0.1020965802,2.828427125
0,1500,0.9,1251,2.47,0.09989200439,2.828427125
0,1500,0.9,1251,2.53,0.1369330745,2.828427125
0,1500,0.9,1251,2.68,0.1110772124,2.828427125
10,1500,0.1,1251,0.28,0.09032391358,1.414213562
10,1500,0.1,1251,0.43,0.09182597323,1.414213562
10,1500,0.1,1251,0.5,0.06833520072,1.414213562
10,1500,0.1,1251,0.51,0.03687137642,2
10,1500,0.1,1251,0.56,0.2325463851,1.414213562
10,1500,0.1,1251,0.58,0.03685496731,2
10,1500,0.1,1251,0.66,0.07535484185,2
10,1500,0.1,1251,0.7,0.04388132734,2
10,1500,0.1,1251,0.72,0.05980222001,2.828427125
10,1500,0.1,1251,0.75,0.1073665919,2
10,1500,0.1,1251,0.83,0.07946821517,1.414213562
10,1500,0.1,1251,0.86,0.023946241,1.414213562
10,1500,0.1,1251,0.87,0.05810332362,2.828427125
10,1500,0.1,1251,0.91,0.04178100251,2
10,1500,0.1,1251,0.94,0.05393933882,2
10,1500,0.1,1251,0.97,0.05228371429,2
10,1500,0.1,1251,1,0.0546801541,2
10,1500,0.1,1251,1.01,0.06821179773,1.414213562
10,1500,0.1,1251,1.03,0.05513573148,2
10,1500,0.1,1251,1.04,0.06007314505,2.828427125
10,1500,0.1,1251,1.05,0.09961727437,2
10,1500,0.1,1251,1.07,0.059006463,2.828427125
10,1500,0.1,1251,1.1,0.05650898065,2
10,1500,0.1,1251,1.11,0.09101416417,1.414213562
10,1500,0.1,1251,1.13,0.05246193511,2.828427125
10,1500,0.1,1251,1.14,0.07287064256,2.828427125
10,1500,0.1,1251,1.15,0.08979420771,2
10,1500,0.1,1251,1.19,0.0472063724,2
10,1500,0.1,1251,1.2,0.05611851246,2
10,1500,0.1,1251,1.22,0.05458621186,2
10,1500,0.1,1251,1.23,0.06975818385,2.828427125
10,1500,0.1,1251,1.29,0.07234220722,3.16227766
10,1500,0.1,1251,1.3,0.07139008433,2.828427125
10,1500,0.1,1251,1.31,0.07627837682,2
10,1500,0.1,1251,1.32,0.06898475647,2
10,1500,0.1,1251,1.33,0.05235770687,2
10,1500,0.1,1251,1.36,0.07593821053,2.828427125
10,1500,0.1,1251,1.38,0.05547656643,2.828427125
10,1500,0.1,1251,1.39,0.05862411007,2
10,1500,0.1,1251,1.41,0.07229905377,2.828427125
10,1500,0.1,1251,1.42,0.07457880628,2.828427125
10,1500,0.1,1251,1.44,0.07192672659,2.828427125
10,1500,0.1,1251,1.49,0.0728100183,2.828427125
10,1500,0.1,1251,1.5,0.08029979527,3.464101615
10,1500,0.1,1251,1.51,0.1760228555,1.414213562
10,1500,0.1,1251,1.54,0.09391572698,2.828427125
10,1500,0.1,1251,1.56,0.09027617338,2.828427125
10,1500,0.1,1251,1.57,0.09178310998,2.828427125
10,1500,0.1,1251,1.58,0.0591015529,2
10,1500,0.1,1251,1.6,0.08165144439,2.828427125
10,1500,0.1,1251,1.61,0.08085113849,2
10,1500,0.1,1251,1.62,0.08182856729,2.828427125
10,1500,0.1,1251,1.64,0.07576108455,2
10,1500,0.1,1251,1.66,0.09324289745,2.828427125
10,1500,0.1,1251,1.67,0.07375879422,2.828427125
10,1500,0.1,1251,1.71,0.1080808025,2
10,1500,0.1,1251,1.73,0.09131991707,4.69041576
10,1500,0.1,1251,1.74,0.1131949975,2
10,1500,0.1,1251,1.75,0.1236230073,2
10,1500,0.1,1251,1.77,0.08481943036,2.828427125
10,1500,0.1,1251,1.78,0.08214888676,4
10,1500,0.1,1251,1.8,0.1268641447,2
10,1500,0.1,1251,1.81,0.09057073445,2
10,1500,0.1,1251,1.82,0.08874885039,2.828427125
10,1500,0.1,1251,1.83,0.07698508957,2.828427125
10,1500,0.1,1251,1.84,0.08633114469,2.828427125
10,1500,0.1,1251,1.88,0.09815640023,3.464101615
10,1500,0.1,1251,1.92,0.09190720098,2
10,1500,0.1,1251,1.93,0.08609490393,4
10,1500,0.1,1251,1.98,0.08770644924,4
10,1500,0.1,1251,1.99,0.07661090584,2
10,1500,0.1,1251,2,0.1044249356,2
10,1500,0.1,1251,2.01,0.09187364363,2.828427125
10,1500,0.1,1251,2.02,0.09272608186,3.16227766
10,1500,0.1,1251,2.04,0.09137804767,2
10,1500,0.1,1251,2.05,0.1041141987,2
10,1500,0.1,1251,2.07,0.09024124874,4.472135955
10,1500,0.1,1251,2.08,0.1043913333,4
10,1500,0.1,1251,2.09,0.103969592,2
10,1500,0.1,1251,2.11,0.1050564962,2.828427125
10,1500,0.1,1251,2.14,0.09212226623,2.828427125
10,1500,0.1,1251,2.16,0.09998312216,2.828427125
10,1500,0.1,1251,2.17,0.1313657341,2.828427125
10,1500,0.1,1251,2.19,0.105570151,2
10,1500,0.1,1251,2.2,0.1242667478,2
10,1500,0.1,1251,2.21,0.09719854711,2.828427125
10,1500,0.1,1251,2.23,0.08180587848,2.828427125
10,1500,0.1,1251,2.27,0.09876586405,2.828427125
10,1500,0.1,1251,2.28,0.1156166267,2.828427125
10,1500,0.1,1251,2.29,0.1006152723,2.828427125
10,1500,0.1,1251,2.3,0.09303662421,2
10,1500,0.1,1251,2.31,0.1148295735,3.464101615
10,1500,0.1,1251,2.35,0.1059948652,4
10,1500,0.1,1251,2.36,0.108678814,2.828427125
10,1500,0.1,1251,2.4,0.1304113046,2
10,1500,0.1,1251,2.41,0.1186615337,2.828427125
10,1500,0.1,1251,2.44,0.1077678462,2.828427125
10,1500,0.1,1251,2.46,0.1102282647,4
10,1500,0.1,1251,2.54,0.1209228674,2.828427125
10,1500,0.1,1251,2.55,0.1094133273,2.828427125
10,1500,0.1,1251,2.64,0.1070404656,2.828427125
10,1500,0.1,1251,2.66,0.1000023402,2
10,1500,0.1,1251,2.67,0.1036849127,2.828427125
10,1500,0.1,1251,2.71,0.09266898783,2.828427125
10,1500,0.1,1251,2.78,0.1140408439,2.828427125
10,1500,0.1,1251,2.88,0.105553248,2.828427125
10,1500,0.2,1251,0.52,0.116960365,2
10,1500,0.2,1251,0.54,0.1018595004,1.414213562
10,1500,0.2,1251,0.74,0.0567366027,2
10,1500,0.2,1251,0.75,0.08229566627,2.828427125
10,1500,0.2,1251,0.91,0.05239126333,2.828427125
10,1500,0.2,1251,1.03,0.1608601107,1.414213562
10,1500,0.2,1251,1.05,0.07324962885,1.414213562
10,1500,0.2,1251,1.08,0.06435482449,1.414213562
10,1500,0.2,1251,1.16,0.04946151114,2
10,1500,0.2,1251,1.17,0.07840854553,2.828427125
10,1500,0.2,1251,1.18,0.06495512165,2
10,1500,0.2,1251,1.2,0.08547430236,2.828427125
10,1500,0.2,1251,1.28,0.0831981049,2.828427125
10,1500,0.2,1251,1.29,0.1207088065,2.828427125
10,1500,0.2,1251,1.31,0.06350065904,2.828427125
10,1500,0.2,1251,1.47,0.08089841218,2
10,1500,0.2,1251,1.5,0.09089463696,2
10,1500,0.2,1251,1.51,0.07281538593,2
10,1500,0.2,1251,1.55,0.1319688953,1.414213562
10,1500,0.2,1251,1.57,0.1019787529,3.16227766
10,1500,0.2,1251,1.59,0.1359325824,4
10,1500,0.2,1251,1.62,0.07984757843,1.414213562
10,1500,0.2,1251,1.64,0.1207128026,2.828427125
10,1500,0.2,1251,1.66,0.1316741312,2.828427125
10,1500,0.2,1251,1.7,0.1406634704,2
10,1500,0.2,1251,1.71,0.1199738307,2
10,1500,0.2,1251,1.72,0.1121357954,2.828427125
10,1500,0.2,1251,1.74,0.2148115636,2.828427125
10,1500,0.2,1251,1.78,0.1936239675,2.828427125
10,1500,0.2,1251,1.83,0.2620902,2.828427125
10,1500,0.2,1251,1.87,0.1774308279,2
10,1500,0.2,1251,1.88,0.1902925901,2
10,1500,0.2,1251,1.89,0.264058827,2
10,1500,0.2,1251,1.91,0.2547205226,2
10,1500,0.2,1251,1.92,0.1267648411,2
10,1500,0.2,1251,1.93,0.187553337,2
10,1500,0.2,1251,1.95,0.2484306022,2.828427125
10,1500,0.2,1251,1.96,0.1545671088,4
10,1500,0.2,1251,1.98,0.1839367224,2.828427125
10,1500,0.2,1251,1.99,0.1745628669,2.828427125
10,1500,0.2,1251,2,0.1634000801,2.828427125
10,1500,0.2,1251,2.07,0.1737128914,1.414213562
10,1500,0.2,1251,2.1,0.1160730899,1.414213562
10,1500,0.2,1251,2.13,0.2245317175,2
10,1500,0.2,1251,2.14,0.4005917577,2
10,1500,0.2,1251,2.16,0.2064809359,3.741657387
10,1500,0.2,1251,2.17,0.2706559782,3.464101615
10,1500,0.2,1251,2.19,0.1779903105,2.828427125
10,1500,0.2,1251,2.2,0.2066316655,2.828427125
10,1500,0.2,1251,2.21,0.2402524998,2
10,1500,0.2,1251,2.22,0.2205061253,2
10,1500,0.2,1251,2.23,0.2082758232,3.464101615
10,1500,0.2,1251,2.24,0.2199756289,2
10,1500,0.2,1251,2.26,0.1595138538,2
10,1500,0.2,1251,2.28,0.1914415806,2.828427125
10,1500,0.2,1251,2.29,0.1654999987,2.828427125
10,1500,0.2,1251,2.31,0.1945085231,2.828427125
10,1500,0.2,1251,2.32,0.2226236016,3.464101615
10,1500,0.2,1251,2.33,0.2661127971,2
10,1500,0.2,1251,2.34,0.2329396638,2
10,1500,0.2,1251,2.36,0.2436464356,2
10,1500,0.2,1251,2.38,0.1416712243,2.828427125
10,1500,0.2,1251,2.39,0.1991473096,2.828427125
10,1500,0.2,1251,2.4,0.1667949029,3.464101615
10,1500,0.2,1251,2.41,0.2272774989,2
10,1500,0.2,1251,2.42,0.1669518029,2.828427125
10,1500,0.2,1251,2.45,0.2342448295,2.828427125
10,1500,0.2,1251,2.46,0.3570452108,4
10,1500,0.2,1251,2.48,0.2933438354,2.828427125
10,1500,0.2,1251,2.49,0.2319676984,2.828427125
10,1500,0.2,1251,2.56,0.2016604683,2.828427125
10,1500,0.2,1251,2.58,0.2197657613,2.828427125
10,1500,0.2,1251,2.6,0.2565595158,2
10,1500,0.2,1251,2.61,0.4291108179,2
10,1500,0.2,1251,2.62,0.21586108,2.828427125
10,1500,0.2,1251,2.63,0.196813813,2
10,1500,0.2,1251,2.65,0.2112991556,3.464101615
10,1500,0.2,1251,2.66,0.3709515032,2
10,1500,0.2,1251,2.67,0.2374749219,2.828427125
10,1500,0.2,1251,2.68,0.1606885677,3.464101615
10,1500,0.2,1251,2.7,0.2794931329,2.828427125
10,1500,0.2,1251,2.71,0.296922029,2.828427125
10,1500,0.2,1251,2.73,0.1702216636,2.828427125
10,1500,0.2,1251,2.74,0.240574727,2.828427125
10,1500,0.2,1251,2.81,0.1863219245,2.828427125
10,1500,0.2,1251,2.83,0.2199713271,4
10,1500,0.2,1251,2.85,0.1880220946,2.828427125
10,1500,0.2,1251,2.86,0.2651428665,2.828427125
10,1500,0.2,1251,2.87,0.1935332651,2.828427125
10,1500,0.2,1251,2.95,0.2003588019,2
10,1500,0.2,1251,2.99,0.1855340638,2
10,1500,0.2,1251,3,0.1618120437,2.828427125
10,1500,0.2,1251,3.01,0.1603948088,2
10,1500,0.2,1251,3.04,0.1624492662,2.828427125
10,1500,0.2,1251,3.06,0.1760093083,4
10,1500,0.2,1251,3.07,0.1751291463,2.828427125
10,1500,0.2,1251,3.09,0.1683799946,2.828427125
10,1500,0.2,1251,3.14,0.1143624316,2.828427125
10,1500,0.2,1251,3.17,0.1024423013,2.828427125
10,1500,0.2,1251,3.19,0.1366690126,2.828427125
10,1500,0.2,1251,3.36,0.1012970884,2.828427125
10,1500,0.2,1251,3.38,0.09843225422,2.828427125
10,1500,0.2,1251,3.39,0.08594258327,2.828427125
10,1500,0.2,1251,3.66,0.1053542628,2.828427125
10,1500,0.3,1251,0.34,0.0856566743,1.414213562
10,1500,0.3,1251,0.41,0.02047619604,1.414213562
10,1500,0.3,1251,0.5,0.030789049,1.414213562
10,1500,0.3,1251,0.54,0.04374164764,2
10,1500,0.3,1251,0.6,0.0480106765,2
10,1500,0.3,1251,0.65,0.0578750094,2
10,1500,0.3,1251,0.68,0.03461396363,1.414213562
10,1500,0.3,1251,0.73,0.04375216099,2.828427125
10,1500,0.3,1251,0.8,0.0924222012,2
10,1500,0.3,1251,0.82,0.03024882733,1.414213562
10,1500,0.3,1251,0.85,0.04561976969,2
10,1500,0.3,1251,0.89,0.03757509603,2
10,1500,0.3,1251,0.94,0.05715010916,2.828427125
10,1500,0.3,1251,0.96,0.04831953278,2
10,1500,0.3,1251,1,0.09232502257,1.414213562
10,1500,0.3,1251,1.02,0.06417625843,2.828427125
10,1500,0.3,1251,1.03,0.0696946685,1.414213562
10,1500,0.3,1251,1.05,0.04277245371,2
10,1500,0.3,1251,1.07,0.0794784492,2
10,1500,0.3,1251,1.08,0.110657705,2
10,1500,0.3,1251,1.11,0.0600897894,2
10,1500,0.3,1251,1.13,0.08295883405,2.828427125
10,1500,0.3,1251,1.14,0.04287356954,2
10,1500,0.3,1251,1.18,0.07649375789,2.828427125
10,1500,0.3,1251,1.21,0.06688126124,3.464101615
10,1500,0.3,1251,1.24,0.1214932265,1.414213562
10,1500,0.3,1251,1.28,0.09104772324,3.464101615
10,1500,0.3,1251,1.29,0.06096308578,2
10,1500,0.3,1251,1.32,0.07073609554,2
10,1500,0.3,1251,1.33,0.1403507097,2
10,1500,0.3,1251,1.34,0.08875024643,2.828427125
10,1500,0.3,1251,1.37,0.1811669011,1.414213562
10,1500,0.3,1251,1.38,0.1011663101,2.828427125
10,1500,0.3,1251,1.41,0.1181903557,3.464101615
10,1500,0.3,1251,1.43,0.1092961244,2.828427125
10,1500,0.3,1251,1.46,0.09988472712,3.464101615
10,1500,0.3,1251,1.49,0.09226666679,3.16227766
10,1500,0.3,1251,1.5,0.1364411057,2.828427125
10,1500,0.3,1251,1.51,0.2381107262,2.828427125
10,1500,0.3,1251,1.53,0.1501471266,2
10,1500,0.3,1251,1.55,0.1646386949,2
10,1500,0.3,1251,1.59,0.1562019235,3.464101615
10,1500,0.3,1251,1.6,0.208184231,2
10,1500,0.3,1251,1.61,0.1674919523,2
10,1500,0.3,1251,1.63,0.1248256299,2.828427125
10,1500,0.3,1251,1.64,0.2330298121,2
10,1500,0.3,1251,1.65,0.1633246475,3.16227766
10,1500,0.3,1251,1.67,0.1234571782,2.828427125
10,1500,0.3,1251,1.68,0.1679290829,3.464101615
10,1500,0.3,1251,1.69,0.1286507669,3.464101615
10,1500,0.3,1251,1.71,0.1344258865,2
10,1500,0.3,1251,1.72,0.2689399458,2
10,1500,0.3,1251,1.73,0.1446913921,2.828427125
10,1500,0.3,1251,1.74,0.1757461128,4
10,1500,0.3,1251,1.76,0.1718824438,2.828427125
10,1500,0.3,1251,1.79,0.1958766279,2
10,1500,0.3,1251,1.81,0.1962267763,2
10,1500,0.3,1251,1.84,0.2160333488,3.464101615
10,1500,0.3,1251,1.85,0.2215180218,2.828427125
10,1500,0.3,1251,1.86,0.1916923215,2.828427125
10,1500,0.3,1251,1.88,0.2259509742,2.828427125
10,1500,0.3,1251,1.89,0.262576672,2.828427125
10,1500,0.3,1251,1.91,0.2756832522,2.828427125
10,1500,0.3,1251,1.93,0.2591766538,2
10,1500,0.3,1251,1.94,0.3028915966,2.828427125
10,1500,0.3,1251,1.96,0.2518437352,2.828427125
10,1500,0.3,1251,1.97,0.2562783042,2.828427125
10,1500,0.3,1251,1.99,0.3615419344,3.16227766
10,1500,0.3,1251,2.01,0.2431629272,2.828427125
10,1500,0.3,1251,2.02,0.3691238064,2
10,1500,0.3,1251,2.03,0.2355351553,2
10,1500,0.3,1251,2.04,0.2495896117,3.464101615
10,1500,0.3,1251,2.06,0.3154850369,4
10,1500,0.3,1251,2.07,0.2832407578,2.828427125
10,1500,0.3,1251,2.1,0.316716902,2.828427125
10,1500,0.3,1251,2.11,0.3998744748,2
10,1500,0.3,1251,2.14,0.186815846,2
10,1500,0.3,1251,2.15,0.3437195988,2.828427125
10,1500,0.3,1251,2.16,0.28951979,2
10,1500,0.3,1251,2.18,0.2620209021,4
10,1500,0.3,1251,2.19,0.2905334327,4
10,1500,0.3,1251,2.2,0.4308816994,2.828427125
10,1500,0.3,1251,2.23,0.28601171,2
10,1500,0.3,1251,2.24,0.2493684294,2
10,1500,0.3,1251,2.25,0.3502063619,2.828427125
10,1500,0.3,1251,2.26,0.3788320815,2.828427125
10,1500,0.3,1251,2.28,0.4067833381,2.828427125
10,1500,0.3,1251,2.33,0.3216248499,2.828427125
10,1500,0.3,1251,2.35,0.2114275297,2
10,1500,0.3,1251,2.36,0.4007482139,2.828427125
10,1500,0.3,1251,2.37,0.4975185951,4
10,1500,0.3,1251,2.39,0.5032993497,2.828427125
10,1500,0.3,1251,2.42,0.4479202439,2
10,1500,0.3,1251,2.44,0.4734388971,2.828427125
10,1500,0.3,1251,2.45,0.2728566766,4
10,1500,0.3,1251,2.55,0.4556341077,2.828427125
10,1500,0.3,1251,2.56,0.3596609299,2.828427125
10,1500,0.3,1251,2.59,0.279054684,2
10,1500,0.3,1251,2.61,0.398281492,4
10,1500,0.3,1251,2.68,0.3985509116,2.828427125
10,1500,0.3,1251,2.72,0.3002579544,2.828427125
10,1500,0.3,1251,2.78,0.3184658182,2.828427125
10,1500,0.3,1251,2.93,0.248804799,2.828427125
10,1500,0.4,1251,0.37,0.02856117277,1.414213562
10,1500,0.4,1251,0.4,0.01863446405,1.414213562
10,1500,0.4,1251,0.52,0.03112727882,1.414213562
10,1500,0.4,1251,0.54,0.03663768877,2
10,1500,0.4,1251,0.63,0.03570874539,2
10,1500,0.4,1251,0.65,0.05242587557,2
10,1500,0.4,1251,0.73,0.03432829453,1.414213562
10,1500,0.4,1251,0.75,0.05803838839,2.828427125
10,1500,0.4,1251,0.8,0.05672427393,1.414213562
10,1500,0.4,1251,0.83,0.03282694472,2
10,1500,0.4,1251,0.88,0.04282414105,2
10,1500,0.4,1251,0.9,0.03345114082,2
10,1500,0.4,1251,0.95,0.0365373348,2
10,1500,0.4,1251,0.98,0.04847691032,2.828427125
10,1500,0.4,1251,1.02,0.0632954157,2.828427125
10,1500,0.4,1251,1.04,0.05797474152,1.414213562
10,1500,0.4,1251,1.08,0.06049580402,2
10,1500,0.4,1251,1.1,0.09017327973,2.449489743
10,1500,0.4,1251,1.11,0.04645650716,2
10,1500,0.4,1251,1.17,0.06805809376,3.464101615
10,1500,0.4,1251,1.2,0.08125503234,3.16227766
10,1500,0.4,1251,1.21,0.1013845712,2
10,1500,0.4,1251,1.25,0.1091850263,2
10,1500,0.4,1251,1.27,0.06475034152,2
10,1500,0.4,1251,1.28,0.07814663268,2.828427125
10,1500,0.4,1251,1.31,0.1066246603,2.828427125
10,1500,0.4,1251,1.33,0.07349209848,2.828427125
10,1500,0.4,1251,1.36,0.1021062071,4.472135955
10,1500,0.4,1251,1.4,0.1161265941,2
10,1500,0.4,1251,1.45,0.07958019161,2.828427125
10,1500,0.4,1251,1.46,0.1243962587,1.414213562
10,1500,0.4,1251,1.5,0.1282351956,4
10,1500,0.4,1251,1.51,0.1009394701,2
10,1500,0.4,1251,1.52,0.08276049173,2
10,1500,0.4,1251,1.55,0.105997008,2
10,1500,0.4,1251,1.56,0.1659034305,3.16227766
10,1500,0.4,1251,1.58,0.2920732253,2
10,1500,0.4,1251,1.6,0.1587171037,3.741657387
10,1500,0.4,1251,1.61,0.2461917935,2
10,1500,0.4,1251,1.62,0.1435896995,2
10,1500,0.4,1251,1.63,0.1460718065,2.828427125
10,1500,0.4,1251,1.64,0.1779358976,2
10,1500,0.4,1251,1.65,0.1884919672,2.828427125
10,1500,0.4,1251,1.67,0.150996067,2
10,1500,0.4,1251,1.68,0.3172112535,2
10,1500,0.4,1251,1.7,0.1350183535,2.828427125
10,1500,0.4,1251,1.71,0.1786657151,2.828427125
10,1500,0.4,1251,1.72,0.2402315333,3.464101615
10,1500,0.4,1251,1.74,0.2322595623,4
10,1500,0.4,1251,1.75,0.2672678427,2
10,1500,0.4,1251,1.76,0.1759339929,3.464101615
10,1500,0.4,1251,1.79,0.2978643955,3.464101615
10,1500,0.4,1251,1.83,0.1765099407,2.828427125
10,1500,0.4,1251,1.84,0.1850924325,2.828427125
10,1500,0.4,1251,1.89,0.389003428,2
10,1500,0.4,1251,1.9,0.3222744025,4
10,1500,0.4,1251,1.93,0.2661974749,2.828427125
10,1500,0.4,1251,1.94,0.4083998178,4.472135955
10,1500,0.4,1251,1.96,0.2901729796,4.472135955
10,1500,0.4,1251,2,0.34059568,2.828427125
10,1500,0.4,1251,2.01,0.2698730727,2.828427125
10,1500,0.4,1251,2.04,0.3126480533,2.828427125
10,1500,0.4,1251,2.06,0.4116498438,2.828427125
10,1500,0.4,1251,2.07,0.3290146961,1.414213562
10,1500,0.4,1251,2.1,0.557046042,2.828427125
10,1500,0.4,1251,2.11,0.2480270482,2.828427125
10,1500,0.4,1251,2.13,0.3055060251,2
10,1500,0.4,1251,2.14,0.3613344011,2.828427125
10,1500,0.4,1251,2.16,0.3079129724,2.828427125
10,1500,0.4,1251,2.17,0.4154003502,3.464101615
10,1500,0.4,1251,2.2,0.4624312917,3.464101615
10,1500,0.4,1251,2.22,0.5672085922,2
10,1500,0.4,1251,2.23,0.4798524769,3.464101615
10,1500,0.4,1251,2.24,0.4826707052,2.828427125
10,1500,0.4,1251,2.25,0.3984419444,4
10,1500,0.4,1251,2.26,0.5192170119,2.828427125
10,1500,0.4,1251,2.28,0.5573203542,2.828427125
10,1500,0.4,1251,2.34,0.5138545989,2.828427125
10,1500,0.4,1251,2.35,0.3838418124,3.464101615
10,1500,0.4,1251,2.38,0.2681421374,2.828427125
10,1500,0.4,1251,2.4,0.3883056691,3.464101615
10,1500,0.4,1251,2.42,0.393055586,2.828427125
10,1500,0.4,1251,2.45,0.565754854,2.828427125
10,1500,0.4,1251,2.48,0.4182626371,4
10,1500,0.4,1251,2.5,0.5509382001,2.828427125
10,1500,0.4,1251,2.54,0.3177150505,2
10,1500,0.4,1251,2.57,0.3920660403,2.828427125
10,1500,0.4,1251,2.62,0.3554423976,2
10,1500,0.4,1251,2.63,0.3377750251,2.828427125
10,1500,0.4,1251,2.64,0.234831902,2.828427125
10,1500,0.4,1251,2.66,0.4221364217,2.828427125
10,1500,0.4,1251,2.67,0.4311407241,2.828427125
10,1500,0.4,1251,2.72,0.2679392163,2.828427125
10,1500,0.4,1251,2.81,0.2223273921,2.828427125
10,1500,0.4,1251,2.84,0.3585210582,2.828427125
10,1500,0.4,1251,3,0.2532293256,2.828427125
10,1500,0.5,1251,0.38,0.03725613073,1.414213562
10,1500,0.5,1251,0.43,0.02874471353,1.414213562
10,1500,0.5,1251,0.45,0.03734456156,1.414213562
10,1500,0.5,1251,0.57,0.05127461769,2
10,1500,0.5,1251,0.59,0.03317989229,2
10,1500,0.5,1251,0.62,0.02123668849,2
10,1500,0.5,1251,0.73,0.04180295769,2.828427125
10,1500,0.5,1251,0.76,0.02695084528,1.414213562
10,1500,0.5,1251,0.86,0.06753842219,1.414213562
10,1500,0.5,1251,0.87,0.0479437223,2
10,1500,0.5,1251,0.88,0.04496656133,2
10,1500,0.5,1251,0.9,0.04432554748,1.414213562
10,1500,0.5,1251,0.94,0.04013478958,2
10,1500,0.5,1251,0.97,0.05857465425,2.828427125
10,1500,0.5,1251,0.98,0.04474846673,2.828427125
10,1500,0.5,1251,0.99,0.04492031387,2
10,1500,0.5,1251,1.04,0.05203058237,2.828427125
10,1500,0.5,1251,1.06,0.06175907773,2.828427125
10,1500,0.5,1251,1.13,0.05507345323,1.414213562
10,1500,0.5,1251,1.15,0.04860240238,2
10,1500,0.5,1251,1.17,0.06541655651,2
10,1500,0.5,1251,1.21,0.078154948,2
10,1500,0.5,1251,1.22,0.07101625499,2
10,1500,0.5,1251,1.23,0.07666752097,2.828427125
10,1500,0.5,1251,1.24,0.06426426877,2
10,1500,0.5,1251,1.25,0.06633913973,2.828427125
10,1500,0.5,1251,1.29,0.07480367027,3.16227766
10,1500,0.5,1251,1.3,0.08297979903,2.828427125
10,1500,0.5,1251,1.34,0.07700332532,1.414213562
10,1500,0.5,1251,1.35,0.1049480515,2
10,1500,0.5,1251,1.37,0.07092686654,2
10,1500,0.5,1251,1.4,0.0906435096,2
10,1500,0.5,1251,1.41,0.1074757826,2
10,1500,0.5,1251,1.42,0.07866190172,2.828427125
10,1500,0.5,1251,1.43,0.09705801408,2
10,1500,0.5,1251,1.45,0.08789765196,2
10,1500,0.5,1251,1.46,0.1068493466,4
10,1500,0.5,1251,1.49,0.08812805379,2.828427125
10,1500,0.5,1251,1.5,0.1291563751,2
10,1500,0.5,1251,1.51,0.1170157234,3.16227766
10,1500,0.5,1251,1.54,0.1507977799,2
10,1500,0.5,1251,1.57,0.1274957041,4
10,1500,0.5,1251,1.58,0.096138896,2
10,1500,0.5,1251,1.6,0.1465574741,3.464101615
10,1500,0.5,1251,1.62,0.1248657201,2.828427125
10,1500,0.5,1251,1.64,0.2015662494,4
10,1500,0.5,1251,1.68,0.2128205106,2.828427125
10,1500,0.5,1251,1.72,0.2133592324,2
10,1500,0.5,1251,1.73,0.2144937673,1.414213562
10,1500,0.5,1251,1.74,0.1889308308,2
10,1500,0.5,1251,1.75,0.219436879,2.828427125
10,1500,0.5,1251,1.76,0.2279688508,2.828427125
10,1500,0.5,1251,1.77,0.17734862,3.464101615
10,1500,0.5,1251,1.78,0.2277908993,3.464101615
10,1500,0.5,1251,1.79,0.269342951,1.414213562
10,1500,0.5,1251,1.8,0.243211147,2.828427125
10,1500,0.5,1251,1.81,0.2569591999,4
10,1500,0.5,1251,1.82,0.2793385894,2.828427125
10,1500,0.5,1251,1.83,0.271298698,2
10,1500,0.5,1251,1.84,0.1794376462,2
10,1500,0.5,1251,1.87,0.2873393833,2
10,1500,0.5,1251,1.88,0.3557714248,3.464101615
10,1500,0.5,1251,1.9,0.3663544432,2.828427125
10,1500,0.5,1251,1.94,0.3338217666,4
10,1500,0.5,1251,1.95,0.3246955681,2.828427125
10,1500,0.5,1251,1.96,0.2689315637,4
10,1500,0.5,1251,1.98,0.467499741,2.828427125
10,1500,0.5,1251,1.99,0.4199948482,4
10,1500,0.5,1251,2.01,0.3850702256,2.828427125
10,1500,0.5,1251,2.02,0.4764951666,2
10,1500,0.5,1251,2.03,0.4157424632,2.828427125
10,1500,0.5,1251,2.04,0.4598498688,2.828427125
10,1500,0.5,1251,2.07,0.4192515927,3.464101615
10,1500,0.5,1251,2.09,0.4354790668,2.828427125
10,1500,0.5,1251,2.11,0.4077209311,2.828427125
10,1500,0.5,1251,2.12,0.4406195135,2
10,1500,0.5,1251,2.13,0.4361987292,2.828427125
10,1500,0.5,1251,2.16,0.4422112422,2.828427125
10,1500,0.5,1251,2.18,0.4632847843,4
10,1500,0.5,1251,2.19,0.5085662624,2
10,1500,0.5,1251,2.2,0.4929987268,2.828427125
10,1500,0.5,1251,2.21,0.3452073334,2
10,1500,0.5,1251,2.22,0.6115527743,2.828427125
10,1500,0.5,1251,2.24,0.6045740845,2.828427125
10,1500,0.5,1251,2.25,0.3779093604,2.828427125
10,1500,0.5,1251,2.29,0.3014603327,2.828427125
10,1500,0.5,1251,2.3,0.5754565105,2
10,1500,0.5,1251,2.32,0.4438190016,2.828427125
10,1500,0.5,1251,2.34,0.5808946744,4
10,1500,0.5,1251,2.35,0.5009332545,2
10,1500,0.5,1251,2.38,0.4212560949,2.828427125
10,1500,0.5,1251,2.4,0.4319516471,2.828427125
10,1500,0.5,1251,2.46,0.4936062963,4
10,1500,0.5,1251,2.49,0.4441153362,3.464101615
10,1500,0.5,1251,2.5,0.3795341887,2.828427125
10,1500,0.5,1251,2.52,0.4519925788,2.828427125
10,1500,0.5,1251,2.6,0.3955300261,2.828427125
10,1500,0.5,1251,2.66,0.4673455053,2.828427125
10,1500,0.5,1251,2.68,0.3130077239,2.828427125
10,1500,0.5,1251,2.74,0.3913493532,2.828427125
10,1500,0.5,1251,2.91,0.2621199185,2.828427125
10,1500,0.6,1251,0.38,0.06260213934,1.414213562
10,1500,0.6,1251,0.44,0.04878546197,1.414213562
10,1500,0.6,1251,0.46,0.02758142157,1.414213562
10,1500,0.6,1251,0.58,0.06668497939,2
10,1500,0.6,1251,0.6,0.03827743415,2
10,1500,0.6,1251,0.64,0.03865637642,2
10,1500,0.6,1251,0.74,0.05569802241,2.828427125
10,1500,0.6,1251,0.76,0.05888240409,1.414213562
10,1500,0.6,1251,0.88,0.07174933587,2.449489743
10,1500,0.6,1251,0.89,0.05810022387,2
10,1500,0.6,1251,0.92,0.06354916485,1.414213562
10,1500,0.6,1251,0.96,0.04951765996,2
10,1500,0.6,1251,0.99,0.0657110927,4
10,1500,0.6,1251,1.02,0.05760241715,2
10,1500,0.6,1251,1.06,0.06890234214,2.828427125
10,1500,0.6,1251,1.09,0.06379762679,2.828427125
10,1500,0.6,1251,1.14,0.05749065536,1.414213562
10,1500,0.6,1251,1.16,0.07479689278,2
10,1500,0.6,1251,1.19,0.06786766227,2
10,1500,0.6,1251,1.23,0.0865566479,2.828427125
10,1500,0.6,1251,1.25,0.0847333467,2.828427125
10,1500,0.6,1251,1.27,0.08657781288,3.464101615
10,1500,0.6,1251,1.31,0.0885692467,2.828427125
10,1500,0.6,1251,1.32,0.09666233127,1.414213562
10,1500,0.6,1251,1.33,0.0944370083,2.828427125
10,1500,0.6,1251,1.37,0.0927783183,2
10,1500,0.6,1251,1.38,0.09554253734,1.414213562
10,1500,0.6,1251,1.4,0.09402533108,2
10,1500,0.6,1251,1.43,0.1075312719,2
10,1500,0.6,1251,1.44,0.1112527555,2
10,1500,0.6,1251,1.45,0.1025577304,3.464101615
10,1500,0.6,1251,1.47,0.1217936045,2
10,1500,0.6,1251,1.48,0.1129584793,2.828427125
10,1500,0.6,1251,1.5,0.1175581131,2.828427125
10,1500,0.6,1251,1.51,0.135199406,2.828427125
10,1500,0.6,1251,1.52,0.1629722678,2
10,1500,0.6,1251,1.53,0.1274650012,3.16227766
10,1500,0.6,1251,1.58,0.1601113146,2
10,1500,0.6,1251,1.59,0.1403027426,4
10,1500,0.6,1251,1.61,0.1627444006,2
10,1500,0.6,1251,1.63,0.1744351111,2
10,1500,0.6,1251,1.64,0.1479860106,2.828427125
10,1500,0.6,1251,1.65,0.1885410381,4
10,1500,0.6,1251,1.68,0.158359224,2.828427125
10,1500,0.6,1251,1.71,0.1756641813,2.828427125
10,1500,0.6,1251,1.75,0.1954973021,2
10,1500,0.6,1251,1.76,0.1802694357,2.449489743
10,1500,0.6,1251,1.78,0.2468569733,3.464101615
10,1500,0.6,1251,1.79,0.2318223615,2
10,1500,0.6,1251,1.8,0.2254841268,3.464101615
10,1500,0.6,1251,1.81,0.251984908,2.828427125
10,1500,0.6,1251,1.82,0.2457618358,3.464101615
10,1500,0.6,1251,1.84,0.2610072987,4.242640687
10,1500,0.6,1251,1.86,0.2443756925,2.828427125
10,1500,0.6,1251,1.88,0.2805368578,2
10,1500,0.6,1251,1.89,0.2821479267,2
10,1500,0.6,1251,1.91,0.2529131116,2
10,1500,0.6,1251,1.92,0.3518436411,2
10,1500,0.6,1251,1.93,0.3333566089,2.828427125
10,1500,0.6,1251,1.94,0.3931546298,2.828427125
10,1500,0.6,1251,1.97,0.3383587393,4
10,1500,0.6,1251,1.98,0.3712426173,2
10,1500,0.6,1251,1.99,0.3113613024,3.464101615
10,1500,0.6,1251,2,0.3492735711,2.828427125
10,1500,0.6,1251,2.02,0.3568884489,3.464101615
10,1500,0.6,1251,2.04,0.4149290184,3.464101615
10,1500,0.6,1251,2.05,0.411139605,2.828427125
10,1500,0.6,1251,2.06,0.4545191573,2
10,1500,0.6,1251,2.07,0.3913212854,4
10,1500,0.6,1251,2.1,0.4060988651,3.464101615
10,1500,0.6,1251,2.12,0.4223759262,2.828427125
10,1500,0.6,1251,2.15,0.5438779902,2.828427125
10,1500,0.6,1251,2.17,0.4158650181,2
10,1500,0.6,1251,2.18,0.4451821888,2.828427125
10,1500,0.6,1251,2.21,0.4500677219,2.828427125
10,1500,0.6,1251,2.22,0.4997398668,4
10,1500,0.6,1251,2.23,0.5365322638,2
10,1500,0.6,1251,2.24,0.5264162406,2.828427125
10,1500,0.6,1251,2.26,0.4698138398,2
10,1500,0.6,1251,2.27,0.4578561215,2.828427125
10,1500,0.6,1251,2.29,0.4986462211,4
10,1500,0.6,1251,2.33,0.525117985,2
10,1500,0.6,1251,2.34,0.4624894624,2.828427125
10,1500,0.6,1251,2.36,0.5083338607,2.828427125
10,1500,0.6,1251,2.37,0.567911268,2.828427125
10,1500,0.6,1251,2.39,0.466396223,3.464101615
10,1500,0.6,1251,2.43,0.3320692725,2.828427125
10,1500,0.6,1251,2.44,0.3986513205,2.828427125
10,1500,0.6,1251,2.5,0.3957431283,2.828427125
10,1500,0.6,1251,2.51,0.3643867929,2.828427125
10,1500,0.6,1251,2.53,0.3723790839,2.828427125
10,1500,0.6,1251,2.54,0.4277030477,2
10,1500,0.6,1251,2.55,0.3967179765,2.828427125
10,1500,0.6,1251,2.57,0.3932141875,2.828427125
10,1500,0.6,1251,2.65,0.3665363796,2.828427125
10,1500,0.6,1251,2.71,0.3264825914,2.828427125
10,1500,0.6,1251,2.73,0.2944459034,2.828427125
10,1500,0.6,1251,2.79,0.3080210132,2.828427125
10,1500,0.6,1251,2.97,0.2577427364,2.828427125
10,1500,0.7,1251,0.42,0.02157083534,1.414213562
10,1500,0.7,1251,0.44,0.05155430195,2
10,1500,0.7,1251,0.6,0.06494771875,2
10,1500,0.7,1251,0.61,0.07262438248,2
10,1500,0.7,1251,0.62,0.07780114991,2
10,1500,0.7,1251,0.75,0.1068487491,2.828427125
10,1500,0.7,1251,0.83,0.08836037471,1.414213562
10,1500,0.7,1251,0.87,0.117988247,1.414213562
10,1500,0.7,1251,0.88,0.08757157491,1.414213562
10,1500,0.7,1251,0.94,0.09024587081,2.828427125
10,1500,0.7,1251,0.97,0.08591842939,2
10,1500,0.7,1251,0.98,0.07963066963,3.464101615
10,1500,0.7,1251,1.04,0.08828999205,2.828427125
10,1500,0.7,1251,1.06,0.09485830699,2.828427125
10,1500,0.7,1251,1.07,0.07609655161,2.828427125
10,1500,0.7,1251,1.21,0.09111035164,2.828427125
10,1500,0.7,1251,1.24,0.09923381983,2
10,1500,0.7,1251,1.25,0.1211547862,1.414213562
10,1500,0.7,1251,1.28,0.09410299878,2.828427125
10,1500,0.7,1251,1.29,0.1178042784,2.828427125
10,1500,0.7,1251,1.31,0.1000929223,3.16227766
10,1500,0.7,1251,1.32,0.121165302,2.449489743
10,1500,0.7,1251,1.33,0.1086172198,2
10,1500,0.7,1251,1.37,0.1182836016,2
10,1500,0.7,1251,1.38,0.1150135866,2
10,1500,0.7,1251,1.39,0.1145766641,2.828427125
10,1500,0.7,1251,1.4,0.1014276667,2.828427125
10,1500,0.7,1251,1.44,0.1220238008,2.828427125
10,1500,0.7,1251,1.45,0.1315931349,2.828427125
10,1500,0.7,1251,1.49,0.1186751596,2.828427125
10,1500,0.7,1251,1.52,0.109511785,2
10,1500,0.7,1251,1.53,0.140608939,2
10,1500,0.7,1251,1.55,0.1445050279,2
10,1500,0.7,1251,1.56,0.126095048,2
10,1500,0.7,1251,1.58,0.1543672906,2.828427125
10,1500,0.7,1251,1.59,0.1355223965,4
10,1500,0.7,1251,1.61,0.1520054419,2.828427125
10,1500,0.7,1251,1.62,0.1628964635,2.828427125
10,1500,0.7,1251,1.63,0.1547003577,2.828427125
10,1500,0.7,1251,1.64,0.1444429909,2.828427125
10,1500,0.7,1251,1.67,0.1504853385,1.414213562
10,1500,0.7,1251,1.72,0.1671055149,2
10,1500,0.7,1251,1.73,0.1974807622,2
10,1500,0.7,1251,1.74,0.2015437694,1.414213562
10,1500,0.7,1251,1.76,0.1969645968,3.16227766
10,1500,0.7,1251,1.78,0.2216685956,4
10,1500,0.7,1251,1.79,0.2098698251,3.464101615
10,1500,0.7,1251,1.8,0.1861464786,2
10,1500,0.7,1251,1.81,0.2654320613,2.828427125
10,1500,0.7,1251,1.82,0.2543770965,2.828427125
10,1500,0.7,1251,1.85,0.277628367,2.828427125
10,1500,0.7,1251,1.86,0.2302667257,4.472135955
10,1500,0.7,1251,1.87,0.2517671114,2.828427125
10,1500,0.7,1251,1.88,0.2972542569,2
10,1500,0.7,1251,1.89,0.2875280563,2
10,1500,0.7,1251,1.91,0.2520727429,2.828427125
10,1500,0.7,1251,1.93,0.2574752068,3.464101615
10,1500,0.7,1251,1.94,0.2732184784,2.828427125
10,1500,0.7,1251,1.95,0.3422308789,2.828427125
10,1500,0.7,1251,1.97,0.3243112894,2
10,1500,0.7,1251,1.98,0.2830617922,2.828427125
10,1500,0.7,1251,2,0.2850324463,4
10,1500,0.7,1251,2.01,0.3008736251,4
10,1500,0.7,1251,2.02,0.2657019406,2.828427125
10,1500,0.7,1251,2.04,0.3138382184,2.828427125
10,1500,0.7,1251,2.08,0.3631202745,2.828427125
10,1500,0.7,1251,2.12,0.324098005,3.464101615
10,1500,0.7,1251,2.13,0.3246904098,2
10,1500,0.7,1251,2.14,0.3835803733,2.828427125
10,1500,0.7,1251,2.15,0.3797765961,2
10,1500,0.7,1251,2.16,0.3412762098,3.464101615
10,1500,0.7,1251,2.17,0.3467545721,2.828427125
10,1500,0.7,1251,2.19,0.3980169117,3.464101615
10,1500,0.7,1251,2.2,0.3929462935,2
10,1500,0.7,1251,2.21,0.4019120004,2.828427125
10,1500,0.7,1251,2.23,0.3735627628,4
10,1500,0.7,1251,2.24,0.3713486187,2.828427125
10,1500,0.7,1251,2.3,0.3601561059,4
10,1500,0.7,1251,2.32,0.3681838763,2.828427125
10,1500,0.7,1251,2.33,0.3924869573,2.828427125
10,1500,0.7,1251,2.34,0.3494721123,2.828427125
10,1500,0.7,1251,2.35,0.3766142329,2.828427125
10,1500,0.7,1251,2.41,0.3335157052,2
10,1500,0.7,1251,2.43,0.3472765695,2
10,1500,0.7,1251,2.45,0.3278548919,2.828427125
10,1500,0.7,1251,2.47,0.3313811158,2.828427125
10,1500,0.7,1251,2.48,0.3186124507,2
10,1500,0.7,1251,2.5,0.3255791057,2.828427125
10,1500,0.7,1251,2.51,0.2712454125,2.828427125
10,1500,0.7,1251,2.52,0.3017036692,2.828427125
10,1500,0.7,1251,2.53,0.2741760929,2.828427125
10,1500,0.7,1251,2.57,0.3178543007,2.828427125
10,1500,0.7,1251,2.58,0.3103481705,2.828427125
10,1500,0.7,1251,2.62,0.2519218644,2.828427125
10,1500,0.7,1251,2.75,0.2361741969,2.828427125
10,1500,0.7,1251,2.76,0.2274263476,2.828427125
10,1500,0.7,1251,2.78,0.2336761354,2.828427125
10,1500,0.7,1251,2.99,0.2044397636,2.828427125
10,1500,0.75,1251,0.36,0.1755688725,1.414213562
10,1500,0.75,1251,0.38,0.05131090183,1.414213562
10,1500,0.75,1251,0.44,0.02028268316,1.414213562
10,1500,0.75,1251,0.52,0.05836066474,2
10,1500,0.75,1251,0.57,0.08706510654,2
10,1500,0.75,1251,0.59,0.07725504544,2
10,1500,0.75,1251,0.69,0.1113776194,2.828427125
10,1500,0.75,1251,0.71,0.09721763764,1.414213562
10,1500,0.75,1251,0.77,0.1241828404,1.414213562
10,1500,0.75,1251,0.81,0.06337194246,2
10,1500,0.75,1251,0.84,0.1084831972,2.828427125
10,1500,0.75,1251,0.89,0.09337481868,2.449489743
10,1500,0.75,1251,0.92,0.1041428528,2.828427125
10,1500,0.75,1251,0.95,0.09198499044,2.828427125
10,1500,0.75,1251,0.96,0.1030928201,2
10,1500,0.75,1251,0.97,0.09571019012,2
10,1500,0.75,1251,1.03,0.1051059598,2.828427125
10,1500,0.75,1251,1.05,0.08808731326,2
10,1500,0.75,1251,1.07,0.0767156438,1.414213562
10,1500,0.75,1251,1.13,0.08118330612,2
10,1500,0.75,1251,1.14,0.08559663855,3.464101615
10,1500,0.75,1251,1.15,0.1088350163,1.414213562
10,1500,0.75,1251,1.16,0.1128147993,2
10,1500,0.75,1251,1.17,0.08121069208,2
10,1500,0.75,1251,1.2,0.09543171072,3.464101615
10,1500,0.75,1251,1.22,0.09817494227,4
10,1500,0.75,1251,1.23,0.09859303496,2
10,1500,0.75,1251,1.28,0.120263239,2.828427125
10,1500,0.75,1251,1.31,0.09414399135,2
10,1500,0.75,1251,1.33,0.1090433156,1.414213562
10,1500,0.75,1251,1.35,0.11564176,2
10,1500,0.75,1251,1.37,0.08467140101,2.828427125
10,1500,0.75,1251,1.38,0.1171264562,2.828427125
10,1500,0.75,1251,1.39,0.104879309,3.464101615
10,1500,0.75,1251,1.42,0.1043329721,3.16227766
10,1500,0.75,1251,1.43,0.1148852939,2.828427125
10,1500,0.75,1251,1.44,0.1041980378,2.828427125
10,1500,0.75,1251,1.45,0.1396396076,2
10,1500,0.75,1251,1.47,0.1156389998,2
10,1500,0.75,1251,1.49,0.1457488999,3.464101615
10,1500,0.75,1251,1.51,0.1275316722,2
10,1500,0.75,1251,1.53,0.1126708481,1.414213562
10,1500,0.75,1251,1.54,0.1103375809,3.464101615
10,1500,0.75,1251,1.56,0.1376349675,2.828427125
10,1500,0.75,1251,1.57,0.1364292377,2.828427125
10,1500,0.75,1251,1.58,0.1389466443,4
10,1500,0.75,1251,1.6,0.1705625881,2
10,1500,0.75,1251,1.62,0.1656265028,3.464101615
10,1500,0.75,1251,1.63,0.1601775392,4
10,1500,0.75,1251,1.68,0.160753403,3.464101615
10,1500,0.75,1251,1.69,0.1696186102,3.464101615
10,1500,0.75,1251,1.7,0.1596925019,2
10,1500,0.75,1251,1.72,0.1995717245,2.828427125
10,1500,0.75,1251,1.75,0.203248271,4
10,1500,0.75,1251,1.76,0.1614809335,2
10,1500,0.75,1251,1.77,0.1879196264,2.449489743
10,1500,0.75,1251,1.79,0.1976124332,2.828427125
10,1500,0.75,1251,1.8,0.228885212,2.828427125
10,1500,0.75,1251,1.81,0.220480705,4
10,1500,0.75,1251,1.83,0.1939748139,2
10,1500,0.75,1251,1.84,0.2097776615,2.828427125
10,1500,0.75,1251,1.85,0.2256567743,2.828427125
10,1500,0.75,1251,1.87,0.2194176022,3.464101615
10,1500,0.75,1251,1.88,0.2225552726,2.828427125
10,1500,0.75,1251,1.9,0.2637182352,2.828427125
10,1500,0.75,1251,1.91,0.2158607153,3.464101615
10,1500,0.75,1251,1.92,0.3021401318,2.828427125
10,1500,0.75,1251,1.93,0.2660297587,2
10,1500,0.75,1251,1.95,0.2501791374,3.464101615
10,1500,0.75,1251,1.96,0.2533857253,2.828427125
10,1500,0.75,1251,1.98,0.2545536892,2.828427125
10,1500,0.75,1251,2.03,0.2912106494,3.464101615
10,1500,0.75,1251,2.06,0.2877215487,4.898979486
10,1500,0.75,1251,2.07,0.2822909892,3.464101615
10,1500,0.75,1251,2.09,0.2584729978,3.464101615
10,1500,0.75,1251,2.1,0.2415383763,2.828427125
10,1500,0.75,1251,2.11,0.2450493077,2
10,1500,0.75,1251,2.14,0.2921842303,4
10,1500,0.75,1251,2.15,0.3251078346,2.828427125
10,1500,0.75,1251,2.21,0.3631754911,2.828427125
10,1500,0.75,1251,2.23,0.2896243169,2.828427125
10,1500,0.75,1251,2.26,0.2775163829,2.828427125
10,1500,0.75,1251,2.27,0.2987853827,3.464101615
10,1500,0.75,1251,2.29,0.3145040812,2.828427125
10,1500,0.75,1251,2.31,0.3242615254,2.828427125
10,1500,0.75,1251,2.34,0.3028079113,2
10,1500,0.75,1251,2.37,0.2945148642,4
10,1500,0.75,1251,2.4,0.2963491836,2.828427125
10,1500,0.75,1251,2.45,0.2714079149,2.828427125
10,1500,0.75,1251,2.48,0.2609971773,2.828427125
10,1500,0.75,1251,2.55,0.2469033501,2.828427125
10,1500,0.75,1251,2.58,0.2680811926,2.828427125
10,1500,0.75,1251,2.74,0.23111502,2.828427125
10,1500,0.8,1251,0.29,0.1346092017,1.414213562
10,1500,0.8,1251,0.55,0.07363012218,1.414213562
10,1500,0.8,1251,0.57,0.04299440033,1.414213562
10,1500,0.8,1251,0.59,0.1391457311,1.414213562
10,1500,0.8,1251,0.62,0.12292904,2
10,1500,0.8,1251,0.64,0.03801539825,2
10,1500,0.8,1251,0.79,0.08887793301,2
10,1500,0.8,1251,0.81,0.06072037498,2
10,1500,0.8,1251,0.82,0.08613494107,2
10,1500,0.8,1251,0.85,0.05997709645,2.828427125
10,1500,0.8,1251,0.88,0.04551305417,1.414213562
10,1500,0.8,1251,0.99,0.07422662218,2.828427125
10,1500,0.8,1251,1.04,0.05883629153,2
10,1500,0.8,1251,1.05,0.09992250652,2
10,1500,0.8,1251,1.1,0.05951532644,1.414213562
10,1500,0.8,1251,1.14,0.07389411031,2.449489743
10,1500,0.8,1251,1.17,0.06505865782,1.414213562
10,1500,0.8,1251,1.18,0.1123977892,2
10,1500,0.8,1251,1.19,0.06937439141,2.828427125
10,1500,0.8,1251,1.24,0.0936416382,2
10,1500,0.8,1251,1.25,0.1024085,2
10,1500,0.8,1251,1.27,0.08684031089,3.464101615
10,1500,0.8,1251,1.28,0.07499203899,2
10,1500,0.8,1251,1.3,0.1233001487,3.464101615
10,1500,0.8,1251,1.31,0.1125207771,2
10,1500,0.8,1251,1.37,0.1060958721,2.828427125
10,1500,0.8,1251,1.4,0.1281582289,2.828427125
10,1500,0.8,1251,1.41,0.1027252093,2
10,1500,0.8,1251,1.42,0.1020125649,2.828427125
10,1500,0.8,1251,1.44,0.1267184344,2
10,1500,0.8,1251,1.52,0.1461523916,2.828427125
10,1500,0.8,1251,1.54,0.1553595295,2.828427125
10,1500,0.8,1251,1.59,0.1488876326,2
10,1500,0.8,1251,1.61,0.1724418422,3.464101615
10,1500,0.8,1251,1.64,0.1307593262,2
10,1500,0.8,1251,1.65,0.1174198337,1.414213562
10,1500,0.8,1251,1.68,0.1660995681,2
10,1500,0.8,1251,1.69,0.1792545269,2.828427125
10,1500,0.8,1251,1.71,0.1465644282,3.16227766
10,1500,0.8,1251,1.73,0.1458726056,2.828427125
10,1500,0.8,1251,1.74,0.1165929867,2
10,1500,0.8,1251,1.75,0.1512749234,2.828427125
10,1500,0.8,1251,1.77,0.1751717327,2.828427125
10,1500,0.8,1251,1.8,0.1656823906,2
10,1500,0.8,1251,1.81,0.1485060118,3.464101615
10,1500,0.8,1251,1.82,0.1924982746,2.828427125
10,1500,0.8,1251,1.84,0.226783009,2.828427125
10,1500,0.8,1251,1.87,0.2264821276,2
10,1500,0.8,1251,1.89,0.1964378843,2.828427125
10,1500,0.8,1251,1.92,0.1927735698,2
10,1500,0.8,1251,1.96,0.1876797004,2.828427125
10,1500,0.8,1251,1.97,0.1844436459,2.828427125
10,1500,0.8,1251,2,0.2152981023,2.828427125
10,1500,0.8,1251,2.01,0.226397978,2
10,1500,0.8,1251,2.03,0.2625782941,4
10,1500,0.8,1251,2.06,0.2491415826,2.828427125
10,1500,0.8,1251,2.08,0.2424958687,2
10,1500,0.8,1251,2.09,0.2109733183,2.828427125
10,1500,0.8,1251,2.11,0.2290526042,2.828427125
10,1500,0.8,1251,2.12,0.2094315579,2.828427125
10,1500,0.8,1251,2.15,0.2135584559,2.828427125
10,1500,0.8,1251,2.19,0.2345284119,2.828427125
10,1500,0.8,1251,2.2,0.192217914,1.414213562
10,1500,0.8,1251,2.22,0.2434529074,3.464101615
10,1500,0.8,1251,2.28,0.2958048345,3.16227766
10,1500,0.8,1251,2.29,0.2112629479,2.828427125
10,1500,0.8,1251,2.3,0.2704791127,2
10,1500,0.8,1251,2.33,0.2125225544,2.828427125
10,1500,0.8,1251,2.35,0.2412759478,4.472135955
10,1500,0.8,1251,2.36,0.2397492532,3.464101615
10,1500,0.8,1251,2.37,0.240479228,2
10,1500,0.8,1251,2.38,0.2233617342,2
10,1500,0.8,1251,2.4,0.2137646911,2.828427125
10,1500,0.8,1251,2.42,0.2411556459,2.828427125
10,1500,0.8,1251,2.44,0.2385679005,2.828427125
10,1500,0.8,1251,2.45,0.2062795936,3.464101615
10,1500,0.8,1251,2.48,0.1975642991,2
10,1500,0.8,1251,2.5,0.2338821849,3.464101615
10,1500,0.8,1251,2.51,0.1792823569,2.828427125
10,1500,0.8,1251,2.53,0.2055413217,2
10,1500,0.8,1251,2.54,0.1663315839,2.828427125
10,1500,0.8,1251,2.55,0.1940953389,4
10,1500,0.8,1251,2.56,0.2202244262,2.828427125
10,1500,0.8,1251,2.57,0.2414792475,2
10,1500,0.8,1251,2.6,0.2069239104,2.828427125
10,1500,0.8,1251,2.62,0.1844099797,2.828427125
10,1500,0.8,1251,2.63,0.1646104514,2.828427125
10,1500,0.8,1251,2.65,0.19038657,2.828427125
10,1500,0.8,1251,2.68,0.1786572458,2.828427125
10,1500,0.8,1251,2.74,0.1699973889,2.828427125
10,1500,0.8,1251,2.79,0.1704101585,3.464101615
10,1500,0.8,1251,2.8,0.1743377304,2.828427125
10,1500,0.8,1251,2.82,0.1814145428,2
10,1500,0.8,1251,2.83,0.1821327874,2.828427125
10,1500,0.8,1251,2.85,0.1599118614,2.828427125
10,1500,0.8,1251,2.88,0.1785415373,2.828427125
10,1500,0.8,1251,2.93,0.1525589718,2.828427125
10,1500,0.8,1251,2.95,0.1652660752,2.828427125
10,1500,0.8,1251,3.03,0.1649997535,2.828427125
10,1500,0.8,1251,3.05,0.1530952806,2.828427125
10,1500,0.8,1251,3.17,0.1671553823,2
10,1500,0.8,1251,3.18,0.1480303502,2.828427125
10,1500,0.8,1251,3.23,0.1459793299,2.828427125
10,1500,0.8,1251,3.29,0.1384068731,2.828427125
10,1500,0.8,1251,3.38,0.133706337,2.828427125
10,1500,0.85,1251,0.35,0.1328235089,1.414213562
10,1500,0.85,1251,0.4,0.01518503603,1.414213562
10,1500,0.85,1251,0.44,0.1298751334,1.414213562
10,1500,0.85,1251,0.53,0.09171680285,2
10,1500,0.85,1251,0.56,0.08241215251,2
10,1500,0.85,1251,0.6,0.02413838867,2
10,1500,0.85,1251,0.69,0.04566078376,2.828427125
10,1500,0.85,1251,0.7,0.1226754608,1.414213562
10,1500,0.85,1251,0.8,0.05184952033,2
10,1500,0.85,1251,0.81,0.09694350489,1.414213562
10,1500,0.85,1251,0.82,0.04459445211,2
10,1500,0.85,1251,0.88,0.05175295664,2.449489743
10,1500,0.85,1251,0.92,0.07248276957,3.464101615
10,1500,0.85,1251,0.95,0.06446453534,2
10,1500,0.85,1251,0.97,0.07956047632,2
10,1500,0.85,1251,0.99,0.05803666525,2.828427125
10,1500,0.85,1251,1.03,0.06010597221,2.828427125
10,1500,0.85,1251,1.04,0.04704895966,1.414213562
10,1500,0.85,1251,1.07,0.09391443325,2
10,1500,0.85,1251,1.12,0.06695318336,2.828427125
10,1500,0.85,1251,1.13,0.03817819683,2
10,1500,0.85,1251,1.15,0.05363939462,2.828427125
10,1500,0.85,1251,1.2,0.07720024239,4.472135955
10,1500,0.85,1251,1.21,0.03359897046,1.414213562
10,1500,0.85,1251,1.25,0.1108903587,2.828427125
10,1500,0.85,1251,1.26,0.09141551328,2
10,1500,0.85,1251,1.29,0.1332181306,2
10,1500,0.85,1251,1.32,0.1204399398,2
10,1500,0.85,1251,1.33,0.0838523186,1.414213562
10,1500,0.85,1251,1.34,0.08001985484,2.828427125
10,1500,0.85,1251,1.37,0.09394075295,2.828427125
10,1500,0.85,1251,1.39,0.1022973562,4.69041576
10,1500,0.85,1251,1.4,0.1309432863,2
10,1500,0.85,1251,1.43,0.1346302077,4
10,1500,0.85,1251,1.45,0.1467897683,2
10,1500,0.85,1251,1.46,0.0811752823,2
10,1500,0.85,1251,1.47,0.1089269733,2.828427125
10,1500,0.85,1251,1.5,0.1036821965,2.828427125
10,1500,0.85,1251,1.51,0.1063662142,2.828427125
10,1500,0.85,1251,1.54,0.09919074984,2.828427125
10,1500,0.85,1251,1.55,0.1242561613,3.464101615
10,1500,0.85,1251,1.59,0.1138773628,4
10,1500,0.85,1251,1.6,0.1664927341,2
10,1500,0.85,1251,1.61,0.1107765935,2
10,1500,0.85,1251,1.62,0.1280852468,1.414213562
10,1500,0.85,1251,1.65,0.1518487723,4
10,1500,0.85,1251,1.66,0.09109799099,2.828427125
10,1500,0.85,1251,1.67,0.1291046998,2.828427125
10,1500,0.85,1251,1.68,0.1227283727,2
10,1500,0.85,1251,1.69,0.1521358362,2
10,1500,0.85,1251,1.7,0.1349923352,4
10,1500,0.85,1251,1.71,0.141731504,2.828427125
10,1500,0.85,1251,1.73,0.107455103,2.828427125
10,1500,0.85,1251,1.76,0.2349394404,2
10,1500,0.85,1251,1.77,0.09276831178,1.414213562
10,1500,0.85,1251,1.8,0.1990933567,2.828427125
10,1500,0.85,1251,1.81,0.2205795342,2
10,1500,0.85,1251,1.82,0.1060656333,2.828427125
10,1500,0.85,1251,1.83,0.1603039693,4
10,1500,0.85,1251,1.84,0.1736290177,3.464101615
10,1500,0.85,1251,1.85,0.1761927227,3.464101615
10,1500,0.85,1251,1.87,0.1857154939,2.828427125
10,1500,0.85,1251,1.88,0.1548739798,2.828427125
10,1500,0.85,1251,1.9,0.2131076499,3.464101615
10,1500,0.85,1251,1.92,0.1534734289,2.828427125
10,1500,0.85,1251,1.93,0.1411708689,2.828427125
10,1500,0.85,1251,1.94,0.1787661764,3.464101615
10,1500,0.85,1251,1.96,0.1322035074,2.828427125
10,1500,0.85,1251,1.97,0.1632867191,4.898979486
10,1500,0.85,1251,2.05,0.2125130804,3.464101615
10,1500,0.85,1251,2.06,0.1416873958,2.828427125
10,1500,0.85,1251,2.08,0.1520357843,4
10,1500,0.85,1251,2.09,0.217507675,3.464101615
10,1500,0.85,1251,2.12,0.1700925634,4
10,1500,0.85,1251,2.13,0.1345853155,2
10,1500,0.85,1251,2.14,0.2336155741,2
10,1500,0.85,1251,2.17,0.1085352032,2.828427125
10,1500,0.85,1251,2.18,0.1661343585,2.828427125
10,1500,0.85,1251,2.2,0.1636159836,2.828427125
10,1500,0.85,1251,2.21,0.153886621,2.828427125
10,1500,0.85,1251,2.25,0.2296879106,3.464101615
10,1500,0.85,1251,2.27,0.1387371664,2.828427125
10,1500,0.85,1251,2.29,0.1587172961,2.828427125
10,1500,0.85,1251,2.31,0.2142875604,2.828427125
10,1500,0.85,1251,2.34,0.1395069345,2.828427125
10,1500,0.85,1251,2.38,0.1700124933,2.828427125
10,1500,0.85,1251,2.39,0.1862579626,2.828427125
10,1500,0.85,1251,2.4,0.1447290522,2
10,1500,0.85,1251,2.42,0.1596547316,2.828427125
10,1500,0.85,1251,2.49,0.1893135369,2.828427125
10,1500,0.85,1251,2.51,0.1855805171,2.828427125
10,1500,0.85,1251,2.56,0.1520217448,2.828427125
10,1500,0.85,1251,2.61,0.1411396134,2.828427125
10,1500,0.85,1251,2.77,0.1547612128,2.828427125
10,1500,0.9,1251,0.35,0.07100917806,1.414213562
10,1500,0.9,1251,0.4,0.0798740372,1.414213562
10,1500,0.9,1251,0.45,0.01294578109,1.414213562
10,1500,0.9,1251,0.53,0.04354794377,2
10,1500,0.9,1251,0.57,0.03204126924,2
10,1500,0.9,1251,0.6,0.1803747686,2
10,1500,0.9,1251,0.69,0.05081453725,2.828427125
10,1500,0.9,1251,0.7,0.0292235181,1.414213562
10,1500,0.9,1251,0.8,0.1137061831,2.449489743
10,1500,0.9,1251,0.83,0.03123090621,2
10,1500,0.9,1251,0.88,0.122862458,2
10,1500,0.9,1251,0.89,0.05419046978,1.414213562
10,1500,0.9,1251,0.92,0.05714138592,3.464101615
10,1500,0.9,1251,0.96,0.01808438185,2
10,1500,0.9,1251,0.98,0.05557213926,3.464101615
10,1500,0.9,1251,1.04,0.04052927226,3.16227766
10,1500,0.9,1251,1.06,0.0355971869,2
10,1500,0.9,1251,1.12,0.06112787952,2
10,1500,0.9,1251,1.13,0.05935382458,2.828427125
10,1500,0.9,1251,1.15,0.06501171448,2.828427125
10,1500,0.9,1251,1.2,0.09692247966,4.472135955
10,1500,0.9,1251,1.21,0.05072590434,1.414213562
10,1500,0.9,1251,1.25,0.08436477605,3.464101615
10,1500,0.9,1251,1.29,0.2255332759,2
10,1500,0.9,1251,1.32,0.04938853113,2
10,1500,0.9,1251,1.33,0.06280764715,2.828427125
10,1500,0.9,1251,1.34,0.04487215361,1.414213562
10,1500,0.9,1251,1.37,0.0725080151,2
10,1500,0.9,1251,1.38,0.0291154514,2
10,1500,0.9,1251,1.39,0.07392913289,4.69041576
10,1500,0.9,1251,1.4,0.08506917569,2
10,1500,0.9,1251,1.43,0.070560736,2.828427125
10,1500,0.9,1251,1.44,0.1208458489,2.828427125
10,1500,0.9,1251,1.45,0.05215456684,2
10,1500,0.9,1251,1.46,0.05809061727,3.464101615
10,1500,0.9,1251,1.5,0.1113964486,2
10,1500,0.9,1251,1.51,0.06258586349,2
10,1500,0.9,1251,1.52,0.1098762227,2.828427125
10,1500,0.9,1251,1.54,0.08606927899,2.828427125
10,1500,0.9,1251,1.56,0.116881033,3.464101615
10,1500,0.9,1251,1.59,0.0882285661,3.464101615
10,1500,0.9,1251,1.6,0.105519322,2.828427125
10,1500,0.9,1251,1.61,0.07930497934,2.449489743
10,1500,0.9,1251,1.64,0.06920279016,2
10,1500,0.9,1251,1.65,0.08101558591,3.464101615
10,1500,0.9,1251,1.66,0.08792015295,2.828427125
10,1500,0.9,1251,1.67,0.060060638,3.464101615
10,1500,0.9,1251,1.7,0.09174920764,4.472135955
10,1500,0.9,1251,1.71,0.1066044001,2.828427125
10,1500,0.9,1251,1.74,0.1474269683,2.828427125
10,1500,0.9,1251,1.75,0.05179504848,2
10,1500,0.9,1251,1.78,0.07678980539,1.414213562
10,1500,0.9,1251,1.8,0.09764462299,2
10,1500,0.9,1251,1.81,0.06959478696,2.828427125
10,1500,0.9,1251,1.82,0.1232109204,2
10,1500,0.9,1251,1.83,0.1004509732,4.472135955
10,1500,0.9,1251,1.84,0.08319580065,4
10,1500,0.9,1251,1.86,0.1263996932,2.828427125
10,1500,0.9,1251,1.87,0.1343311657,2.828427125
10,1500,0.9,1251,1.88,0.1215208852,2.828427125
10,1500,0.9,1251,1.89,0.1025243728,2.828427125
10,1500,0.9,1251,1.92,0.0700775455,2.828427125
10,1500,0.9,1251,1.93,0.0929402466,3.464101615
10,1500,0.9,1251,1.96,0.1038096766,3.464101615
10,1500,0.9,1251,1.97,0.1235786371,4.898979486
10,1500,0.9,1251,1.99,0.0898561643,2.828427125
10,1500,0.9,1251,2.05,0.1184655918,2.828427125
10,1500,0.9,1251,2.07,0.1168614845,2
10,1500,0.9,1251,2.08,0.1001820869,4
10,1500,0.9,1251,2.09,0.1237266161,3.464101615
10,1500,0.9,1251,2.11,0.09908429661,4
10,1500,0.9,1251,2.12,0.09473819364,2.828427125
10,1500,0.9,1251,2.13,0.1518818426,2
10,1500,0.9,1251,2.15,0.100601561,2
10,1500,0.9,1251,2.17,0.1203931489,2.828427125
10,1500,0.9,1251,2.18,0.09518032334,2.828427125
10,1500,0.9,1251,2.2,0.08906126455,2.828427125
10,1500,0.9,1251,2.22,0.09979068068,2.828427125
10,1500,0.9,1251,2.26,0.1440984768,3.464101615
10,1500,0.9,1251,2.28,0.08723033176,2.828427125
10,1500,0.9,1251,2.3,0.1397103063,2.828427125
10,1500,0.9,1251,2.31,0.1065475161,2.828427125
10,1500,0.9,1251,2.34,0.08103777308,2.828427125
10,1500,0.9,1251,2.39,0.1310359181,2.828427125
10,1500,0.9,1251,2.4,0.09387603033,3.464101615
10,1500,0.9,1251,2.43,0.08627242175,2.828427125
10,1500,0.9,1251,2.5,0.1080285305,2.828427125
10,1500,0.9,1251,2.51,0.1027907281,2.828427125
10,1500,0.9,1251,2.56,0.1055458599,2.828427125
10,1500,0.9,1251,2.62,0.08447154994,2.828427125
10,1500,0.9,1251,2.78,0.1026721532,2.828427125
0,1800,0.1,1251,0.27,0.08332425357,1.414213562
0,1800,0.1,1251,0.42,0.06420311461,1.414213562
0,1800,0.1,1251,0.49,0.06910398659,1.414213562
0,1800,0.1,1251,0.5,0.07827688194,2
0,1800,0.1,1251,0.54,0.08120117326,1.414213562
0,1800,0.1,1251,0.56,0.05185747405,2
0,1800,0.1,1251,0.64,0.09391510281,2
0,1800,0.1,1251,0.68,0.05121837698,2
0,1800,0.1,1251,0.7,0.06400557528,2.828427125
0,1800,0.1,1251,0.73,0.06150553683,2
0,1800,0.1,1251,0.81,0.09239252456,1.414213562
0,1800,0.1,1251,0.83,0.08262783812,1.414213562
0,1800,0.1,1251,0.84,0.06939049709,2.828427125
0,1800,0.1,1251,0.88,0.07596276145,2
0,1800,0.1,1251,0.91,0.05809848039,2
0,1800,0.1,1251,0.94,0.07735044028,2
0,1800,0.1,1251,0.97,0.06244954319,2
0,1800,0.1,1251,0.98,0.05988342444,1.414213562
0,1800,0.1,1251,0.99,0.0727538193,2
0,1800,0.1,1251,1,0.07388331433,2.828427125
0,1800,0.1,1251,1.01,0.06138249422,2
0,1800,0.1,1251,1.03,0.06784093058,2.828427125
0,1800,0.1,1251,1.06,0.05925150517,2
0,1800,0.1,1251,1.08,0.08643347652,1.414213562
0,1800,0.1,1251,1.1,0.06625044395,2.828427125
0,1800,0.1,1251,1.11,0.07488475681,2.828427125
0,1800,0.1,1251,1.12,0.07179430199,2
0,1800,0.1,1251,1.15,0.07360161337,2
0,1800,0.1,1251,1.16,0.07533031777,2
0,1800,0.1,1251,1.18,0.06521478215,2
0,1800,0.1,1251,1.19,0.07762091799,2.828427125
0,1800,0.1,1251,1.25,0.07192608217,3.16227766
0,1800,0.1,1251,1.26,0.07420373295,2.828427125
0,1800,0.1,1251,1.27,0.09735599632,2
0,1800,0.1,1251,1.28,0.06973900406,2
0,1800,0.1,1251,1.29,0.07661264125,2
0,1800,0.1,1251,1.31,0.08338351712,2.828427125
0,1800,0.1,1251,1.33,0.08274313529,2.828427125
0,1800,0.1,1251,1.34,0.07108732088,2
0,1800,0.1,1251,1.36,0.07642230167,2.828427125
0,1800,0.1,1251,1.37,0.07895736411,2.828427125
0,1800,0.1,1251,1.39,0.08024115415,2.828427125
0,1800,0.1,1251,1.45,0.07593385401,4.472135955
0,1800,0.1,1251,1.47,0.09299980131,1.414213562
0,1800,0.1,1251,1.49,0.07984725043,2.828427125
0,1800,0.1,1251,1.51,0.08294476087,2.828427125
0,1800,0.1,1251,1.52,0.07753574881,3.464101615
0,1800,0.1,1251,1.55,0.07842193439,2.828427125
0,1800,0.1,1251,1.56,0.08536559294,2
0,1800,0.1,1251,1.57,0.08219664759,2.828427125
0,1800,0.1,1251,1.59,0.08347255106,2
0,1800,0.1,1251,1.61,0.09918997343,2.828427125
0,1800,0.1,1251,1.62,0.08711757829,2.828427125
0,1800,0.1,1251,1.65,0.09202069229,2
0,1800,0.1,1251,1.67,0.09391372964,2.449489743
0,1800,0.1,1251,1.68,0.0894513213,4
0,1800,0.1,1251,1.69,0.08725286282,2.828427125
0,1800,0.1,1251,1.71,0.0881819878,2.828427125
0,1800,0.1,1251,1.72,0.0896231255,4
0,1800,0.1,1251,1.74,0.09357297271,2
0,1800,0.1,1251,1.75,0.08727198205,2
0,1800,0.1,1251,1.76,0.09550699632,2.828427125
0,1800,0.1,1251,1.77,0.09704079244,2.828427125
0,1800,0.1,1251,1.78,0.0948073319,2.828427125
0,1800,0.1,1251,1.82,0.09719562298,3.464101615
0,1800,0.1,1251,1.85,0.0954891393,2
0,1800,0.1,1251,1.87,0.08780677996,4
0,1800,0.1,1251,1.92,0.09854617673,4
0,1800,0.1,1251,1.93,0.09384325827,2.828427125
0,1800,0.1,1251,1.95,0.09649696407,4.242640687
0,1800,0.1,1251,1.97,0.1024977526,2
0,1800,0.1,1251,1.99,0.1020210076,2
0,1800,0.1,1251,2,0.1021794382,4.472135955
0,1800,0.1,1251,2.01,0.09851697034,2.828427125
0,1800,0.1,1251,2.02,0.1006365486,2.828427125
0,1800,0.1,1251,2.03,0.08397650341,2
0,1800,0.1,1251,2.05,0.1088437511,2.828427125
0,1800,0.1,1251,2.07,0.09570344963,2.828427125
0,1800,0.1,1251,2.09,0.09944477002,2.828427125
0,1800,0.1,1251,2.1,0.09539230644,2.828427125
0,1800,0.1,1251,2.11,0.101613701,2
0,1800,0.1,1251,2.13,0.09704146787,2
0,1800,0.1,1251,2.14,0.0983364785,2.828427125
0,1800,0.1,1251,2.16,0.1003048105,2.828427125
0,1800,0.1,1251,2.19,0.0938942867,2.828427125
0,1800,0.1,1251,2.21,0.1000837856,4
0,1800,0.1,1251,2.22,0.1012221752,2
0,1800,0.1,1251,2.23,0.09442310591,2
0,1800,0.1,1251,2.24,0.102181653,2.828427125
0,1800,0.1,1251,2.27,0.1043253468,4
0,1800,0.1,1251,2.29,0.09882898089,2.828427125
0,1800,0.1,1251,2.32,0.1100512272,2
0,1800,0.1,1251,2.34,0.1019839498,2.828427125
0,1800,0.1,1251,2.36,0.1081878577,2.828427125
0,1800,0.1,1251,2.38,0.1075024363,4
0,1800,0.1,1251,2.46,0.10576059,2.828427125
0,1800,0.1,1251,2.47,0.1061229219,2.828427125
0,1800,0.1,1251,2.56,0.1084563728,2.828427125
0,1800,0.1,1251,2.57,0.1153359404,2
0,1800,0.1,1251,2.58,0.1036565048,2.828427125
0,1800,0.1,1251,2.63,0.10821027,2.828427125
0,1800,0.1,1251,2.69,0.1021111389,2.828427125
0,1800,0.1,1251,2.79,0.1083040004,2.828427125
0,1800,0.2,1251,0.5,0.07496951809,1.414213562
0,1800,0.2,1251,0.51,0.06349252455,1.414213562
0,1800,0.2,1251,0.52,0.09368511974,1.414213562
0,1800,0.2,1251,0.71,0.07899952086,2
0,1800,0.2,1251,0.72,0.08510152668,2
0,1800,0.2,1251,0.73,0.08052500403,2
0,1800,0.2,1251,0.88,0.09092031946,2.828427125
0,1800,0.2,1251,1,0.1263422576,1.414213562
0,1800,0.2,1251,1.02,0.1312702535,1.414213562
0,1800,0.2,1251,1.05,0.09366300694,1.414213562
0,1800,0.2,1251,1.12,0.1243757601,2
0,1800,0.2,1251,1.13,0.1089993785,2.828427125
0,1800,0.2,1251,1.14,0.1010936651,2
0,1800,0.2,1251,1.16,0.1056300557,2.828427125
0,1800,0.2,1251,1.24,0.1184924348,2.828427125
0,1800,0.2,1251,1.25,0.1075950025,2.828427125
0,1800,0.2,1251,1.27,0.1141584016,2.828427125
0,1800,0.2,1251,1.43,0.1502125937,2
0,1800,0.2,1251,1.45,0.1281071624,2
0,1800,0.2,1251,1.46,0.11869042,2
0,1800,0.2,1251,1.5,0.1240482729,1.414213562
0,1800,0.2,1251,1.52,0.1553594225,3.16227766
0,1800,0.2,1251,1.53,0.1514682968,2.828427125
0,1800,0.2,1251,1.54,0.1395092418,2.828427125
0,1800,0.2,1251,1.57,0.1358978467,1.414213562
0,1800,0.2,1251,1.58,0.1431331638,2
0,1800,0.2,1251,1.59,0.1525325626,2
0,1800,0.2,1251,1.6,0.1402352187,2
0,1800,0.2,1251,1.61,0.1511168362,2
0,1800,0.2,1251,1.65,0.1617906411,2.828427125
0,1800,0.2,1251,1.67,0.1481591388,2.828427125
0,1800,0.2,1251,1.69,0.1692134646,2.828427125
0,1800,0.2,1251,1.72,0.1548966873,2.828427125
0,1800,0.2,1251,1.77,0.1644758819,2.828427125
0,1800,0.2,1251,1.81,0.1835363387,2
0,1800,0.2,1251,1.82,0.1907635824,2
0,1800,0.2,1251,1.83,0.1428378337,2
0,1800,0.2,1251,1.85,0.1913823151,2
0,1800,0.2,1251,1.86,0.1717862899,2
0,1800,0.2,1251,1.87,0.1898247561,2
0,1800,0.2,1251,1.89,0.1834525415,2.828427125
0,1800,0.2,1251,1.9,0.1748192313,4
0,1800,0.2,1251,1.92,0.1799899181,2.828427125
0,1800,0.2,1251,1.93,0.1798602103,2.828427125
0,1800,0.2,1251,1.94,0.2124364197,2.828427125
0,1800,0.2,1251,2,0.1710395381,1.414213562
0,1800,0.2,1251,2.03,0.1907656846,1.414213562
0,1800,0.2,1251,2.06,0.1743756431,2
0,1800,0.2,1251,2.07,0.1813036391,2
0,1800,0.2,1251,2.09,0.1898431573,3.741657387
0,1800,0.2,1251,2.1,0.1962520704,3.464101615
0,1800,0.2,1251,2.12,0.190848048,2.828427125
0,1800,0.2,1251,2.13,0.192807549,2.828427125
0,1800,0.2,1251,2.14,0.2117495531,2
0,1800,0.2,1251,2.15,0.1722341382,2.828427125
0,1800,0.2,1251,2.16,0.2006832367,2.828427125
0,1800,0.2,1251,2.17,0.1814183562,2
0,1800,0.2,1251,2.19,0.2066127239,2
0,1800,0.2,1251,2.2,0.1921587142,2.828427125
0,1800,0.2,1251,2.21,0.1896538271,2.828427125
0,1800,0.2,1251,2.23,0.2010450313,2.828427125
0,1800,0.2,1251,2.24,0.2077719029,3.464101615
0,1800,0.2,1251,2.26,0.2021992672,2.828427125
0,1800,0.2,1251,2.29,0.1944619667,2
0,1800,0.2,1251,2.3,0.2188659458,2.828427125
0,1800,0.2,1251,2.31,0.2222416085,2.828427125
0,1800,0.2,1251,2.32,0.2010957708,3.464101615
0,1800,0.2,1251,2.33,0.2114671849,2
0,1800,0.2,1251,2.34,0.2145168523,2.828427125
0,1800,0.2,1251,2.38,0.2091301011,4.898979486
0,1800,0.2,1251,2.4,0.2054258733,2.828427125
0,1800,0.2,1251,2.41,0.206843135,2.828427125
0,1800,0.2,1251,2.48,0.2047336982,2.828427125
0,1800,0.2,1251,2.49,0.2095941483,2.828427125
0,1800,0.2,1251,2.51,0.1995971479,2
0,1800,0.2,1251,2.53,0.2287930722,3.464101615
0,1800,0.2,1251,2.54,0.2073069917,2
0,1800,0.2,1251,2.57,0.2253216223,3.464101615
0,1800,0.2,1251,2.58,0.2172977259,3.464101615
0,1800,0.2,1251,2.59,0.2319211351,3.464101615
0,1800,0.2,1251,2.62,0.2398060997,2.828427125
0,1800,0.2,1251,2.63,0.2247609299,2.828427125
0,1800,0.2,1251,2.64,0.2428102677,2.828427125
0,1800,0.2,1251,2.65,0.2208482441,2.828427125
0,1800,0.2,1251,2.72,0.2182247741,2.828427125
0,1800,0.2,1251,2.73,0.2272954107,2.828427125
0,1800,0.2,1251,2.74,0.2118557684,2.828427125
0,1800,0.2,1251,2.76,0.2145285101,2.828427125
0,1800,0.2,1251,2.77,0.2110467284,2.828427125
0,1800,0.2,1251,2.78,0.2142600818,2.828427125
0,1800,0.2,1251,2.85,0.205042732,2
0,1800,0.2,1251,2.9,0.1911423754,3.464101615
0,1800,0.2,1251,2.92,0.1922002918,2
0,1800,0.2,1251,2.94,0.1735850655,2.828427125
0,1800,0.2,1251,2.96,0.1780363953,2.828427125
0,1800,0.2,1251,2.97,0.1654537147,4
0,1800,0.2,1251,2.99,0.1559073535,2.828427125
0,1800,0.2,1251,3.04,0.14649289,2.828427125
0,1800,0.2,1251,3.07,0.1355399628,2.828427125
0,1800,0.2,1251,3.08,0.1367239753,2.828427125
0,1800,0.2,1251,3.26,0.1103501533,2.828427125
0,1800,0.2,1251,3.27,0.1087829955,2.828427125
0,1800,0.2,1251,3.28,0.112108645,2.828427125
0,1800,0.2,1251,3.54,0.1185565868,2.828427125
0,1800,0.3,1251,0.33,0.06986100155,1.414213562
0,1800,0.3,1251,0.4,0.06811867314,1.414213562
0,1800,0.3,1251,0.48,0.04665978533,1.414213562
0,1800,0.3,1251,0.52,0.04961854974,2
0,1800,0.3,1251,0.58,0.06951150689,2
0,1800,0.3,1251,0.63,0.07199865688,2
0,1800,0.3,1251,0.66,0.05371953474,1.414213562
0,1800,0.3,1251,0.71,0.06709586213,2.828427125
0,1800,0.3,1251,0.77,0.07159861403,2
0,1800,0.3,1251,0.8,0.08754877509,1.414213562
0,1800,0.3,1251,0.82,0.07800748439,2
0,1800,0.3,1251,0.86,0.09402208017,2
0,1800,0.3,1251,0.91,0.08010021855,2.828427125
0,1800,0.3,1251,0.93,0.08362746873,2
0,1800,0.3,1251,0.96,0.09226381911,1.414213562
0,1800,0.3,1251,0.99,0.09909570508,3.16227766
0,1800,0.3,1251,1.02,0.09899007067,2
0,1800,0.3,1251,1.04,0.1004566947,2.828427125
0,1800,0.3,1251,1.07,0.1019629634,2
0,1800,0.3,1251,1.1,0.1081778375,3.464101615
0,1800,0.3,1251,1.14,0.1119315752,2.828427125
0,1800,0.3,1251,1.17,0.1188583467,3.464101615
0,1800,0.3,1251,1.2,0.1044168745,1.414213562
0,1800,0.3,1251,1.24,0.128091218,3.464101615
0,1800,0.3,1251,1.25,0.1097527862,2
0,1800,0.3,1251,1.27,0.1473495107,2
0,1800,0.3,1251,1.29,0.1490566136,2
0,1800,0.3,1251,1.3,0.1307783543,2.828427125
0,1800,0.3,1251,1.32,0.1300621457,1.414213562
0,1800,0.3,1251,1.33,0.1374478009,2.828427125
0,1800,0.3,1251,1.36,0.1565113156,2.828427125
0,1800,0.3,1251,1.37,0.1562633084,2
0,1800,0.3,1251,1.38,0.1563255812,2.828427125
0,1800,0.3,1251,1.41,0.1555707189,2
0,1800,0.3,1251,1.42,0.1399329195,2.828427125
0,1800,0.3,1251,1.44,0.1750160984,2.828427125
0,1800,0.3,1251,1.45,0.1726807166,3.16227766
0,1800,0.3,1251,1.46,0.1528730556,2.828427125
0,1800,0.3,1251,1.48,0.1642364463,2
0,1800,0.3,1251,1.5,0.1806391714,2
0,1800,0.3,1251,1.54,0.1718481576,3.464101615
0,1800,0.3,1251,1.55,0.1814874799,2
0,1800,0.3,1251,1.56,0.1760130508,2
0,1800,0.3,1251,1.57,0.1869153268,2.828427125
0,1800,0.3,1251,1.59,0.1727257951,2
0,1800,0.3,1251,1.6,0.1808040292,3.16227766
0,1800,0.3,1251,1.62,0.2000700542,2.828427125
0,1800,0.3,1251,1.63,0.190738552,3.464101615
0,1800,0.3,1251,1.64,0.1933137146,3.464101615
0,1800,0.3,1251,1.65,0.1981955736,2
0,1800,0.3,1251,1.67,0.2015818393,3.464101615
0,1800,0.3,1251,1.69,0.2050417251,4
0,1800,0.3,1251,1.7,0.222720575,2.828427125
0,1800,0.3,1251,1.73,0.2149075366,2
0,1800,0.3,1251,1.75,0.2257807345,2
0,1800,0.3,1251,1.78,0.2263957624,3.464101615
0,1800,0.3,1251,1.79,0.2340414989,2.828427125
0,1800,0.3,1251,1.8,0.2569863945,2.828427125
0,1800,0.3,1251,1.82,0.2402482055,2.828427125
0,1800,0.3,1251,1.83,0.2458671753,2.828427125
0,1800,0.3,1251,1.85,0.2269201787,2.828427125
0,1800,0.3,1251,1.87,0.26238527,2
0,1800,0.3,1251,1.88,0.246452046,2.828427125
0,1800,0.3,1251,1.89,0.2508312539,2.828427125
0,1800,0.3,1251,1.91,0.2324879748,2.828427125
0,1800,0.3,1251,1.93,0.2559450765,3.16227766
0,1800,0.3,1251,1.94,0.265898024,2.828427125
0,1800,0.3,1251,1.96,0.2751285818,2.828427125
0,1800,0.3,1251,1.97,0.2938612416,2
0,1800,0.3,1251,1.98,0.2736582364,2.828427125
0,1800,0.3,1251,1.99,0.2594870992,2.828427125
0,1800,0.3,1251,2,0.2584822872,4
0,1800,0.3,1251,2.03,0.2581163386,2.828427125
0,1800,0.3,1251,2.04,0.2887305164,2
0,1800,0.3,1251,2.07,0.2856547308,2
0,1800,0.3,1251,2.08,0.2970166727,2.828427125
0,1800,0.3,1251,2.09,0.2656546826,2
0,1800,0.3,1251,2.11,0.279003598,4
0,1800,0.3,1251,2.12,0.2872441255,4
0,1800,0.3,1251,2.13,0.3086488888,2.828427125
0,1800,0.3,1251,2.16,0.273363042,2
0,1800,0.3,1251,2.17,0.3254613135,2
0,1800,0.3,1251,2.18,0.286823986,2.828427125
0,1800,0.3,1251,2.19,0.2909336733,2.828427125
0,1800,0.3,1251,2.21,0.2937932066,2.828427125
0,1800,0.3,1251,2.25,0.2744609194,2.828427125
0,1800,0.3,1251,2.27,0.3092056844,2
0,1800,0.3,1251,2.29,0.2887153391,4
0,1800,0.3,1251,2.3,0.3222623831,2.828427125
0,1800,0.3,1251,2.31,0.3028916165,2.828427125
0,1800,0.3,1251,2.34,0.3023614997,2
0,1800,0.3,1251,2.37,0.3126662712,4.898979486
0,1800,0.3,1251,2.47,0.3336276272,2.828427125
0,1800,0.3,1251,2.48,0.3176448335,2.828427125
0,1800,0.3,1251,2.5,0.3278246355,2
0,1800,0.3,1251,2.53,0.302895505,4
0,1800,0.3,1251,2.59,0.286644173,2.828427125
0,1800,0.3,1251,2.63,0.3382700062,2.828427125
0,1800,0.3,1251,2.69,0.2998481417,2.828427125
0,1800,0.3,1251,2.83,0.2686711198,2.828427125
0,1800,0.4,1251,0.35,0.04354995626,1.414213562
0,1800,0.4,1251,0.39,0.114347892,1.414213562
0,1800,0.4,1251,0.5,0.04981351742,1.414213562
0,1800,0.4,1251,0.52,0.04768226282,2
0,1800,0.4,1251,0.61,0.05560923202,2
0,1800,0.4,1251,0.63,0.06421314423,2
0,1800,0.4,1251,0.71,0.06339591609,1.414213562
0,1800,0.4,1251,0.72,0.05478648239,2.828427125
0,1800,0.4,1251,0.77,0.08449828357,1.414213562
0,1800,0.4,1251,0.8,0.05632368933,2
0,1800,0.4,1251,0.85,0.08831553301,2
0,1800,0.4,1251,0.87,0.0833598666,2
0,1800,0.4,1251,0.92,0.07738849376,2
0,1800,0.4,1251,0.95,0.08587842877,2.828427125
0,1800,0.4,1251,0.99,0.09746910762,2.828427125
0,1800,0.4,1251,1,0.09359703226,1.414213562
0,1800,0.4,1251,1.05,0.09440240668,2
0,1800,0.4,1251,1.06,0.09132584798,2.449489743
0,1800,0.4,1251,1.07,0.09914379328,2
0,1800,0.4,1251,1.13,0.1014507797,3.464101615
0,1800,0.4,1251,1.16,0.1073921988,3.16227766
0,1800,0.4,1251,1.17,0.1101613318,2
0,1800,0.4,1251,1.21,0.1096916062,2
0,1800,0.4,1251,1.23,0.1186229832,3.464101615
0,1800,0.4,1251,1.26,0.1260022959,2.828427125
0,1800,0.4,1251,1.28,0.1284765208,2.828427125
0,1800,0.4,1251,1.31,0.135199839,4.472135955
0,1800,0.4,1251,1.36,0.1719813738,2
0,1800,0.4,1251,1.4,0.1521568992,2.828427125
0,1800,0.4,1251,1.41,0.1639653926,1.414213562
0,1800,0.4,1251,1.45,0.1688078282,4
0,1800,0.4,1251,1.46,0.1773692538,2.828427125
0,1800,0.4,1251,1.5,0.1899698151,2.449489743
0,1800,0.4,1251,1.51,0.1735712689,2.828427125
0,1800,0.4,1251,1.53,0.1840041404,2
0,1800,0.4,1251,1.54,0.1860511745,2.449489743
0,1800,0.4,1251,1.55,0.201225295,3.464101615
0,1800,0.4,1251,1.57,0.2116100901,3.464101615
0,1800,0.4,1251,1.58,0.1897797894,2
0,1800,0.4,1251,1.59,0.2032419828,2.828427125
0,1800,0.4,1251,1.61,0.2091928098,2
0,1800,0.4,1251,1.62,0.2342567494,2
0,1800,0.4,1251,1.65,0.2388813182,4
0,1800,0.4,1251,1.66,0.2293860591,3.464101615
0,1800,0.4,1251,1.69,0.2474602782,4.472135955
0,1800,0.4,1251,1.7,0.2538479317,3.464101615
0,1800,0.4,1251,1.73,0.2538393252,3.464101615
0,1800,0.4,1251,1.77,0.2505471694,4
0,1800,0.4,1251,1.83,0.3043504302,3.464101615
0,1800,0.4,1251,1.84,0.2937770955,2.828427125
0,1800,0.4,1251,1.86,0.3077336796,2.828427125
0,1800,0.4,1251,1.87,0.2958429717,3.464101615
0,1800,0.4,1251,1.88,0.3010859096,2.828427125
0,1800,0.4,1251,1.89,0.2954455654,2.828427125
0,1800,0.4,1251,1.9,0.3026694,3.464101615
0,1800,0.4,1251,1.93,0.3061858199,2.828427125
0,1800,0.4,1251,1.94,0.3207934271,2.828427125
0,1800,0.4,1251,1.97,0.3244927725,2.828427125
0,1800,0.4,1251,1.99,0.3185885933,2.828427125
0,1800,0.4,1251,2,0.3404684041,1.414213562
0,1800,0.4,1251,2.02,0.3152148902,2.828427125
0,1800,0.4,1251,2.03,0.3425211884,2
0,1800,0.4,1251,2.04,0.2996289724,2
0,1800,0.4,1251,2.06,0.3383371225,2
0,1800,0.4,1251,2.07,0.3637275117,2.828427125
0,1800,0.4,1251,2.08,0.3705481124,2.828427125
0,1800,0.4,1251,2.09,0.3691301134,2
0,1800,0.4,1251,2.1,0.3533584542,2.828427125
0,1800,0.4,1251,2.12,0.3457600649,3.464101615
0,1800,0.4,1251,2.15,0.3738657585,4
0,1800,0.4,1251,2.16,0.3588134915,2.828427125
0,1800,0.4,1251,2.17,0.3733657293,2.828427125
0,1800,0.4,1251,2.18,0.3968839185,4
0,1800,0.4,1251,2.2,0.3681867851,2.828427125
0,1800,0.4,1251,2.26,0.3743229486,2.828427125
0,1800,0.4,1251,2.27,0.3778849454,3.464101615
0,1800,0.4,1251,2.3,0.3808227095,2.828427125
0,1800,0.4,1251,2.31,0.3946381095,2
0,1800,0.4,1251,2.32,0.3522734187,2.828427125
0,1800,0.4,1251,2.34,0.3744931814,2.828427125
0,1800,0.4,1251,2.36,0.3758151246,2.828427125
0,1800,0.4,1251,2.39,0.3781828402,2.828427125
0,1800,0.4,1251,2.4,0.3750559173,2.828427125
0,1800,0.4,1251,2.42,0.3622274795,2.828427125
0,1800,0.4,1251,2.45,0.3519406628,2
0,1800,0.4,1251,2.48,0.3512653048,2.828427125
0,1800,0.4,1251,2.53,0.367444394,2
0,1800,0.4,1251,2.54,0.3482821048,2.828427125
0,1800,0.4,1251,2.55,0.3555910447,2.828427125
0,1800,0.4,1251,2.57,0.377538759,2.828427125
0,1800,0.4,1251,2.58,0.3613583266,2.828427125
0,1800,0.4,1251,2.63,0.3564331064,2.828427125
0,1800,0.4,1251,2.71,0.3233082572,2.828427125
0,1800,0.4,1251,2.74,0.3045462272,2.828427125
0,1800,0.4,1251,2.9,0.2717380579,2.828427125
0,1800,0.5,1251,0.36,0.05531174908,1.414213562
0,1800,0.5,1251,0.42,0.04039820751,1.414213562
0,1800,0.5,1251,0.43,0.05468768621,1.414213562
0,1800,0.5,1251,0.55,0.05053839753,2
0,1800,0.5,1251,0.56,0.06182239616,2
0,1800,0.5,1251,0.6,0.05240511693,2
0,1800,0.5,1251,0.7,0.06640613922,2.828427125
0,1800,0.5,1251,0.73,0.05617834201,1.414213562
0,1800,0.5,1251,0.83,0.06630535434,1.414213562
0,1800,0.5,1251,0.84,0.07662309785,2
0,1800,0.5,1251,0.85,0.06944959628,2
0,1800,0.5,1251,0.86,0.07828115256,1.414213562
0,1800,0.5,1251,0.91,0.08036231404,2
0,1800,0.5,1251,0.94,0.08306141108,4
0,1800,0.5,1251,0.96,0.08727326224,2
0,1800,0.5,1251,1,0.08427425643,2.828427125
0,1800,0.5,1251,1.02,0.0885407747,2.828427125
0,1800,0.5,1251,1.09,0.1006797519,1.414213562
0,1800,0.5,1251,1.1,0.09087536127,2
0,1800,0.5,1251,1.13,0.1009690825,2
0,1800,0.5,1251,1.17,0.1141615103,2.828427125
0,1800,0.5,1251,1.19,0.1115396332,2.828427125
0,1800,0.5,1251,1.2,0.1201164167,3.464101615
0,1800,0.5,1251,1.24,0.1227511161,2.828427125
0,1800,0.5,1251,1.25,0.1229686857,3.16227766
0,1800,0.5,1251,1.29,0.1213816856,1.414213562
0,1800,0.5,1251,1.3,0.1231142712,2
0,1800,0.5,1251,1.32,0.1424760384,2
0,1800,0.5,1251,1.34,0.1260833212,2
0,1800,0.5,1251,1.36,0.1445382847,2
0,1800,0.5,1251,1.37,0.1553424692,3.464101615
0,1800,0.5,1251,1.39,0.1579765298,2
0,1800,0.5,1251,1.4,0.1562697175,2.828427125
0,1800,0.5,1251,1.41,0.1707170166,2.828427125
0,1800,0.5,1251,1.44,0.1559512694,3.464101615
0,1800,0.5,1251,1.45,0.1762521982,3.16227766
0,1800,0.5,1251,1.48,0.1987651622,2
0,1800,0.5,1251,1.51,0.1866809656,3.464101615
0,1800,0.5,1251,1.52,0.1990608491,2.828427125
0,1800,0.5,1251,1.54,0.1950547809,3.464101615
0,1800,0.5,1251,1.56,0.2111347934,2.828427125
0,1800,0.5,1251,1.57,0.2090236318,2.828427125
0,1800,0.5,1251,1.58,0.219449272,2.828427125
0,1800,0.5,1251,1.62,0.2103507887,2.828427125
0,1800,0.5,1251,1.66,0.2502595744,2.449489743
0,1800,0.5,1251,1.67,0.242256498,2
0,1800,0.5,1251,1.68,0.2315216751,2.828427125
0,1800,0.5,1251,1.69,0.2536104384,2.828427125
0,1800,0.5,1251,1.7,0.2484335296,3.464101615
0,1800,0.5,1251,1.71,0.2777979701,2.828427125
0,1800,0.5,1251,1.72,0.2747428901,2.449489743
0,1800,0.5,1251,1.73,0.288561413,2.828427125
0,1800,0.5,1251,1.74,0.2785012299,4
0,1800,0.5,1251,1.75,0.2708793375,2.828427125
0,1800,0.5,1251,1.76,0.2890596845,2
0,1800,0.5,1251,1.77,0.2954849494,2
0,1800,0.5,1251,1.8,0.2768518793,2
0,1800,0.5,1251,1.81,0.3257599022,3.464101615
0,1800,0.5,1251,1.83,0.2886478265,2.828427125
0,1800,0.5,1251,1.86,0.3237395756,2.828427125
0,1800,0.5,1251,1.87,0.3405131418,4
0,1800,0.5,1251,1.88,0.3367258438,4
0,1800,0.5,1251,1.91,0.3555560401,3.464101615
0,1800,0.5,1251,1.92,0.3743266523,3.464101615
0,1800,0.5,1251,1.94,0.329641956,2.828427125
0,1800,0.5,1251,1.95,0.3676544388,3.464101615
0,1800,0.5,1251,1.96,0.3756685159,2.828427125
0,1800,0.5,1251,1.99,0.3657132021,3.464101615
0,1800,0.5,1251,2.01,0.4046593812,2.828427125
0,1800,0.5,1251,2.03,0.3620612021,2.828427125
0,1800,0.5,1251,2.04,0.3891968688,2
0,1800,0.5,1251,2.05,0.3625845978,2.828427125
0,1800,0.5,1251,2.08,0.3755234764,2.828427125
0,1800,0.5,1251,2.1,0.4029765373,4
0,1800,0.5,1251,2.11,0.4023650674,2
0,1800,0.5,1251,2.12,0.4066137876,2.828427125
0,1800,0.5,1251,2.13,0.4515241651,2
0,1800,0.5,1251,2.14,0.3998629108,2.828427125
0,1800,0.5,1251,2.16,0.4215045783,2.828427125
0,1800,0.5,1251,2.17,0.4117822406,2.828427125
0,1800,0.5,1251,2.2,0.4296943363,2.828427125
0,1800,0.5,1251,2.21,0.3575076582,2
0,1800,0.5,1251,2.23,0.4085296155,2.828427125
0,1800,0.5,1251,2.25,0.3976281426,4
0,1800,0.5,1251,2.26,0.419130966,2
0,1800,0.5,1251,2.29,0.4203213949,2.828427125
0,1800,0.5,1251,2.31,0.3774240036,2.828427125
0,1800,0.5,1251,2.37,0.4307248054,4
0,1800,0.5,1251,2.39,0.3844532043,3.464101615
0,1800,0.5,1251,2.4,0.4452877881,2.828427125
0,1800,0.5,1251,2.42,0.3986978523,2.828427125
0,1800,0.5,1251,2.5,0.3832396059,2.828427125
0,1800,0.5,1251,2.56,0.3718682593,2.828427125
0,1800,0.5,1251,2.58,0.3810765882,2.828427125
0,1800,0.5,1251,2.63,0.3662943602,2.828427125
0,1800,0.5,1251,2.8,0.2996615719,2.828427125
0,1800,0.6,1251,0.37,0.05918328578,1.414213562
0,1800,0.6,1251,0.42,0.07175395623,1.414213562
0,1800,0.6,1251,0.44,0.08401614457,1.414213562
0,1800,0.6,1251,0.56,0.08417930527,2
0,1800,0.6,1251,0.57,0.0760993912,2
0,1800,0.6,1251,0.61,0.06986936412,2
0,1800,0.6,1251,0.71,0.07426775255,2.828427125
0,1800,0.6,1251,0.73,0.08055352809,1.414213562
0,1800,0.6,1251,0.84,0.08221223442,2.449489743
0,1800,0.6,1251,0.85,0.09725697654,2
0,1800,0.6,1251,0.88,0.06978797997,1.414213562
0,1800,0.6,1251,0.92,0.09213921428,2
0,1800,0.6,1251,0.95,0.09202953084,4
0,1800,0.6,1251,0.98,0.09995265196,2
0,1800,0.6,1251,1.02,0.1019568337,2.828427125
0,1800,0.6,1251,1.04,0.1003452761,2.828427125
0,1800,0.6,1251,1.1,0.1115794205,1.414213562
0,1800,0.6,1251,1.12,0.1253125511,2
0,1800,0.6,1251,1.15,0.1214899941,2
0,1800,0.6,1251,1.18,0.1125463261,2.828427125
0,1800,0.6,1251,1.2,0.1230141081,2.828427125
0,1800,0.6,1251,1.22,0.1286490872,3.464101615
0,1800,0.6,1251,1.26,0.134564052,3.16227766
0,1800,0.6,1251,1.27,0.1409994407,2.828427125
0,1800,0.6,1251,1.32,0.1374982336,2.449489743
0,1800,0.6,1251,1.34,0.1548304877,2
0,1800,0.6,1251,1.37,0.1633017684,2
0,1800,0.6,1251,1.38,0.1420086165,2
0,1800,0.6,1251,1.39,0.1670607911,3.464101615
0,1800,0.6,1251,1.41,0.172300379,2
0,1800,0.6,1251,1.42,0.1597224495,2.828427125
0,1800,0.6,1251,1.43,0.1640048281,2.828427125
0,1800,0.6,1251,1.45,0.1841003883,2.828427125
0,1800,0.6,1251,1.46,0.1713573003,2.449489743
0,1800,0.6,1251,1.47,0.1846573013,2.828427125
0,1800,0.6,1251,1.51,0.1953610474,2
0,1800,0.6,1251,1.52,0.1808637136,2
0,1800,0.6,1251,1.53,0.1997482871,3.464101615
0,1800,0.6,1251,1.54,0.2072710905,2
0,1800,0.6,1251,1.57,0.2188887774,3.464101615
0,1800,0.6,1251,1.58,0.235751012,2.828427125
0,1800,0.6,1251,1.59,0.2238343561,2.828427125
0,1800,0.6,1251,1.61,0.208364002,2.828427125
0,1800,0.6,1251,1.64,0.2275635296,2.828427125
0,1800,0.6,1251,1.67,0.2391378852,2
0,1800,0.6,1251,1.69,0.2605775785,2.449489743
0,1800,0.6,1251,1.71,0.2662248348,3.464101615
0,1800,0.6,1251,1.72,0.2655593448,2.828427125
0,1800,0.6,1251,1.73,0.2681426065,4
0,1800,0.6,1251,1.74,0.261648731,2
0,1800,0.6,1251,1.75,0.300105949,2.828427125
0,1800,0.6,1251,1.76,0.2943308115,3.16227766
0,1800,0.6,1251,1.77,0.2856421311,2.828427125
0,1800,0.6,1251,1.78,0.2886891324,2.828427125
0,1800,0.6,1251,1.8,0.2907431511,2
0,1800,0.6,1251,1.81,0.3270769089,2
0,1800,0.6,1251,1.83,0.2710612638,2
0,1800,0.6,1251,1.84,0.3291831807,2
0,1800,0.6,1251,1.85,0.3082639779,2.828427125
0,1800,0.6,1251,1.87,0.3273322334,2.828427125
0,1800,0.6,1251,1.89,0.3312745788,4
0,1800,0.6,1251,1.9,0.326615375,2
0,1800,0.6,1251,1.91,0.3608465564,4.472135955
0,1800,0.6,1251,1.93,0.3094298589,2
0,1800,0.6,1251,1.94,0.3646654085,2.828427125
0,1800,0.6,1251,1.95,0.3471218173,3.464101615
0,1800,0.6,1251,1.97,0.3655559133,3.464101615
0,1800,0.6,1251,1.98,0.3732665411,2.828427125
0,1800,0.6,1251,1.99,0.3314640833,2.828427125
0,1800,0.6,1251,2.01,0.3374334176,2
0,1800,0.6,1251,2.02,0.3469403258,2.828427125
0,1800,0.6,1251,2.04,0.3741712108,2.828427125
0,1800,0.6,1251,2.06,0.3608573782,2.828427125
0,1800,0.6,1251,2.08,0.3490001091,2
0,1800,0.6,1251,2.09,0.3972349678,2.828427125
0,1800,0.6,1251,2.12,0.3812141862,2.828427125
0,1800,0.6,1251,2.13,0.3637775112,4
0,1800,0.6,1251,2.14,0.3761410418,2
0,1800,0.6,1251,2.15,0.3650662672,2.828427125
0,1800,0.6,1251,2.17,0.387212266,3.464101615
0,1800,0.6,1251,2.2,0.3766107389,4
0,1800,0.6,1251,2.23,0.3701105879,2
0,1800,0.6,1251,2.24,0.3557458518,2.828427125
0,1800,0.6,1251,2.26,0.3516670169,2.828427125
0,1800,0.6,1251,2.28,0.3891093071,2.828427125
0,1800,0.6,1251,2.29,0.3720084797,3.464101615
0,1800,0.6,1251,2.33,0.3582758284,2.828427125
0,1800,0.6,1251,2.34,0.3932178613,2.828427125
0,1800,0.6,1251,2.4,0.3510621568,2.828427125
0,1800,0.6,1251,2.41,0.329003153,2.828427125
0,1800,0.6,1251,2.43,0.3410453882,2.828427125
0,1800,0.6,1251,2.44,0.3393407237,3.464101615
0,1800,0.6,1251,2.47,0.3494938237,2.828427125
0,1800,0.6,1251,2.55,0.3144357967,2.828427125
0,1800,0.6,1251,2.59,0.314134362,2.828427125
0,1800,0.6,1251,2.62,0.3024212222,2.828427125
0,1800,0.6,1251,2.67,0.290090098,2.828427125
0,1800,0.6,1251,2.84,0.262914726,2.828427125
0,1800,0.7,1251,0.4,0.08650366327,1.414213562
0,1800,0.7,1251,0.42,0.1188735422,2
0,1800,0.7,1251,0.58,0.09608360013,2.828427125
0,1800,0.7,1251,0.59,0.07773986924,2
0,1800,0.7,1251,0.72,0.08583539151,2.828427125
0,1800,0.7,1251,0.8,0.07651214336,1.414213562
0,1800,0.7,1251,0.84,0.1039784056,2
0,1800,0.7,1251,0.9,0.107522697,2.828427125
0,1800,0.7,1251,0.93,0.114596881,2.828427125
0,1800,0.7,1251,0.94,0.1035357923,2.828427125
0,1800,0.7,1251,1,0.1063978985,2.828427125
0,1800,0.7,1251,1.02,0.1124629112,4
0,1800,0.7,1251,1.16,0.1228633071,2.828427125
0,1800,0.7,1251,1.19,0.1238802614,2
0,1800,0.7,1251,1.2,0.1201272999,1.414213562
0,1800,0.7,1251,1.23,0.1404753772,2.828427125
0,1800,0.7,1251,1.24,0.1250732597,2.828427125
0,1800,0.7,1251,1.25,0.1381870037,3.16227766
0,1800,0.7,1251,1.27,0.1513185082,3.16227766
0,1800,0.7,1251,1.32,0.1501232454,2.828427125
0,1800,0.7,1251,1.33,0.1404661652,2.828427125
0,1800,0.7,1251,1.34,0.1582573204,2.828427125
0,1800,0.7,1251,1.38,0.1526265806,2.828427125
0,1800,0.7,1251,1.39,0.1516006613,2.828427125
0,1800,0.7,1251,1.43,0.1681052575,2.828427125
0,1800,0.7,1251,1.46,0.1650392273,2
0,1800,0.7,1251,1.47,0.1770920302,2
0,1800,0.7,1251,1.49,0.1957753528,2
0,1800,0.7,1251,1.5,0.1889479181,2
0,1800,0.7,1251,1.51,0.1772773103,2
0,1800,0.7,1251,1.52,0.1879813055,4.472135955
0,1800,0.7,1251,1.54,0.1746816077,2.828427125
0,1800,0.7,1251,1.55,0.1893233776,2.828427125
0,1800,0.7,1251,1.56,0.1877134893,2.828427125
0,1800,0.7,1251,1.57,0.1952118226,2.828427125
0,1800,0.7,1251,1.6,0.2206404101,1.414213562
0,1800,0.7,1251,1.65,0.2032713668,2.828427125
0,1800,0.7,1251,1.67,0.2462442068,1.414213562
0,1800,0.7,1251,1.69,0.2261213004,3.16227766
0,1800,0.7,1251,1.7,0.2366881436,2.828427125
0,1800,0.7,1251,1.71,0.2331957578,4
0,1800,0.7,1251,1.72,0.2397312615,2.828427125
0,1800,0.7,1251,1.73,0.2410848073,2
0,1800,0.7,1251,1.74,0.2336568305,3.464101615
0,1800,0.7,1251,1.77,0.2675201602,2.828427125
0,1800,0.7,1251,1.78,0.2473575828,4.472135955
0,1800,0.7,1251,1.79,0.2464116673,2.828427125
0,1800,0.7,1251,1.8,0.2598521606,2
0,1800,0.7,1251,1.81,0.2741063573,2
0,1800,0.7,1251,1.83,0.2673017366,2.828427125
0,1800,0.7,1251,1.85,0.2571143845,4.472135955
0,1800,0.7,1251,1.87,0.2882701614,2.828427125
0,1800,0.7,1251,1.88,0.2613087913,2
0,1800,0.7,1251,1.9,0.2878955701,2.828427125
0,1800,0.7,1251,1.91,0.2790125594,4
0,1800,0.7,1251,1.93,0.2853734898,4.898979486
0,1800,0.7,1251,1.95,0.2758882347,2.828427125
0,1800,0.7,1251,1.99,0.324781512,2.828427125
0,1800,0.7,1251,2.03,0.2907801545,2
0,1800,0.7,1251,2.04,0.3208935075,3.464101615
0,1800,0.7,1251,2.05,0.3126728134,2.828427125
0,1800,0.7,1251,2.06,0.3005810914,2
0,1800,0.7,1251,2.07,0.3031811112,3.464101615
0,1800,0.7,1251,2.08,0.3173250638,2.828427125
0,1800,0.7,1251,2.1,0.3130612346,4
0,1800,0.7,1251,2.11,0.3171646371,2.828427125
0,1800,0.7,1251,2.13,0.3120144759,2.828427125
0,1800,0.7,1251,2.14,0.2862549761,2.828427125
0,1800,0.7,1251,2.15,0.327381687,2.828427125
0,1800,0.7,1251,2.2,0.3060316565,4
0,1800,0.7,1251,2.22,0.3060859689,2.828427125
0,1800,0.7,1251,2.23,0.276678475,2.828427125
0,1800,0.7,1251,2.24,0.3008613516,2.828427125
0,1800,0.7,1251,2.25,0.3051717821,2.828427125
0,1800,0.7,1251,2.31,0.2942398441,2
0,1800,0.7,1251,2.32,0.2977964372,2
0,1800,0.7,1251,2.35,0.2923456269,2.828427125
0,1800,0.7,1251,2.36,0.2784129557,2.828427125
0,1800,0.7,1251,2.38,0.2945351088,2
0,1800,0.7,1251,2.39,0.2808493577,2.828427125
0,1800,0.7,1251,2.41,0.2852456918,4
0,1800,0.7,1251,2.42,0.2670192403,2.828427125
0,1800,0.7,1251,2.46,0.2905036375,2.828427125
0,1800,0.7,1251,2.47,0.2972436953,2.828427125
0,1800,0.7,1251,2.51,0.2720708938,2.828427125
0,1800,0.7,1251,2.64,0.2584142984,4
0,1800,0.7,1251,2.66,0.2599908512,2.828427125
0,1800,0.7,1251,2.86,0.2213765473,2.828427125
0,1800,0.75,1251,0.34,0.09898292765,1.414213562
0,1800,0.75,1251,0.37,0.06957492512,1.414213562
0,1800,0.75,1251,0.42,0.124879738,1.414213562
0,1800,0.75,1251,0.5,0.08581837825,2
0,1800,0.75,1251,0.54,0.1323101328,2
0,1800,0.75,1251,0.56,0.09410843963,2
0,1800,0.75,1251,0.66,0.07656854712,2.828427125
0,1800,0.75,1251,0.68,0.08906650786,1.414213562
0,1800,0.75,1251,0.73,0.1262449235,1.414213562
0,1800,0.75,1251,0.77,0.08035385298,2
0,1800,0.75,1251,0.8,0.08740008386,2
0,1800,0.75,1251,0.81,0.09989100694,2
0,1800,0.75,1251,0.85,0.1120858088,2.449489743
0,1800,0.75,1251,0.88,0.1071771216,2.828427125
0,1800,0.75,1251,0.91,0.09428071303,3.464101615
0,1800,0.75,1251,0.92,0.1135953947,2
0,1800,0.75,1251,0.99,0.1115669877,2.828427125
0,1800,0.75,1251,1,0.1009330297,2
0,1800,0.75,1251,1.02,0.08655681775,1.414213562
0,1800,0.75,1251,1.08,0.1172376983,2
0,1800,0.75,1251,1.09,0.1168029674,3.464101615
0,1800,0.75,1251,1.1,0.1336040701,1.414213562
0,1800,0.75,1251,1.11,0.1351481475,2
0,1800,0.75,1251,1.12,0.1196692017,2
0,1800,0.75,1251,1.15,0.1328547572,3.464101615
0,1800,0.75,1251,1.16,0.1226924485,2.828427125
0,1800,0.75,1251,1.17,0.1221764853,2.828427125
0,1800,0.75,1251,1.18,0.1289985373,2
0,1800,0.75,1251,1.23,0.1219709761,2.828427125
0,1800,0.75,1251,1.26,0.1282787748,2
0,1800,0.75,1251,1.27,0.1187975674,1.414213562
0,1800,0.75,1251,1.29,0.158142396,2
0,1800,0.75,1251,1.31,0.1356392762,2.828427125
0,1800,0.75,1251,1.32,0.1191497121,2
0,1800,0.75,1251,1.33,0.1310385118,4
0,1800,0.75,1251,1.36,0.1417981014,3.16227766
0,1800,0.75,1251,1.37,0.1418953686,2.828427125
0,1800,0.75,1251,1.38,0.1573986386,2.828427125
0,1800,0.75,1251,1.39,0.1532428976,2
0,1800,0.75,1251,1.41,0.1378498909,2
0,1800,0.75,1251,1.43,0.1543263721,3.464101615
0,1800,0.75,1251,1.44,0.1620035683,2
0,1800,0.75,1251,1.47,0.1566043429,3.741657387
0,1800,0.75,1251,1.49,0.1624091242,2.828427125
0,1800,0.75,1251,1.5,0.1839693644,2
0,1800,0.75,1251,1.51,0.165581064,3.464101615
0,1800,0.75,1251,1.52,0.1743134149,2.828427125
0,1800,0.75,1251,1.53,0.1695371647,2
0,1800,0.75,1251,1.55,0.1941926257,3.464101615
0,1800,0.75,1251,1.56,0.1912745983,4
0,1800,0.75,1251,1.6,0.1860073441,3.464101615
0,1800,0.75,1251,1.62,0.1930035246,3.464101615
0,1800,0.75,1251,1.63,0.171462131,2
0,1800,0.75,1251,1.65,0.1863596734,2.828427125
0,1800,0.75,1251,1.67,0.2068566383,4
0,1800,0.75,1251,1.68,0.2091665943,2
0,1800,0.75,1251,1.69,0.199304763,2
0,1800,0.75,1251,1.7,0.2399863204,1.414213562
0,1800,0.75,1251,1.72,0.2129635075,4
0,1800,0.75,1251,1.73,0.2214952798,3.464101615
0,1800,0.75,1251,1.74,0.2207729104,2
0,1800,0.75,1251,1.75,0.2006357252,2
0,1800,0.75,1251,1.76,0.2253321869,2.828427125
0,1800,0.75,1251,1.77,0.2248287552,2.828427125
0,1800,0.75,1251,1.79,0.2238062822,3.464101615
0,1800,0.75,1251,1.8,0.2284057069,2.828427125
0,1800,0.75,1251,1.82,0.2227762209,2.828427125
0,1800,0.75,1251,1.83,0.2363147342,3.464101615
0,1800,0.75,1251,1.84,0.2223539812,2.828427125
0,1800,0.75,1251,1.85,0.2348387826,2
0,1800,0.75,1251,1.86,0.2573795481,2
0,1800,0.75,1251,1.87,0.2431005363,2.828427125
0,1800,0.75,1251,1.88,0.2364701654,2.828427125
0,1800,0.75,1251,1.9,0.2417159629,2.828427125
0,1800,0.75,1251,1.94,0.2451484231,2
0,1800,0.75,1251,1.95,0.2668836954,2.828427125
0,1800,0.75,1251,1.97,0.2572701632,4.898979486
0,1800,0.75,1251,1.98,0.2516266862,3.464101615
0,1800,0.75,1251,2,0.2619743041,3.464101615
0,1800,0.75,1251,2.01,0.2396189473,2.828427125
0,1800,0.75,1251,2.02,0.2617591933,2
0,1800,0.75,1251,2.05,0.258269631,4
0,1800,0.75,1251,2.06,0.263401331,2.828427125
0,1800,0.75,1251,2.11,0.2530447561,2.828427125
0,1800,0.75,1251,2.13,0.2719302257,2.828427125
0,1800,0.75,1251,2.16,0.2572946166,2.828427125
0,1800,0.75,1251,2.17,0.276844697,2.828427125
0,1800,0.75,1251,2.18,0.2767466321,2
0,1800,0.75,1251,2.19,0.2889507468,2.828427125
0,1800,0.75,1251,2.21,0.2448291939,2.828427125
0,1800,0.75,1251,2.24,0.2478821312,2
0,1800,0.75,1251,2.27,0.2659840433,4
0,1800,0.75,1251,2.3,0.2620078746,2.828427125
0,1800,0.75,1251,2.34,0.2538949858,2.828427125
0,1800,0.75,1251,2.37,0.2553985429,2.828427125
0,1800,0.75,1251,2.44,0.2389353927,2.828427125
0,1800,0.75,1251,2.47,0.2407392116,2.828427125
0,1800,0.75,1251,2.62,0.2216799937,2.828427125
0,1800,0.8,1251,0.28,0.07956527029,1.414213562
0,1800,0.8,1251,0.53,0.05652143005,1.414213562
0,1800,0.8,1251,0.55,0.0793414857,1.414213562
0,1800,0.8,1251,0.56,0.1128178326,1.414213562
0,1800,0.8,1251,0.6,0.09435549302,2
0,1800,0.8,1251,0.61,0.1030730221,2
0,1800,0.8,1251,0.76,0.09267178735,2
0,1800,0.8,1251,0.77,0.09599237509,2
0,1800,0.8,1251,0.78,0.1145756409,2
0,1800,0.8,1251,0.81,0.0944316919,2.828427125
0,1800,0.8,1251,0.84,0.07932623493,1.414213562
0,1800,0.8,1251,0.94,0.09065169225,2.828427125
0,1800,0.8,1251,0.99,0.1087821371,2
0,1800,0.8,1251,1,0.1109517125,2
0,1800,0.8,1251,1.05,0.1180973389,1.414213562
0,1800,0.8,1251,1.09,0.1176373177,2.449489743
0,1800,0.8,1251,1.12,0.1125590058,1.414213562
0,1800,0.8,1251,1.13,0.1167874069,3.464101615
0,1800,0.8,1251,1.19,0.1140798214,2.828427125
0,1800,0.8,1251,1.21,0.1406312819,2
0,1800,0.8,1251,1.22,0.1255423968,2.828427125
0,1800,0.8,1251,1.23,0.106078135,2
0,1800,0.8,1251,1.24,0.1273716655,3.464101615
0,1800,0.8,1251,1.25,0.1070147206,2
0,1800,0.8,1251,1.31,0.1285207777,2.828427125
0,1800,0.8,1251,1.34,0.1464556655,2.828427125
0,1800,0.8,1251,1.35,0.1392033766,2
0,1800,0.8,1251,1.36,0.133340291,2.828427125
0,1800,0.8,1251,1.38,0.1289033407,2
0,1800,0.8,1251,1.45,0.1385758312,2.828427125
0,1800,0.8,1251,1.48,0.1523027614,2.828427125
0,1800,0.8,1251,1.52,0.1674851811,2
0,1800,0.8,1251,1.54,0.1531454477,3.464101615
0,1800,0.8,1251,1.57,0.1610787486,2
0,1800,0.8,1251,1.58,0.1568549951,1.414213562
0,1800,0.8,1251,1.6,0.1642527412,2
0,1800,0.8,1251,1.62,0.166772069,2.828427125
0,1800,0.8,1251,1.63,0.1650019638,2.828427125
0,1800,0.8,1251,1.64,0.1711483414,1.414213562
0,1800,0.8,1251,1.65,0.1634717097,2.828427125
0,1800,0.8,1251,1.66,0.1627590621,2
0,1800,0.8,1251,1.67,0.1554505842,2
0,1800,0.8,1251,1.68,0.1782556513,2
0,1800,0.8,1251,1.7,0.1831561147,2.828427125
0,1800,0.8,1251,1.72,0.2105921275,2
0,1800,0.8,1251,1.73,0.1704337269,3.464101615
0,1800,0.8,1251,1.74,0.2002972061,2.828427125
0,1800,0.8,1251,1.76,0.1985478121,2.828427125
0,1800,0.8,1251,1.79,0.1895816576,2
0,1800,0.8,1251,1.81,0.1855394416,2.828427125
0,1800,0.8,1251,1.84,0.1721232347,2
0,1800,0.8,1251,1.87,0.1944767343,2.828427125
0,1800,0.8,1251,1.89,0.1963416635,2.828427125
0,1800,0.8,1251,1.91,0.2090309097,2.828427125
0,1800,0.8,1251,1.92,0.1742760144,2
0,1800,0.8,1251,1.94,0.2134922675,3.464101615
0,1800,0.8,1251,1.95,0.207936812,2
0,1800,0.8,1251,1.97,0.2098158133,2.828427125
0,1800,0.8,1251,1.98,0.2151355848,2
0,1800,0.8,1251,2,0.1970995223,2.828427125
0,1800,0.8,1251,2.01,0.2068215759,2.828427125
0,1800,0.8,1251,2.03,0.205690473,2.828427125
0,1800,0.8,1251,2.05,0.2182174561,2.828427125
0,1800,0.8,1251,2.1,0.2159949757,2.828427125
0,1800,0.8,1251,2.11,0.2249838892,1.414213562
0,1800,0.8,1251,2.12,0.214196727,2.828427125
0,1800,0.8,1251,2.13,0.1945126972,2
0,1800,0.8,1251,2.18,0.205543506,3.16227766
0,1800,0.8,1251,2.19,0.2168675465,2.828427125
0,1800,0.8,1251,2.2,0.2032626659,2
0,1800,0.8,1251,2.22,0.2212541781,2.828427125
0,1800,0.8,1251,2.24,0.2069212179,2
0,1800,0.8,1251,2.25,0.2086682753,4.472135955
0,1800,0.8,1251,2.26,0.2084800559,2.828427125
0,1800,0.8,1251,2.27,0.2050370974,2.828427125
0,1800,0.8,1251,2.29,0.2064664102,2.828427125
0,1800,0.8,1251,2.31,0.1949808872,2.828427125
0,1800,0.8,1251,2.33,0.2003602071,2.828427125
0,1800,0.8,1251,2.34,0.196696151,3.464101615
0,1800,0.8,1251,2.37,0.2147600767,2
0,1800,0.8,1251,2.39,0.189479141,3.464101615
0,1800,0.8,1251,2.4,0.1913591871,2.828427125
0,1800,0.8,1251,2.42,0.1938350855,2
0,1800,0.8,1251,2.43,0.1974610906,2.828427125
0,1800,0.8,1251,2.44,0.1883851734,4
0,1800,0.8,1251,2.45,0.1924854144,3.464101615
0,1800,0.8,1251,2.49,0.1871417522,2.828427125
0,1800,0.8,1251,2.51,0.2021120603,2.828427125
0,1800,0.8,1251,2.52,0.1879717212,2.828427125
0,1800,0.8,1251,2.54,0.1805618647,2.828427125
0,1800,0.8,1251,2.56,0.1881495773,2.828427125
0,1800,0.8,1251,2.62,0.1850112375,2.828427125
0,1800,0.8,1251,2.67,0.1859478674,3.464101615
0,1800,0.8,1251,2.68,0.1891228162,2.828427125
0,1800,0.8,1251,2.69,0.1677409163,2
0,1800,0.8,1251,2.71,0.1747029158,2.828427125
0,1800,0.8,1251,2.73,0.1727294826,2.828427125
0,1800,0.8,1251,2.75,0.1750122221,2.828427125
0,1800,0.8,1251,2.8,0.1658790613,2.828427125
0,1800,0.8,1251,2.82,0.165526547,2.828427125
0,1800,0.8,1251,2.89,0.1618938837,2.828427125
0,1800,0.8,1251,2.92,0.1643759868,2.828427125
0,1800,0.8,1251,3.03,0.1545343539,2
0,1800,0.8,1251,3.05,0.1484633838,2.828427125
0,1800,0.8,1251,3.08,0.1492476874,2.828427125
0,1800,0.8,1251,3.15,0.1459041191,2.828427125
0,1800,0.8,1251,3.23,0.1348995465,2.828427125
0,1800,0.85,1251,0.33,0.04871080174,1.414213562
0,1800,0.85,1251,0.39,0.04633334033,1.414213562
0,1800,0.85,1251,0.42,0.1459917647,1.414213562
0,1800,0.85,1251,0.51,0.07392436004,2
0,1800,0.85,1251,0.54,0.086228179,2
0,1800,0.85,1251,0.57,0.09415348748,2
0,1800,0.85,1251,0.66,0.07845009206,2.828427125
0,1800,0.85,1251,0.67,0.08577901108,1.414213562
0,1800,0.85,1251,0.77,0.08803698131,2.449489743
0,1800,0.85,1251,0.79,0.08159948216,2
0,1800,0.85,1251,0.84,0.08392896847,2
0,1800,0.85,1251,0.85,0.07665007084,1.414213562
0,1800,0.85,1251,0.88,0.0928570268,3.464101615
0,1800,0.85,1251,0.91,0.08817822623,2
0,1800,0.85,1251,0.93,0.07493137119,2
0,1800,0.85,1251,0.94,0.08398885559,2.828427125
0,1800,0.85,1251,0.99,0.08490445221,2.828427125
0,1800,0.85,1251,1,0.1136725939,1.414213562
0,1800,0.85,1251,1.02,0.09786733748,2
0,1800,0.85,1251,1.07,0.101952433,2
0,1800,0.85,1251,1.08,0.1035767411,2.828427125
0,1800,0.85,1251,1.11,0.1013945566,2.828427125
0,1800,0.85,1251,1.14,0.09913013253,2.828427125
0,1800,0.85,1251,1.15,0.09972923225,3.464101615
0,1800,0.85,1251,1.16,0.1180924722,1.414213562
0,1800,0.85,1251,1.19,0.09334607303,2.828427125
0,1800,0.85,1251,1.21,0.1232255994,2
0,1800,0.85,1251,1.24,0.1154027592,2
0,1800,0.85,1251,1.26,0.1143759295,2
0,1800,0.85,1251,1.27,0.1066962823,1.414213562
0,1800,0.85,1251,1.28,0.1144606578,2.828427125
0,1800,0.85,1251,1.31,0.1216278506,2.828427125
0,1800,0.85,1251,1.33,0.1096599221,4.69041576
0,1800,0.85,1251,1.34,0.1132493159,2
0,1800,0.85,1251,1.36,0.1061477602,2.828427125
0,1800,0.85,1251,1.37,0.11768483,2.828427125
0,1800,0.85,1251,1.39,0.124604518,2
0,1800,0.85,1251,1.4,0.1227954994,3.464101615
0,1800,0.85,1251,1.43,0.1376127625,2
0,1800,0.85,1251,1.44,0.1320581666,2
0,1800,0.85,1251,1.45,0.127478571,2.828427125
0,1800,0.85,1251,1.48,0.1289871736,4
0,1800,0.85,1251,1.49,0.1207761405,2
0,1800,0.85,1251,1.52,0.1265398992,4
0,1800,0.85,1251,1.53,0.1266408558,2
0,1800,0.85,1251,1.54,0.1241054365,2
0,1800,0.85,1251,1.55,0.1125156478,1.414213562
0,1800,0.85,1251,1.58,0.1397555273,4
0,1800,0.85,1251,1.59,0.1301756285,2.828427125
0,1800,0.85,1251,1.6,0.1338711421,2.828427125
0,1800,0.85,1251,1.61,0.1308396001,2.828427125
0,1800,0.85,1251,1.62,0.1476627244,2.828427125
0,1800,0.85,1251,1.63,0.1328920646,2.828427125
0,1800,0.85,1251,1.64,0.1271552515,2.828427125
0,1800,0.85,1251,1.66,0.1331544238,2.828427125
0,1800,0.85,1251,1.69,0.1408089574,2.449489743
0,1800,0.85,1251,1.72,0.1347788398,2.828427125
0,1800,0.85,1251,1.74,0.1429526783,3.464101615
0,1800,0.85,1251,1.75,0.1494683058,4
0,1800,0.85,1251,1.76,0.1470717454,3.464101615
0,1800,0.85,1251,1.77,0.1474926072,3.464101615
0,1800,0.85,1251,1.79,0.1483576081,2.828427125
0,1800,0.85,1251,1.8,0.1521642778,2.828427125
0,1800,0.85,1251,1.82,0.1569148707,3.464101615
0,1800,0.85,1251,1.84,0.1500108961,4
0,1800,0.85,1251,1.86,0.1464085741,3.464101615
0,1800,0.85,1251,1.88,0.1452421112,2.828427125
0,1800,0.85,1251,1.89,0.1442850331,4.898979486
0,1800,0.85,1251,1.96,0.1601814318,3.464101615
0,1800,0.85,1251,1.98,0.1566609314,2.828427125
0,1800,0.85,1251,1.99,0.1584890309,2.828427125
0,1800,0.85,1251,2,0.1535149555,4.472135955
0,1800,0.85,1251,2.03,0.150735075,4
0,1800,0.85,1251,2.04,0.1575510488,2
0,1800,0.85,1251,2.05,0.1462692909,2
0,1800,0.85,1251,2.08,0.1581077144,2.828427125
0,1800,0.85,1251,2.09,0.1512169593,2.828427125
0,1800,0.85,1251,2.11,0.1614975507,4
0,1800,0.85,1251,2.15,0.1551722414,2
0,1800,0.85,1251,2.16,0.1498815956,2.828427125
0,1800,0.85,1251,2.18,0.1589570108,2.828427125
0,1800,0.85,1251,2.19,0.1572087321,2.828427125
0,1800,0.85,1251,2.21,0.1550675597,2.828427125
0,1800,0.85,1251,2.24,0.1537204127,2.828427125
0,1800,0.85,1251,2.28,0.1551935652,2.828427125
0,1800,0.85,1251,2.29,0.1455790647,3.464101615
0,1800,0.85,1251,2.32,0.1561370095,2.828427125
0,1800,0.85,1251,2.39,0.150136444,2.828427125
0,1800,0.85,1251,2.4,0.1578580392,2.828427125
0,1800,0.85,1251,2.45,0.1423655452,2.828427125
0,1800,0.85,1251,2.5,0.1437255674,2.828427125
0,1800,0.85,1251,2.65,0.1393318249,2.828427125
0,1800,0.9,1251,0.33,0.6442498483,1.414213562
0,1800,0.9,1251,0.39,0.1793966033,1.414213562
0,1800,0.9,1251,0.43,0.06619961378,1.414213562
0,1800,0.9,1251,0.51,0.07709434044,2
0,1800,0.9,1251,0.54,0.1622145604,2
0,1800,0.9,1251,0.58,0.1049894676,2
0,1800,0.9,1251,0.67,0.08519011421,3.16227766
0,1800,0.9,1251,0.77,0.05998690398,2.449489743
0,1800,0.9,1251,0.79,0.05717708896,2
0,1800,0.9,1251,0.84,0.06541326267,2
0,1800,0.9,1251,0.86,0.05321252201,1.414213562
0,1800,0.9,1251,0.88,0.06255213176,3.464101615
0,1800,0.9,1251,0.92,0.05656913611,2
0,1800,0.9,1251,0.94,0.07419095321,3.464101615
0,1800,0.9,1251,1,0.07814887647,3.16227766
0,1800,0.9,1251,1.02,0.08249498563,2
0,1800,0.9,1251,1.07,0.05924582554,2
0,1800,0.9,1251,1.09,0.06447542902,2.828427125
0,1800,0.9,1251,1.11,0.07230130166,2.828427125
0,1800,0.9,1251,1.15,0.07187729195,3.464101615
0,1800,0.9,1251,1.16,0.06574660056,3.16227766
0,1800,0.9,1251,1.2,0.0680062921,3.464101615
0,1800,0.9,1251,1.23,0.0877825069,2
0,1800,0.9,1251,1.26,0.06183068574,2
0,1800,0.9,1251,1.28,0.07368060737,3.16227766
0,1800,0.9,1251,1.32,0.06704019522,2
0,1800,0.9,1251,1.33,0.07483411399,3.464101615
0,1800,0.9,1251,1.34,0.08247354739,4.242640687
0,1800,0.9,1251,1.37,0.08324091753,2.828427125
0,1800,0.9,1251,1.38,0.08331114369,2.828427125
0,1800,0.9,1251,1.39,0.07106778957,2
0,1800,0.9,1251,1.4,0.07993057825,3.464101615
0,1800,0.9,1251,1.44,0.08276265633,2
0,1800,0.9,1251,1.45,0.08133523475,3.464101615
0,1800,0.9,1251,1.48,0.09418544204,2.828427125
0,1800,0.9,1251,1.5,0.0873665034,3.464101615
0,1800,0.9,1251,1.53,0.07224976711,3.464101615
0,1800,0.9,1251,1.54,0.09160286003,3.741657387
0,1800,0.9,1251,1.58,0.09076527597,2
0,1800,0.9,1251,1.59,0.08396659907,4.472135955
0,1800,0.9,1251,1.6,0.1021313446,3.464101615
0,1800,0.9,1251,1.63,0.09296557999,3.464101615
0,1800,0.9,1251,1.64,0.08394065932,4
0,1800,0.9,1251,1.67,0.08567916937,2.828427125
0,1800,0.9,1251,1.68,0.08973492697,2
0,1800,0.9,1251,1.71,0.08169811073,1.414213562
0,1800,0.9,1251,1.73,0.08385647276,2
0,1800,0.9,1251,1.74,0.08301563859,2.828427125
0,1800,0.9,1251,1.75,0.08868066318,3.464101615
0,1800,0.9,1251,1.76,0.09131795341,4.472135955
0,1800,0.9,1251,1.77,0.08610582966,2.828427125
0,1800,0.9,1251,1.79,0.09113643906,2.828427125
0,1800,0.9,1251,1.8,0.08771106465,4
0,1800,0.9,1251,1.82,0.09156112507,2.828427125
0,1800,0.9,1251,1.84,0.09613938407,2.828427125
0,1800,0.9,1251,1.85,0.09890760148,3.464101615
0,1800,0.9,1251,1.88,0.08717514865,3.464101615
0,1800,0.9,1251,1.89,0.09774876222,4.898979486
0,1800,0.9,1251,1.91,0.08851975987,2.828427125
0,1800,0.9,1251,1.96,0.09487223212,2.828427125
0,1800,0.9,1251,1.98,0.0888733966,2
0,1800,0.9,1251,1.99,0.09178534066,2.828427125
0,1800,0.9,1251,2,0.1226314303,2.828427125
0,1800,0.9,1251,2.01,0.09345350306,3.464101615
0,1800,0.9,1251,2.02,0.09828415472,2.828427125
0,1800,0.9,1251,2.03,0.09407485756,2.828427125
0,1800,0.9,1251,2.04,0.1025658531,3.464101615
0,1800,0.9,1251,2.07,0.1027031156,2
0,1800,0.9,1251,2.09,0.08958473147,4
0,1800,0.9,1251,2.12,0.09599525123,2.828427125
0,1800,0.9,1251,2.13,0.09866380382,2.828427125
0,1800,0.9,1251,2.17,0.09741145236,3.464101615
0,1800,0.9,1251,2.19,0.1030256578,2.828427125
0,1800,0.9,1251,2.21,0.09642861549,4
0,1800,0.9,1251,2.24,0.1099813985,2.828427125
0,1800,0.9,1251,2.3,0.1143794642,2.828427125
0,1800,0.9,1251,2.31,0.1062077964,3.464101615
0,1800,0.9,1251,2.33,0.1018750629,2.828427125
0,1800,0.9,1251,2.4,0.1059745311,2.828427125
0,1800,0.9,1251,2.41,0.1072025231,2.828427125
0,1800,0.9,1251,2.46,0.1006171183,2.828427125
0,1800,0.9,1251,2.51,0.1032637281,2.828427125
0,1800,0.9,1251,2.66,0.09850306699,2.828427125
10,1800,0.1,1251,0.28,0.05175237202,1.414213562
10,1800,0.1,1251,0.43,0.01955396706,1.414213562
10,1800,0.1,1251,0.5,0.04899547126,1.414213562
10,1800,0.1,1251,0.51,0.06431272743,2
10,1800,0.1,1251,0.55,0.07262364446,1.414213562
10,1800,0.1,1251,0.57,0.0702526244,2
10,1800,0.1,1251,0.66,0.09627954699,2
10,1800,0.1,1251,0.7,0.07472790636,2
10,1800,0.1,1251,0.72,0.06191463656,2.828427125
10,1800,0.1,1251,0.75,0.07120058559,2
10,1800,0.1,1251,0.83,0.06429396962,1.414213562
10,1800,0.1,1251,0.86,0.06162001539,3.16227766
10,1800,0.1,1251,0.9,0.05859890459,2
10,1800,0.1,1251,0.93,0.05645738573,2
10,1800,0.1,1251,0.97,0.07788675409,2
10,1800,0.1,1251,0.99,0.07849908687,2
10,1800,0.1,1251,1,0.07302764948,1.414213562
10,1800,0.1,1251,1.02,0.06698898104,2
10,1800,0.1,1251,1.03,0.06440902981,2.828427125
10,1800,0.1,1251,1.04,0.06754897962,2
10,1800,0.1,1251,1.06,0.06348183516,2.828427125
10,1800,0.1,1251,1.09,0.08102367138,2
10,1800,0.1,1251,1.11,0.05373461365,1.414213562
10,1800,0.1,1251,1.13,0.05824766271,2.828427125
10,1800,0.1,1251,1.14,0.06300562517,2.828427125
10,1800,0.1,1251,1.15,0.0545606942,2
10,1800,0.1,1251,1.19,0.08038444392,2.828427125
10,1800,0.1,1251,1.21,0.07862623456,2
10,1800,0.1,1251,1.22,0.07503332736,2.828427125
10,1800,0.1,1251,1.29,0.07819246407,4.242640687
10,1800,0.1,1251,1.3,0.07212983541,2
10,1800,0.1,1251,1.32,0.08069082463,2.828427125
10,1800,0.1,1251,1.35,0.08891912917,2.828427125
10,1800,0.1,1251,1.37,0.07974335382,2.828427125
10,1800,0.1,1251,1.38,0.0784672445,2
10,1800,0.1,1251,1.4,0.08025675914,2.828427125
10,1800,0.1,1251,1.41,0.07537619732,2.828427125
10,1800,0.1,1251,1.43,0.09258008747,2.828427125
10,1800,0.1,1251,1.49,0.08827599581,4.472135955
10,1800,0.1,1251,1.51,0.07296795295,1.414213562
10,1800,0.1,1251,1.53,0.08260035745,2.828427125
10,1800,0.1,1251,1.55,0.08921317376,2.828427125
10,1800,0.1,1251,1.56,0.08688618497,2.828427125
10,1800,0.1,1251,1.57,0.0733185371,2
10,1800,0.1,1251,1.59,0.08293122194,2.828427125
10,1800,0.1,1251,1.61,0.08484116575,3.464101615
10,1800,0.1,1251,1.63,0.1026298817,2
10,1800,0.1,1251,1.66,0.08572942611,4
10,1800,0.1,1251,1.7,0.07895770278,2
10,1800,0.1,1251,1.72,0.09224929112,4.69041576
10,1800,0.1,1251,1.73,0.0870689296,2
10,1800,0.1,1251,1.74,0.09793815052,2
10,1800,0.1,1251,1.76,0.09479220533,2.828427125
10,1800,0.1,1251,1.77,0.09823202824,4
10,1800,0.1,1251,1.79,0.07946907617,2
10,1800,0.1,1251,1.8,0.09163857532,2
10,1800,0.1,1251,1.81,0.08957215158,2.828427125
10,1800,0.1,1251,1.82,0.08916941827,2.828427125
10,1800,0.1,1251,1.83,0.09468965381,2.828427125
10,1800,0.1,1251,1.87,0.09641043071,3.464101615
10,1800,0.1,1251,1.91,0.08974581284,2
10,1800,0.1,1251,1.92,0.09946378059,4
10,1800,0.1,1251,1.97,0.09690769873,4
10,1800,0.1,1251,1.98,0.08524200236,2
10,1800,0.1,1251,1.99,0.09926339353,2
10,1800,0.1,1251,2,0.1034521774,2.828427125
10,1800,0.1,1251,2.01,0.09295491687,3.16227766
10,1800,0.1,1251,2.03,0.1089194099,2
10,1800,0.1,1251,2.04,0.08860248285,2
10,1800,0.1,1251,2.05,0.1142121634,2
10,1800,0.1,1251,2.06,0.1014182602,4.898979486
10,1800,0.1,1251,2.07,0.09556353801,2.828427125
10,1800,0.1,1251,2.08,0.09718388273,2
10,1800,0.1,1251,2.1,0.1006305991,2.828427125
10,1800,0.1,1251,2.13,0.09579788389,2.828427125
10,1800,0.1,1251,2.15,0.1056513581,4
10,1800,0.1,1251,2.17,0.09481807864,2
10,1800,0.1,1251,2.18,0.1033338718,2
10,1800,0.1,1251,2.2,0.09476422722,2.828427125
10,1800,0.1,1251,2.22,0.09828560825,2.828427125
10,1800,0.1,1251,2.25,0.09555001458,2.828427125
10,1800,0.1,1251,2.27,0.1018046006,2.828427125
10,1800,0.1,1251,2.28,0.1044538522,3.464101615
10,1800,0.1,1251,2.29,0.1010757933,2
10,1800,0.1,1251,2.3,0.1029565967,2.828427125
10,1800,0.1,1251,2.33,0.1015924265,2.828427125
10,1800,0.1,1251,2.34,0.1034325021,2.828427125
10,1800,0.1,1251,2.35,0.1051138671,2.828427125
10,1800,0.1,1251,2.39,0.09889988307,2
10,1800,0.1,1251,2.4,0.09518098476,2.828427125
10,1800,0.1,1251,2.43,0.1030164035,2.828427125
10,1800,0.1,1251,2.45,0.1042237015,4
10,1800,0.1,1251,2.53,0.1013985311,2.828427125
10,1800,0.1,1251,2.54,0.0981255147,2.828427125
10,1800,0.1,1251,2.63,0.09884466653,2.828427125
10,1800,0.1,1251,2.64,0.1154653754,2
10,1800,0.1,1251,2.66,0.1095933044,2.828427125
10,1800,0.1,1251,2.7,0.1023645554,2.828427125
10,1800,0.1,1251,2.77,0.11510918,2.828427125
10,1800,0.1,1251,2.86,0.113810821,2.828427125
10,1800,0.2,1251,0.51,0.0646261888,1.414213562
10,1800,0.2,1251,0.52,0.06253677037,1.414213562
10,1800,0.2,1251,0.54,0.05186721013,1.414213562
10,1800,0.2,1251,0.73,0.06851546069,2
10,1800,0.2,1251,0.74,0.07329121679,2
10,1800,0.2,1251,0.75,0.08228558328,2
10,1800,0.2,1251,0.91,0.08156612883,2.828427125
10,1800,0.2,1251,1.03,0.1252700344,1.414213562
10,1800,0.2,1251,1.04,0.06635962904,1.414213562
10,1800,0.2,1251,1.08,0.07884833433,1.414213562
10,1800,0.2,1251,1.15,0.09837347529,2
10,1800,0.2,1251,1.16,0.08896171871,2.828427125
10,1800,0.2,1251,1.17,0.09242823626,2
10,1800,0.2,1251,1.19,0.1002954873,2
10,1800,0.2,1251,1.2,0.1008005085,2
10,1800,0.2,1251,1.27,0.100405078,2.828427125
10,1800,0.2,1251,1.28,0.09521771541,2.828427125
10,1800,0.2,1251,1.3,0.08449335999,2.828427125
10,1800,0.2,1251,1.46,0.1129867651,2
10,1800,0.2,1251,1.49,0.1204089701,2
10,1800,0.2,1251,1.5,0.1197289759,2
10,1800,0.2,1251,1.54,0.1546196495,1.414213562
10,1800,0.2,1251,1.56,0.1402234112,3.16227766
10,1800,0.2,1251,1.58,0.1415016698,4
10,1800,0.2,1251,1.61,0.1602877706,1.414213562
10,1800,0.2,1251,1.63,0.135364067,2.828427125
10,1800,0.2,1251,1.65,0.1360258038,2.828427125
10,1800,0.2,1251,1.69,0.1484329903,2
10,1800,0.2,1251,1.7,0.1226652002,2
10,1800,0.2,1251,1.71,0.1239373384,2.828427125
10,1800,0.2,1251,1.73,0.1655180328,2.828427125
10,1800,0.2,1251,1.77,0.1787012517,2.828427125
10,1800,0.2,1251,1.82,0.1847762332,2.828427125
10,1800,0.2,1251,1.86,0.1442080564,2
10,1800,0.2,1251,1.87,0.205126505,2
10,1800,0.2,1251,1.88,0.205943028,2
10,1800,0.2,1251,1.9,0.1801456125,2
10,1800,0.2,1251,1.91,0.1956294041,2
10,1800,0.2,1251,1.92,0.1650527708,2
10,1800,0.2,1251,1.94,0.1848408142,2.828427125
10,1800,0.2,1251,1.95,0.1825575957,4
10,1800,0.2,1251,1.97,0.2017687093,2.828427125
10,1800,0.2,1251,1.98,0.1962703355,2.828427125
10,1800,0.2,1251,1.99,0.1893467717,2.828427125
10,1800,0.2,1251,2.05,0.1893305876,1.414213562
10,1800,0.2,1251,2.09,0.1909854633,1.414213562
10,1800,0.2,1251,2.12,0.2222477021,2.828427125
10,1800,0.2,1251,2.15,0.1967251504,4.242640687
10,1800,0.2,1251,2.16,0.2165863756,2.828427125
10,1800,0.2,1251,2.18,0.1984417733,2.828427125
10,1800,0.2,1251,2.19,0.2186335783,2.828427125
10,1800,0.2,1251,2.2,0.1927786611,2
10,1800,0.2,1251,2.21,0.2138797603,2.828427125
10,1800,0.2,1251,2.22,0.1984947417,2.828427125
10,1800,0.2,1251,2.23,0.1932421995,2
10,1800,0.2,1251,2.25,0.2107936706,2
10,1800,0.2,1251,2.26,0.2161900013,2.828427125
10,1800,0.2,1251,2.27,0.2343426622,2.828427125
10,1800,0.2,1251,2.29,0.2242301159,2.828427125
10,1800,0.2,1251,2.3,0.2116246932,2
10,1800,0.2,1251,2.31,0.2209464417,2.828427125
10,1800,0.2,1251,2.32,0.2407668521,2
10,1800,0.2,1251,2.33,0.1949967189,2
10,1800,0.2,1251,2.35,0.2063259105,2
10,1800,0.2,1251,2.37,0.2123601917,2.828427125
10,1800,0.2,1251,2.38,0.2190002504,3.464101615
10,1800,0.2,1251,2.39,0.2248260486,3.464101615
10,1800,0.2,1251,2.4,0.2097399028,2.828427125
10,1800,0.2,1251,2.44,0.2115764564,4
10,1800,0.2,1251,2.45,0.222964715,2.828427125
10,1800,0.2,1251,2.46,0.2059240824,2.828427125
10,1800,0.2,1251,2.47,0.241414104,2.828427125
10,1800,0.2,1251,2.54,0.2379329597,2.828427125
10,1800,0.2,1251,2.56,0.227120981,2.828427125
10,1800,0.2,1251,2.58,0.2413698602,2
10,1800,0.2,1251,2.59,0.2504994185,2
10,1800,0.2,1251,2.6,0.2352029527,2.828427125
10,1800,0.2,1251,2.61,0.2181499833,2
10,1800,0.2,1251,2.64,0.2221697619,3.464101615
10,1800,0.2,1251,2.65,0.2257400257,3.464101615
10,1800,0.2,1251,2.66,0.2389250953,3.464101615
10,1800,0.2,1251,2.69,0.2136438964,2.828427125
10,1800,0.2,1251,2.7,0.2164741405,2.828427125
10,1800,0.2,1251,2.71,0.2293891923,2.828427125
10,1800,0.2,1251,2.72,0.2171863051,2.828427125
10,1800,0.2,1251,2.8,0.2076161871,2.828427125
10,1800,0.2,1251,2.81,0.2127752955,4
10,1800,0.2,1251,2.83,0.2196182186,2.828427125
10,1800,0.2,1251,2.84,0.2119816378,2.828427125
10,1800,0.2,1251,2.85,0.219494864,2.828427125
10,1800,0.2,1251,2.93,0.2092773133,2
10,1800,0.2,1251,2.97,0.1955210585,2
10,1800,0.2,1251,2.98,0.193955089,2.828427125
10,1800,0.2,1251,3,0.2131929022,2
10,1800,0.2,1251,3.02,0.1585627466,2.828427125
10,1800,0.2,1251,3.04,0.1637400875,4
10,1800,0.2,1251,3.05,0.164519282,2.828427125
10,1800,0.2,1251,3.07,0.1520276012,2.828427125
10,1800,0.2,1251,3.12,0.1407205648,2.828427125
10,1800,0.2,1251,3.15,0.1335372437,2.828427125
10,1800,0.2,1251,3.17,0.1294015995,2.828427125
10,1800,0.2,1251,3.34,0.1038548527,2.828427125
10,1800,0.2,1251,3.36,0.1139204423,2.828427125
10,1800,0.2,1251,3.37,0.1108707797,2.828427125
10,1800,0.2,1251,3.63,0.1065748069,2.828427125
10,1800,0.3,1251,0.34,0.051263036,1.414213562
10,1800,0.3,1251,0.41,0.0318845599,1.414213562
10,1800,0.3,1251,0.5,0.07042047812,1.414213562
10,1800,0.3,1251,0.53,0.05708447804,2
10,1800,0.3,1251,0.6,0.05034166048,2
10,1800,0.3,1251,0.64,0.06119250392,2
10,1800,0.3,1251,0.68,0.05218127604,1.414213562
10,1800,0.3,1251,0.73,0.0685423335,2.828427125
10,1800,0.3,1251,0.79,0.05096827627,2
10,1800,0.3,1251,0.82,0.07324364412,1.414213562
10,1800,0.3,1251,0.84,0.06487298137,2
10,1800,0.3,1251,0.89,0.07758700139,2
10,1800,0.3,1251,0.94,0.07235903386,2.828427125
10,1800,0.3,1251,0.96,0.07058898705,2
10,1800,0.3,1251,0.99,0.07740537355,1.414213562
10,1800,0.3,1251,1.02,0.07383465497,3.16227766
10,1800,0.3,1251,1.05,0.08320310397,2
10,1800,0.3,1251,1.06,0.08805414297,2
10,1800,0.3,1251,1.07,0.07635923024,2
10,1800,0.3,1251,1.1,0.07293335157,2
10,1800,0.3,1251,1.12,0.07684877743,2.828427125
10,1800,0.3,1251,1.13,0.08054570484,2
10,1800,0.3,1251,1.17,0.1061722899,2.828427125
10,1800,0.3,1251,1.2,0.1025921075,3.464101615
10,1800,0.3,1251,1.23,0.1085942738,1.414213562
10,1800,0.3,1251,1.27,0.1168142583,2.828427125
10,1800,0.3,1251,1.28,0.0980095969,2
10,1800,0.3,1251,1.29,0.1219440764,2
10,1800,0.3,1251,1.31,0.1155601656,2
10,1800,0.3,1251,1.33,0.1166850186,3.464101615
10,1800,0.3,1251,1.36,0.1231502185,1.414213562
10,1800,0.3,1251,1.37,0.1201634414,2.828427125
10,1800,0.3,1251,1.4,0.1405500595,3.464101615
10,1800,0.3,1251,1.42,0.1226256257,2.828427125
10,1800,0.3,1251,1.45,0.1339039892,3.464101615
10,1800,0.3,1251,1.48,0.1253107759,2.828427125
10,1800,0.3,1251,1.49,0.1333744775,3.16227766
10,1800,0.3,1251,1.5,0.1421221156,2.828427125
10,1800,0.3,1251,1.52,0.2049963876,2
10,1800,0.3,1251,1.54,0.1501196692,2
10,1800,0.3,1251,1.58,0.1524109436,3.464101615
10,1800,0.3,1251,1.59,0.1432451535,2
10,1800,0.3,1251,1.6,0.1381792577,2
10,1800,0.3,1251,1.61,0.1765805354,2.828427125
10,1800,0.3,1251,1.63,0.1567475511,2
10,1800,0.3,1251,1.64,0.1807445478,3.16227766
10,1800,0.3,1251,1.66,0.198091738,2.828427125
10,1800,0.3,1251,1.67,0.1883898994,3.464101615
10,1800,0.3,1251,1.68,0.1767132811,3.464101615
10,1800,0.3,1251,1.7,0.2063208115,2
10,1800,0.3,1251,1.71,0.1665302414,2
10,1800,0.3,1251,1.72,0.2068036937,2.828427125
10,1800,0.3,1251,1.73,0.200232276,4
10,1800,0.3,1251,1.75,0.2198930357,2.828427125
10,1800,0.3,1251,1.77,0.2032932661,2
10,1800,0.3,1251,1.8,0.1695478234,2
10,1800,0.3,1251,1.83,0.2344725614,3.464101615
10,1800,0.3,1251,1.84,0.2593542167,2.828427125
10,1800,0.3,1251,1.85,0.2341015707,2.828427125
10,1800,0.3,1251,1.87,0.210315482,2.828427125
10,1800,0.3,1251,1.88,0.2351143353,2.828427125
10,1800,0.3,1251,1.9,0.2236004788,2.828427125
10,1800,0.3,1251,1.92,0.2248571661,2
10,1800,0.3,1251,1.93,0.244268215,2.828427125
10,1800,0.3,1251,1.95,0.2494035001,2.828427125
10,1800,0.3,1251,1.96,0.2645119741,2.828427125
10,1800,0.3,1251,1.98,0.2987228163,3.16227766
10,1800,0.3,1251,1.99,0.275675104,2.828427125
10,1800,0.3,1251,2.01,0.2987248078,2.828427125
10,1800,0.3,1251,2.02,0.3086117221,2
10,1800,0.3,1251,2.03,0.2481955614,2.828427125
10,1800,0.3,1251,2.04,0.3074432644,2.828427125
10,1800,0.3,1251,2.05,0.3001239552,4
10,1800,0.3,1251,2.08,0.3215433449,2.828427125
10,1800,0.3,1251,2.09,0.2892874029,2
10,1800,0.3,1251,2.13,0.313812072,3.464101615
10,1800,0.3,1251,2.14,0.3348355579,2
10,1800,0.3,1251,2.17,0.3328036642,4.898979486
10,1800,0.3,1251,2.18,0.2880848977,2.828427125
10,1800,0.3,1251,2.19,0.2903640725,2.828427125
10,1800,0.3,1251,2.21,0.3176410412,2
10,1800,0.3,1251,2.23,0.4071752309,2
10,1800,0.3,1251,2.24,0.3201018787,2.828427125
10,1800,0.3,1251,2.25,0.279156144,2.828427125
10,1800,0.3,1251,2.26,0.3754035664,2.828427125
10,1800,0.3,1251,2.31,0.3495242655,2.828427125
10,1800,0.3,1251,2.33,0.3517430034,2
10,1800,0.3,1251,2.35,0.31335476,2.828427125
10,1800,0.3,1251,2.36,0.3203427727,4
10,1800,0.3,1251,2.37,0.3417646525,2.828427125
10,1800,0.3,1251,2.4,0.3010227852,2
10,1800,0.3,1251,2.43,0.331901177,2.828427125
10,1800,0.3,1251,2.44,0.3319356083,4
10,1800,0.3,1251,2.54,0.3038660491,4
10,1800,0.3,1251,2.57,0.3277418876,2
10,1800,0.3,1251,2.59,0.3303610662,2.828427125
10,1800,0.3,1251,2.6,0.3524593533,2.828427125
10,1800,0.3,1251,2.66,0.2937181258,2.828427125
10,1800,0.3,1251,2.7,0.2983262377,2.828427125
10,1800,0.3,1251,2.77,0.3036002275,2.828427125
10,1800,0.3,1251,2.91,0.283230628,2.828427125
10,1800,0.4,1251,0.36,0.04722574909,1.414213562
10,1800,0.4,1251,0.4,0.05062613794,1.414213562
10,1800,0.4,1251,0.51,0.03605812333,1.414213562
10,1800,0.4,1251,0.54,0.04027149989,2
10,1800,0.4,1251,0.63,0.05482102299,2
10,1800,0.4,1251,0.65,0.04704353597,2
10,1800,0.4,1251,0.73,0.03991594756,1.414213562
10,1800,0.4,1251,0.74,0.04236687541,2.828427125
10,1800,0.4,1251,0.79,0.06422541328,1.414213562
10,1800,0.4,1251,0.83,0.05683747571,2
10,1800,0.4,1251,0.87,0.053418165,2
10,1800,0.4,1251,0.89,0.06082842343,2
10,1800,0.4,1251,0.95,0.08393903418,2
10,1800,0.4,1251,0.97,0.06553825488,2.828427125
10,1800,0.4,1251,1.01,0.0803024464,2.828427125
10,1800,0.4,1251,1.03,0.07033310712,1.414213562
10,1800,0.4,1251,1.07,0.09663194094,2
10,1800,0.4,1251,1.09,0.0891908112,2.449489743
10,1800,0.4,1251,1.1,0.08257746437,2
10,1800,0.4,1251,1.16,0.09158603643,3.464101615
10,1800,0.4,1251,1.19,0.08213038423,3.16227766
10,1800,0.4,1251,1.2,0.08111021196,2
10,1800,0.4,1251,1.24,0.09838444808,2
10,1800,0.4,1251,1.26,0.09114349127,2
10,1800,0.4,1251,1.27,0.1112179384,2.828427125
10,1800,0.4,1251,1.3,0.09856557277,2.828427125
10,1800,0.4,1251,1.32,0.1115358587,2.828427125
10,1800,0.4,1251,1.35,0.1126135585,4.472135955
10,1800,0.4,1251,1.39,0.138871148,2
10,1800,0.4,1251,1.44,0.1299411443,2.828427125
10,1800,0.4,1251,1.45,0.1385885915,1.414213562
10,1800,0.4,1251,1.49,0.1453685348,4
10,1800,0.4,1251,1.5,0.1367236881,2.828427125
10,1800,0.4,1251,1.54,0.1298722136,2.449489743
10,1800,0.4,1251,1.55,0.1478999833,2.828427125
10,1800,0.4,1251,1.57,0.169901271,2
10,1800,0.4,1251,1.59,0.1865631343,4.242640687
10,1800,0.4,1251,1.61,0.1801137912,3.464101615
10,1800,0.4,1251,1.63,0.1901158907,2
10,1800,0.4,1251,1.64,0.2064436006,2.828427125
10,1800,0.4,1251,1.65,0.2057356396,2
10,1800,0.4,1251,1.67,0.2045533054,2
10,1800,0.4,1251,1.69,0.2171251082,2.828427125
10,1800,0.4,1251,1.7,0.20271519,2.828427125
10,1800,0.4,1251,1.71,0.2060943644,3.464101615
10,1800,0.4,1251,1.73,0.2117250881,4
10,1800,0.4,1251,1.74,0.2120919668,2.828427125
10,1800,0.4,1251,1.75,0.2454915873,2.828427125
10,1800,0.4,1251,1.77,0.2209092781,2.828427125
10,1800,0.4,1251,1.78,0.2717556675,2
10,1800,0.4,1251,1.82,0.2543026974,4
10,1800,0.4,1251,1.88,0.2819023785,3.464101615
10,1800,0.4,1251,1.89,0.321129791,2.828427125
10,1800,0.4,1251,1.91,0.2806954895,2.828427125
10,1800,0.4,1251,1.92,0.2930274349,2
10,1800,0.4,1251,1.93,0.2937546247,4
10,1800,0.4,1251,1.95,0.3282105581,4.472135955
10,1800,0.4,1251,1.98,0.3582300729,2.828427125
10,1800,0.4,1251,1.99,0.3874814932,2.828427125
10,1800,0.4,1251,2.03,0.34084333,2.828427125
10,1800,0.4,1251,2.05,0.3866449861,2.828427125
10,1800,0.4,1251,2.06,0.406272598,1.414213562
10,1800,0.4,1251,2.08,0.3490267204,2.828427125
10,1800,0.4,1251,2.09,0.3984975652,2
10,1800,0.4,1251,2.1,0.3764560526,2
10,1800,0.4,1251,2.12,0.4338416614,2
10,1800,0.4,1251,2.13,0.3635427069,2.828427125
10,1800,0.4,1251,2.14,0.3882180783,2.828427125
10,1800,0.4,1251,2.15,0.3365486523,2
10,1800,0.4,1251,2.16,0.4305217514,2.828427125
10,1800,0.4,1251,2.18,0.4103931641,3.464101615
10,1800,0.4,1251,2.21,0.3861236941,4
10,1800,0.4,1251,2.22,0.4004506386,2.828427125
10,1800,0.4,1251,2.23,0.415861582,2.828427125
10,1800,0.4,1251,2.24,0.4199777737,4
10,1800,0.4,1251,2.26,0.3813659554,2.828427125
10,1800,0.4,1251,2.32,0.4198966157,2.828427125
10,1800,0.4,1251,2.33,0.4101696007,3.464101615
10,1800,0.4,1251,2.36,0.3926137867,2.828427125
10,1800,0.4,1251,2.38,0.3922680979,3.464101615
10,1800,0.4,1251,2.41,0.3865114094,2.828427125
10,1800,0.4,1251,2.43,0.3637349109,2.828427125
10,1800,0.4,1251,2.46,0.4035224283,2.828427125
10,1800,0.4,1251,2.47,0.3937384876,2.828427125
10,1800,0.4,1251,2.49,0.3549287434,2.828427125
10,1800,0.4,1251,2.52,0.3859605866,2
10,1800,0.4,1251,2.55,0.3938220141,2.828427125
10,1800,0.4,1251,2.6,0.345322019,2
10,1800,0.4,1251,2.62,0.363413084,4
10,1800,0.4,1251,2.64,0.320955542,2.828427125
10,1800,0.4,1251,2.65,0.3519753088,2.828427125
10,1800,0.4,1251,2.7,0.3447276922,2.828427125
10,1800,0.4,1251,2.79,0.2936685669,2.828427125
10,1800,0.4,1251,2.82,0.331751356,2.828427125
10,1800,0.4,1251,2.98,0.2637503032,2.828427125
10,1800,0.5,1251,0.37,0.02577164612,1.414213562
10,1800,0.5,1251,0.43,0.04074133264,1.414213562
10,1800,0.5,1251,0.44,0.06478186357,1.414213562
10,1800,0.5,1251,0.57,0.04094469614,2
10,1800,0.5,1251,0.58,0.06334080939,2
10,1800,0.5,1251,0.62,0.04281892577,2
10,1800,0.5,1251,0.72,0.05705101032,2.828427125
10,1800,0.5,1251,0.75,0.07080082154,1.414213562
10,1800,0.5,1251,0.86,0.06161207605,2.449489743
10,1800,0.5,1251,0.87,0.04908625733,2
10,1800,0.5,1251,0.89,0.07109036841,1.414213562
10,1800,0.5,1251,0.93,0.06747456546,2
10,1800,0.5,1251,0.96,0.0674823011,2.828427125
10,1800,0.5,1251,0.97,0.05706514368,2.828427125
10,1800,0.5,1251,0.99,0.06682042746,2
10,1800,0.5,1251,1.03,0.06718536308,2.828427125
10,1800,0.5,1251,1.05,0.06651490757,2.828427125
10,1800,0.5,1251,1.12,0.07574802278,1.414213562
10,1800,0.5,1251,1.14,0.08151563941,2
10,1800,0.5,1251,1.16,0.06870333915,2
10,1800,0.5,1251,1.2,0.08518037581,2
10,1800,0.5,1251,1.21,0.08889337833,2
10,1800,0.5,1251,1.22,0.08850668185,2.828427125
10,1800,0.5,1251,1.23,0.08212700684,2
10,1800,0.5,1251,1.24,0.09789063754,2.828427125
10,1800,0.5,1251,1.28,0.1020053424,3.16227766
10,1800,0.5,1251,1.29,0.1034123757,2.828427125
10,1800,0.5,1251,1.33,0.1064134441,1.414213562
10,1800,0.5,1251,1.34,0.1336138681,2
10,1800,0.5,1251,1.36,0.1196639501,2
10,1800,0.5,1251,1.38,0.111628143,2
10,1800,0.5,1251,1.4,0.1221151192,2
10,1800,0.5,1251,1.41,0.1285901212,3.464101615
10,1800,0.5,1251,1.43,0.1160521228,2
10,1800,0.5,1251,1.44,0.132475293,2.828427125
10,1800,0.5,1251,1.45,0.1342921693,2.828427125
10,1800,0.5,1251,1.48,0.1664009113,2.828427125
10,1800,0.5,1251,1.49,0.1513251912,3.464101615
10,1800,0.5,1251,1.5,0.1364215309,1.414213562
10,1800,0.5,1251,1.53,0.160861424,2
10,1800,0.5,1251,1.55,0.1636161386,2.828427125
10,1800,0.5,1251,1.56,0.1623035024,3.464101615
10,1800,0.5,1251,1.58,0.1584078272,2
10,1800,0.5,1251,1.59,0.1784663177,2.828427125
10,1800,0.5,1251,1.6,0.1742947008,2.828427125
10,1800,0.5,1251,1.62,0.1798736599,2.828427125
10,1800,0.5,1251,1.63,0.1871576761,2.828427125
10,1800,0.5,1251,1.67,0.1906216906,2.828427125
10,1800,0.5,1251,1.71,0.2394538385,2.449489743
10,1800,0.5,1251,1.73,0.227699466,3.464101615
10,1800,0.5,1251,1.74,0.2219585597,2.828427125
10,1800,0.5,1251,1.75,0.2328937565,3.464101615
10,1800,0.5,1251,1.76,0.2350089352,2.828427125
10,1800,0.5,1251,1.77,0.2727927203,2
10,1800,0.5,1251,1.78,0.2644789479,3.16227766
10,1800,0.5,1251,1.79,0.2530652757,4
10,1800,0.5,1251,1.81,0.2707323741,2.828427125
10,1800,0.5,1251,1.82,0.3251774794,2
10,1800,0.5,1251,1.83,0.2831248948,2
10,1800,0.5,1251,1.85,0.3485622029,2
10,1800,0.5,1251,1.87,0.2932169883,3.464101615
10,1800,0.5,1251,1.89,0.3354329757,2.828427125
10,1800,0.5,1251,1.92,0.3338297789,4
10,1800,0.5,1251,1.93,0.3205888106,2.828427125
10,1800,0.5,1251,1.94,0.3185083292,4
10,1800,0.5,1251,1.96,0.3321089515,2.828427125
10,1800,0.5,1251,1.97,0.3597563515,4
10,1800,0.5,1251,2,0.3849967248,3.464101615
10,1800,0.5,1251,2.01,0.4148298041,2.828427125
10,1800,0.5,1251,2.02,0.3934264338,2.828427125
10,1800,0.5,1251,2.05,0.3517349365,3.464101615
10,1800,0.5,1251,2.07,0.3938556089,2.828427125
10,1800,0.5,1251,2.09,0.4631645436,2.828427125
10,1800,0.5,1251,2.1,0.3840378378,2
10,1800,0.5,1251,2.11,0.429495544,2.828427125
10,1800,0.5,1251,2.15,0.4086721539,2.828427125
10,1800,0.5,1251,2.16,0.4509103242,4
10,1800,0.5,1251,2.17,0.3799649932,2
10,1800,0.5,1251,2.18,0.4096265766,2.828427125
10,1800,0.5,1251,2.19,0.3779000643,2
10,1800,0.5,1251,2.2,0.4423118586,2.828427125
10,1800,0.5,1251,2.22,0.4601933805,2.828427125
10,1800,0.5,1251,2.23,0.4597906192,2.828427125
10,1800,0.5,1251,2.27,0.4554272479,3.464101615
10,1800,0.5,1251,2.29,0.4415861658,2.828427125
10,1800,0.5,1251,2.32,0.4641218887,4.472135955
10,1800,0.5,1251,2.36,0.4222202624,2.828427125
10,1800,0.5,1251,2.38,0.500897462,2.828427125
10,1800,0.5,1251,2.44,0.4272195867,4
10,1800,0.5,1251,2.46,0.4025578018,2.828427125
10,1800,0.5,1251,2.47,0.4231509257,2
10,1800,0.5,1251,2.48,0.4092819545,2.828427125
10,1800,0.5,1251,2.49,0.4256847328,2.828427125
10,1800,0.5,1251,2.58,0.4010707792,2.828427125
10,1800,0.5,1251,2.64,0.3968443929,2.828427125
10,1800,0.5,1251,2.65,0.3525874508,2.828427125
10,1800,0.5,1251,2.71,0.3160859665,2.828427125
10,1800,0.5,1251,2.89,0.3076784156,2.828427125
10,1800,0.6,1251,0.38,0.06957842068,1.414213562
10,1800,0.6,1251,0.44,0.03112500605,1.414213562
10,1800,0.6,1251,0.46,0.04462203534,1.414213562
10,1800,0.6,1251,0.58,0.07105695907,2
10,1800,0.6,1251,0.59,0.06067498608,2
10,1800,0.6,1251,0.63,0.06385652981,2
10,1800,0.6,1251,0.74,0.05963065371,2.828427125
10,1800,0.6,1251,0.76,0.06591106355,1.414213562
10,1800,0.6,1251,0.87,0.06817689895,2.449489743
10,1800,0.6,1251,0.88,0.05609551481,2
10,1800,0.6,1251,0.91,0.07737466331,1.414213562
10,1800,0.6,1251,0.95,0.0790703117,2
10,1800,0.6,1251,0.98,0.07455253858,3.464101615
10,1800,0.6,1251,0.99,0.07729523745,2
10,1800,0.6,1251,1.01,0.06942529966,2
10,1800,0.6,1251,1.05,0.07862766103,2.828427125
10,1800,0.6,1251,1.08,0.07563934868,2.828427125
10,1800,0.6,1251,1.14,0.08195717423,1.414213562
10,1800,0.6,1251,1.15,0.08408929425,2
10,1800,0.6,1251,1.18,0.09252681537,2
10,1800,0.6,1251,1.22,0.09701427967,2.828427125
10,1800,0.6,1251,1.24,0.09353388622,2.828427125
10,1800,0.6,1251,1.26,0.1012281472,3.464101615
10,1800,0.6,1251,1.3,0.1061415467,2.828427125
10,1800,0.6,1251,1.31,0.1038606508,1.414213562
10,1800,0.6,1251,1.32,0.103648894,2.828427125
10,1800,0.6,1251,1.36,0.1200755091,2
10,1800,0.6,1251,1.37,0.1175226646,1.414213562
10,1800,0.6,1251,1.38,0.1193239842,2
10,1800,0.6,1251,1.42,0.1302681156,2
10,1800,0.6,1251,1.43,0.1360535397,4
10,1800,0.6,1251,1.46,0.1165843952,2
10,1800,0.6,1251,1.47,0.1394808048,2.828427125
10,1800,0.6,1251,1.48,0.1411528677,2.828427125
10,1800,0.6,1251,1.5,0.1414222781,2.828427125
10,1800,0.6,1251,1.51,0.1562907544,2.449489743
10,1800,0.6,1251,1.52,0.1552515687,2.828427125
10,1800,0.6,1251,1.56,0.1665747489,2
10,1800,0.6,1251,1.57,0.1657028735,2
10,1800,0.6,1251,1.58,0.1725831204,3.464101615
10,1800,0.6,1251,1.59,0.1607769442,2
10,1800,0.6,1251,1.62,0.1771126966,3.464101615
10,1800,0.6,1251,1.64,0.1820951475,4
10,1800,0.6,1251,1.66,0.1933674059,2.828427125
10,1800,0.6,1251,1.7,0.2196017308,2.828427125
10,1800,0.6,1251,1.73,0.2353408981,2
10,1800,0.6,1251,1.74,0.2164031969,1.414213562
10,1800,0.6,1251,1.75,0.2178586294,2
10,1800,0.6,1251,1.76,0.2532538253,2.828427125
10,1800,0.6,1251,1.77,0.2496237711,2
10,1800,0.6,1251,1.78,0.2760710697,2.828427125
10,1800,0.6,1251,1.79,0.2576894964,4
10,1800,0.6,1251,1.8,0.2429650254,3.464101615
10,1800,0.6,1251,1.82,0.2721315292,3.16227766
10,1800,0.6,1251,1.83,0.2713962767,2.828427125
10,1800,0.6,1251,1.84,0.2680509864,2.828427125
10,1800,0.6,1251,1.86,0.3100205716,2
10,1800,0.6,1251,1.87,0.2853905809,2
10,1800,0.6,1251,1.89,0.3176469184,2
10,1800,0.6,1251,1.9,0.2963833965,2
10,1800,0.6,1251,1.91,0.2867685594,2.828427125
10,1800,0.6,1251,1.93,0.347411348,2.828427125
10,1800,0.6,1251,1.95,0.3513584889,2.828427125
10,1800,0.6,1251,1.96,0.342525997,2.828427125
10,1800,0.6,1251,1.97,0.3694778807,4
10,1800,0.6,1251,1.98,0.3699709119,2.828427125
10,1800,0.6,1251,2,0.3518023341,3.464101615
10,1800,0.6,1251,2.02,0.3808384203,3.464101615
10,1800,0.6,1251,2.04,0.3828520819,3.464101615
10,1800,0.6,1251,2.05,0.4028802539,4
10,1800,0.6,1251,2.08,0.4020886978,2
10,1800,0.6,1251,2.09,0.3677041046,2.828427125
10,1800,0.6,1251,2.11,0.3660214875,2.828427125
10,1800,0.6,1251,2.13,0.4232289664,2.828427125
10,1800,0.6,1251,2.15,0.3797328416,2
10,1800,0.6,1251,2.16,0.4088791193,2.828427125
10,1800,0.6,1251,2.19,0.4221272151,2.828427125
10,1800,0.6,1251,2.2,0.4107968062,2.828427125
10,1800,0.6,1251,2.21,0.438950832,3.464101615
10,1800,0.6,1251,2.22,0.4504240817,2.828427125
10,1800,0.6,1251,2.24,0.4673516978,2
10,1800,0.6,1251,2.25,0.3948462185,2.828427125
10,1800,0.6,1251,2.27,0.4211193271,4
10,1800,0.6,1251,2.31,0.4317319577,2
10,1800,0.6,1251,2.32,0.4289815528,2.828427125
10,1800,0.6,1251,2.34,0.4221023183,2.828427125
10,1800,0.6,1251,2.35,0.4390460782,2.828427125
10,1800,0.6,1251,2.37,0.3872476683,3.464101615
10,1800,0.6,1251,2.41,0.3832039074,2.828427125
10,1800,0.6,1251,2.42,0.4093912715,2.828427125
10,1800,0.6,1251,2.48,0.3958286764,2.828427125
10,1800,0.6,1251,2.49,0.3999590062,2.828427125
10,1800,0.6,1251,2.51,0.3706029121,2.828427125
10,1800,0.6,1251,2.52,0.379901828,3.464101615
10,1800,0.6,1251,2.55,0.3609457294,2.828427125
10,1800,0.6,1251,2.63,0.3165834707,2.828427125
10,1800,0.6,1251,2.68,0.3140659619,2.828427125
10,1800,0.6,1251,2.71,0.3134336376,2.828427125
10,1800,0.6,1251,2.76,0.3081133211,2.828427125
10,1800,0.6,1251,2.94,0.2471155256,2.828427125
10,1800,0.7,1251,0.41,0.07668641041,1.414213562
10,1800,0.7,1251,0.43,0.09303161102,1.414213562
10,1800,0.7,1251,0.44,0.08574560934,1.414213562
10,1800,0.7,1251,0.6,0.06514606216,2.828427125
10,1800,0.7,1251,0.61,0.0671791545,2
10,1800,0.7,1251,0.74,0.08039615871,2.828427125
10,1800,0.7,1251,0.83,0.07647023211,1.414213562
10,1800,0.7,1251,0.87,0.0929904292,2
10,1800,0.7,1251,0.93,0.08874506625,2
10,1800,0.7,1251,0.94,0.07541067619,2
10,1800,0.7,1251,0.96,0.0848058744,2
10,1800,0.7,1251,0.97,0.0863142319,2.828427125
10,1800,0.7,1251,0.98,0.07161499701,2
10,1800,0.7,1251,1.03,0.09155230687,2.828427125
10,1800,0.7,1251,1.05,0.09957884406,2.828427125
10,1800,0.7,1251,1.06,0.08896203151,2.828427125
10,1800,0.7,1251,1.2,0.1029778528,2.828427125
10,1800,0.7,1251,1.23,0.105983296,2
10,1800,0.7,1251,1.24,0.09030920795,1.414213562
10,1800,0.7,1251,1.27,0.1071559985,2.828427125
10,1800,0.7,1251,1.28,0.1113919062,2.828427125
10,1800,0.7,1251,1.3,0.1175288321,3.16227766
10,1800,0.7,1251,1.31,0.1054059178,2.449489743
10,1800,0.7,1251,1.32,0.1132981652,2
10,1800,0.7,1251,1.36,0.1370715259,2
10,1800,0.7,1251,1.37,0.129111212,2
10,1800,0.7,1251,1.38,0.114617385,4
10,1800,0.7,1251,1.43,0.1496992463,2.828427125
10,1800,0.7,1251,1.44,0.1331970363,2.828427125
10,1800,0.7,1251,1.48,0.1423471836,2.828427125
10,1800,0.7,1251,1.51,0.1378888876,2
10,1800,0.7,1251,1.52,0.1430868257,2
10,1800,0.7,1251,1.54,0.1596911174,2
10,1800,0.7,1251,1.55,0.1618210896,2
10,1800,0.7,1251,1.56,0.1822949126,2
10,1800,0.7,1251,1.57,0.1539718298,3.464101615
10,1800,0.7,1251,1.58,0.1656908101,2.828427125
10,1800,0.7,1251,1.6,0.1799668676,2.828427125
10,1800,0.7,1251,1.61,0.1778990073,2.828427125
10,1800,0.7,1251,1.62,0.1822541118,4
10,1800,0.7,1251,1.65,0.1902717225,1.414213562
10,1800,0.7,1251,1.71,0.2134937006,2.828427125
10,1800,0.7,1251,1.73,0.2048598201,1.414213562
10,1800,0.7,1251,1.75,0.2236881558,3.16227766
10,1800,0.7,1251,1.77,0.2177892034,4
10,1800,0.7,1251,1.78,0.2217098017,4
10,1800,0.7,1251,1.8,0.2275058994,3.464101615
10,1800,0.7,1251,1.81,0.2219516812,2
10,1800,0.7,1251,1.83,0.2567925307,2.828427125
10,1800,0.7,1251,1.84,0.274287728,2
10,1800,0.7,1251,1.85,0.2515663155,4
10,1800,0.7,1251,1.86,0.2418541073,2.828427125
10,1800,0.7,1251,1.87,0.2587440051,2.828427125
10,1800,0.7,1251,1.89,0.2665008086,2.828427125
10,1800,0.7,1251,1.92,0.2975146348,4.472135955
10,1800,0.7,1251,1.93,0.2671886808,2
10,1800,0.7,1251,1.94,0.2854419689,2
10,1800,0.7,1251,1.95,0.3155414886,2
10,1800,0.7,1251,1.97,0.3215097069,2.828427125
10,1800,0.7,1251,1.98,0.2890937297,4
10,1800,0.7,1251,1.99,0.3029177291,2.828427125
10,1800,0.7,1251,2,0.2974372589,4
10,1800,0.7,1251,2.02,0.3042245354,2.828427125
10,1800,0.7,1251,2.06,0.3366206518,2.828427125
10,1800,0.7,1251,2.1,0.3157043852,2
10,1800,0.7,1251,2.11,0.3418911915,3.464101615
10,1800,0.7,1251,2.12,0.3375637605,2.828427125
10,1800,0.7,1251,2.13,0.345098843,2
10,1800,0.7,1251,2.14,0.3113290145,2
10,1800,0.7,1251,2.15,0.3609429267,2.828427125
10,1800,0.7,1251,2.16,0.3482301185,2.828427125
10,1800,0.7,1251,2.17,0.3586794958,3.464101615
10,1800,0.7,1251,2.18,0.357520325,2
10,1800,0.7,1251,2.19,0.3560546162,2.828427125
10,1800,0.7,1251,2.21,0.3496785873,2.828427125
10,1800,0.7,1251,2.22,0.3331591102,4
10,1800,0.7,1251,2.28,0.333297359,4
10,1800,0.7,1251,2.3,0.3524025076,2.828427125
10,1800,0.7,1251,2.31,0.3292648414,2.828427125
10,1800,0.7,1251,2.32,0.3384704668,2.828427125
10,1800,0.7,1251,2.33,0.3286681486,2.828427125
10,1800,0.7,1251,2.39,0.3258466429,2
10,1800,0.7,1251,2.41,0.3047985568,2
10,1800,0.7,1251,2.43,0.3039708287,2.828427125
10,1800,0.7,1251,2.45,0.3097104989,2.828427125
10,1800,0.7,1251,2.46,0.2946654177,2
10,1800,0.7,1251,2.48,0.2945928703,2.828427125
10,1800,0.7,1251,2.49,0.3012249938,2.828427125
10,1800,0.7,1251,2.5,0.3122020554,2.828427125
10,1800,0.7,1251,2.51,0.3114808087,2.828427125
10,1800,0.7,1251,2.55,0.2876924434,2.828427125
10,1800,0.7,1251,2.56,0.2906929911,2.828427125
10,1800,0.7,1251,2.6,0.2786707863,2.828427125
10,1800,0.7,1251,2.73,0.252846615,4
10,1800,0.7,1251,2.76,0.2537199764,2.828427125
10,1800,0.7,1251,2.96,0.1998993725,2.828427125
10,1800,0.75,1251,0.35,0.08022503905,1.414213562
10,1800,0.75,1251,0.38,0.08375322906,1.414213562
10,1800,0.75,1251,0.44,0.06003425727,1.414213562
10,1800,0.75,1251,0.52,0.075559421,2
10,1800,0.75,1251,0.56,0.07354966727,2
10,1800,0.75,1251,0.58,0.1034949938,2
10,1800,0.75,1251,0.68,0.07937536787,2.828427125
10,1800,0.75,1251,0.71,0.07217598192,1.414213562
10,1800,0.75,1251,0.76,0.1019429092,1.414213562
10,1800,0.75,1251,0.8,0.07979070082,2
10,1800,0.75,1251,0.83,0.08609111306,2
10,1800,0.75,1251,0.84,0.09725646214,2
10,1800,0.75,1251,0.88,0.09261197261,2.449489743
10,1800,0.75,1251,0.91,0.08587089739,2.828427125
10,1800,0.75,1251,0.95,0.08539807951,3.464101615
10,1800,0.75,1251,0.96,0.0983171362,2
10,1800,0.75,1251,1.02,0.09351392751,2.828427125
10,1800,0.75,1251,1.04,0.08673970149,2
10,1800,0.75,1251,1.06,0.1282663825,1.414213562
10,1800,0.75,1251,1.12,0.1007344708,2
10,1800,0.75,1251,1.13,0.09008917865,3.464101615
10,1800,0.75,1251,1.14,0.1014566437,1.414213562
10,1800,0.75,1251,1.15,0.09963155856,2
10,1800,0.75,1251,1.16,0.09969155295,2
10,1800,0.75,1251,1.19,0.1132542814,3.464101615
10,1800,0.75,1251,1.21,0.1040540736,2.828427125
10,1800,0.75,1251,1.22,0.1133780468,3.464101615
10,1800,0.75,1251,1.27,0.1214314332,2.828427125
10,1800,0.75,1251,1.3,0.1291944779,2
10,1800,0.75,1251,1.32,0.09528224514,1.414213562
10,1800,0.75,1251,1.34,0.1150112857,2
10,1800,0.75,1251,1.36,0.1321781265,2.828427125
10,1800,0.75,1251,1.37,0.1187733745,2.828427125
10,1800,0.75,1251,1.38,0.1252704506,3.464101615
10,1800,0.75,1251,1.41,0.1358095117,3.16227766
10,1800,0.75,1251,1.42,0.1279183235,2.828427125
10,1800,0.75,1251,1.43,0.1230559226,2.828427125
10,1800,0.75,1251,1.44,0.1503730346,2
10,1800,0.75,1251,1.46,0.142848013,2
10,1800,0.75,1251,1.48,0.1454446107,3.464101615
10,1800,0.75,1251,1.5,0.163202094,2
10,1800,0.75,1251,1.52,0.1427062216,2.449489743
10,1800,0.75,1251,1.53,0.1582824355,2.828427125
10,1800,0.75,1251,1.54,0.1464692963,2.828427125
10,1800,0.75,1251,1.56,0.152754552,4
10,1800,0.75,1251,1.57,0.1474824128,2.828427125
10,1800,0.75,1251,1.58,0.178534418,2
10,1800,0.75,1251,1.6,0.1720782687,3.464101615
10,1800,0.75,1251,1.62,0.1670334397,4
10,1800,0.75,1251,1.66,0.1677919092,3.464101615
10,1800,0.75,1251,1.68,0.181874403,3.464101615
10,1800,0.75,1251,1.69,0.1710873973,2
10,1800,0.75,1251,1.71,0.1743436945,2.828427125
10,1800,0.75,1251,1.73,0.1907265153,4
10,1800,0.75,1251,1.74,0.2067269623,2
10,1800,0.75,1251,1.76,0.2001727976,2.449489743
10,1800,0.75,1251,1.78,0.204647614,2.828427125
10,1800,0.75,1251,1.79,0.2140816393,4.472135955
10,1800,0.75,1251,1.8,0.2103780268,2
10,1800,0.75,1251,1.81,0.2102896338,2
10,1800,0.75,1251,1.83,0.2155040872,4
10,1800,0.75,1251,1.85,0.2057304872,3.464101615
10,1800,0.75,1251,1.87,0.2571522429,2.828427125
10,1800,0.75,1251,1.88,0.2410158358,2.828427125
10,1800,0.75,1251,1.89,0.2404779763,2.828427125
10,1800,0.75,1251,1.9,0.2444874911,3.464101615
10,1800,0.75,1251,1.92,0.2566425341,2
10,1800,0.75,1251,1.93,0.261114759,3.464101615
10,1800,0.75,1251,1.95,0.2544423382,2.828427125
10,1800,0.75,1251,1.97,0.2715693077,2.828427125
10,1800,0.75,1251,2.01,0.258632532,2
10,1800,0.75,1251,2.02,0.2661015833,2.828427125
10,1800,0.75,1251,2.04,0.2605639957,4.898979486
10,1800,0.75,1251,2.05,0.2694957512,3.464101615
10,1800,0.75,1251,2.07,0.2688401871,2
10,1800,0.75,1251,2.08,0.2791000081,2.828427125
10,1800,0.75,1251,2.09,0.2685197798,2.828427125
10,1800,0.75,1251,2.1,0.2822973344,2
10,1800,0.75,1251,2.12,0.3090447097,2.828427125
10,1800,0.75,1251,2.13,0.2947815612,4
10,1800,0.75,1251,2.19,0.2866569135,2.828427125
10,1800,0.75,1251,2.21,0.3170393492,2.828427125
10,1800,0.75,1251,2.24,0.281677345,2.828427125
10,1800,0.75,1251,2.25,0.3009842969,2.828427125
10,1800,0.75,1251,2.26,0.2733093447,2
10,1800,0.75,1251,2.27,0.2781197447,2.828427125
10,1800,0.75,1251,2.29,0.2574577526,2.828427125
10,1800,0.75,1251,2.33,0.285776983,2
10,1800,0.75,1251,2.35,0.2801356408,4
10,1800,0.75,1251,2.38,0.2605531978,2.828427125
10,1800,0.75,1251,2.43,0.2831746493,2.828427125
10,1800,0.75,1251,2.46,0.27438348,2.828427125
10,1800,0.75,1251,2.53,0.2758221793,2.828427125
10,1800,0.75,1251,2.55,0.2448943089,2.828427125
10,1800,0.75,1251,2.72,0.2351561355,2.828427125
10,1800,0.8,1251,0.29,0.1036228229,1.414213562
10,1800,0.8,1251,0.55,0.05365105121,1.414213562
10,1800,0.8,1251,0.57,0.07106739658,1.414213562
10,1800,0.8,1251,0.58,0.08029242164,1.414213562
10,1800,0.8,1251,0.62,0.06878320109,2
10,1800,0.8,1251,0.64,0.0727804004,2
10,1800,0.8,1251,0.79,0.08602643861,2
10,1800,0.8,1251,0.8,0.06585407942,2
10,1800,0.8,1251,0.81,0.09342348721,2
10,1800,0.8,1251,0.84,0.08371374146,2.828427125
10,1800,0.8,1251,0.87,0.064979537,1.414213562
10,1800,0.8,1251,0.98,0.08154082323,2.828427125
10,1800,0.8,1251,1.03,0.08585927322,2
10,1800,0.8,1251,1.04,0.09831035641,2
10,1800,0.8,1251,1.09,0.08472442863,1.414213562
10,1800,0.8,1251,1.13,0.1010753695,2.449489743
10,1800,0.8,1251,1.16,0.1078551278,1.414213562
10,1800,0.8,1251,1.17,0.08685140789,2
10,1800,0.8,1251,1.18,0.115229216,2.828427125
10,1800,0.8,1251,1.23,0.0978426128,2
10,1800,0.8,1251,1.24,0.1047507218,2
10,1800,0.8,1251,1.26,0.1080664819,3.464101615
10,1800,0.8,1251,1.27,0.09154210463,2
10,1800,0.8,1251,1.29,0.1131170644,4
10,1800,0.8,1251,1.36,0.1122726572,2.828427125
10,1800,0.8,1251,1.38,0.1200472675,2.828427125
10,1800,0.8,1251,1.4,0.1121972277,2
10,1800,0.8,1251,1.41,0.1382740872,2.828427125
10,1800,0.8,1251,1.43,0.1134207219,2
10,1800,0.8,1251,1.51,0.1413537704,2.828427125
10,1800,0.8,1251,1.53,0.1258899311,2.828427125
10,1800,0.8,1251,1.57,0.150083712,2
10,1800,0.8,1251,1.6,0.157707152,3.464101615
10,1800,0.8,1251,1.62,0.1704721028,2
10,1800,0.8,1251,1.64,0.1723957258,1.414213562
10,1800,0.8,1251,1.66,0.1529415868,2
10,1800,0.8,1251,1.68,0.1779841326,2.828427125
10,1800,0.8,1251,1.69,0.1873364798,2.828427125
10,1800,0.8,1251,1.7,0.1821973582,1.414213562
10,1800,0.8,1251,1.71,0.1710870908,2.828427125
10,1800,0.8,1251,1.72,0.1795521376,2
10,1800,0.8,1251,1.73,0.1827663979,2
10,1800,0.8,1251,1.74,0.1829361666,2
10,1800,0.8,1251,1.76,0.17115613,2.828427125
10,1800,0.8,1251,1.78,0.173238916,2
10,1800,0.8,1251,1.79,0.1530381037,2
10,1800,0.8,1251,1.8,0.1821409256,2.828427125
10,1800,0.8,1251,1.81,0.1637256821,2.828427125
10,1800,0.8,1251,1.83,0.1947590689,2.828427125
10,1800,0.8,1251,1.86,0.1720880425,2
10,1800,0.8,1251,1.88,0.2037852109,2.828427125
10,1800,0.8,1251,1.91,0.1887238797,2
10,1800,0.8,1251,1.94,0.1934924048,2.828427125
10,1800,0.8,1251,1.96,0.2146602725,2.828427125
10,1800,0.8,1251,1.98,0.1970826157,2.828427125
10,1800,0.8,1251,1.99,0.2244342184,2
10,1800,0.8,1251,2.01,0.2170863534,3.464101615
10,1800,0.8,1251,2.02,0.2252980278,2
10,1800,0.8,1251,2.04,0.197672601,2.828427125
10,1800,0.8,1251,2.06,0.2376504098,2
10,1800,0.8,1251,2.07,0.2286079317,2.828427125
10,1800,0.8,1251,2.09,0.2115682802,2.828427125
10,1800,0.8,1251,2.1,0.225980515,2.828427125
10,1800,0.8,1251,2.13,0.2269526804,2.828427125
10,1800,0.8,1251,2.17,0.2411530499,2.828427125
10,1800,0.8,1251,2.18,0.2322319296,1.414213562
10,1800,0.8,1251,2.2,0.23137462,3.464101615
10,1800,0.8,1251,2.26,0.2400806649,3.16227766
10,1800,0.8,1251,2.28,0.2201534614,3.464101615
10,1800,0.8,1251,2.31,0.2085738461,2.828427125
10,1800,0.8,1251,2.33,0.2294566797,4.472135955
10,1800,0.8,1251,2.34,0.2334779929,2
10,1800,0.8,1251,2.35,0.2154035569,3.464101615
10,1800,0.8,1251,2.36,0.2273761527,2
10,1800,0.8,1251,2.38,0.2101277053,2.828427125
10,1800,0.8,1251,2.4,0.2122456774,2.828427125
10,1800,0.8,1251,2.42,0.2361676886,3.464101615
10,1800,0.8,1251,2.43,0.2117891005,2.828427125
10,1800,0.8,1251,2.46,0.2114736768,2
10,1800,0.8,1251,2.48,0.1959079744,3.464101615
10,1800,0.8,1251,2.49,0.2148664826,2.828427125
10,1800,0.8,1251,2.51,0.2335010464,2
10,1800,0.8,1251,2.52,0.1938205277,2.828427125
10,1800,0.8,1251,2.53,0.1898872911,4
10,1800,0.8,1251,2.54,0.2031167522,3.464101615
10,1800,0.8,1251,2.58,0.1919725417,2.828427125
10,1800,0.8,1251,2.6,0.2012647222,2.828427125
10,1800,0.8,1251,2.61,0.1892482487,2.828427125
10,1800,0.8,1251,2.63,0.195784768,2.828427125
10,1800,0.8,1251,2.66,0.1740024562,2.828427125
10,1800,0.8,1251,2.72,0.1845921627,2.828427125
10,1800,0.8,1251,2.77,0.1767204963,3.464101615
10,1800,0.8,1251,2.78,0.1699639211,2.828427125
10,1800,0.8,1251,2.79,0.1851993355,2
10,1800,0.8,1251,2.81,0.1793688071,2.828427125
10,1800,0.8,1251,2.83,0.169136938,2.828427125
10,1800,0.8,1251,2.85,0.167981337,2.828427125
10,1800,0.8,1251,2.9,0.1640392614,2.828427125
10,1800,0.8,1251,2.93,0.1624439991,2.828427125
10,1800,0.8,1251,3,0.1553981475,2.828427125
10,1800,0.8,1251,3.03,0.1599276599,2.828427125
10,1800,0.8,1251,3.14,0.1544443339,2
10,1800,0.8,1251,3.16,0.1568760793,2.828427125
10,1800,0.8,1251,3.2,0.1389569476,2.828427125
10,1800,0.8,1251,3.26,0.1439341412,2.828427125
10,1800,0.8,1251,3.35,0.1350394931,2.828427125
10,1800,0.85,1251,0.35,0.03351929403,1.414213562
10,1800,0.85,1251,0.4,0.0881561325,1.414213562
10,1800,0.85,1251,0.44,0.07223103705,1.414213562
10,1800,0.85,1251,0.53,0.06398161732,2
10,1800,0.85,1251,0.56,0.07301349495,2
10,1800,0.85,1251,0.6,0.07813162801,2
10,1800,0.85,1251,0.69,0.07122769173,3.16227766
10,1800,0.85,1251,0.8,0.07067376483,2.449489743
10,1800,0.85,1251,0.82,0.06727466592,2
10,1800,0.85,1251,0.87,0.07990793955,2
10,1800,0.85,1251,0.88,0.07066518056,1.414213562
10,1800,0.85,1251,0.91,0.06466653352,2.828427125
10,1800,0.85,1251,0.92,0.07931215626,2
10,1800,0.85,1251,0.94,0.06283341072,2
10,1800,0.85,1251,0.97,0.07032471998,2
10,1800,0.85,1251,0.98,0.08738591503,2.828427125
10,1800,0.85,1251,1.03,0.08026876451,2.828427125
10,1800,0.85,1251,1.04,0.08340943558,1.414213562
10,1800,0.85,1251,1.06,0.07834241768,2
10,1800,0.85,1251,1.11,0.06401720882,2
10,1800,0.85,1251,1.12,0.09173588264,2
10,1800,0.85,1251,1.13,0.08449619658,2
10,1800,0.85,1251,1.15,0.09700971983,2.828427125
10,1800,0.85,1251,1.19,0.09649375434,4.472135955
10,1800,0.85,1251,1.21,0.08444977967,1.414213562
10,1800,0.85,1251,1.24,0.09230058853,2.828427125
10,1800,0.85,1251,1.25,0.0934299148,2
10,1800,0.85,1251,1.28,0.09804418768,2
10,1800,0.85,1251,1.31,0.1041967026,2
10,1800,0.85,1251,1.32,0.09587710182,1.414213562
10,1800,0.85,1251,1.33,0.08836127045,2.828427125
10,1800,0.85,1251,1.36,0.09927218647,2.828427125
10,1800,0.85,1251,1.38,0.1145164586,4.69041576
10,1800,0.85,1251,1.39,0.1034450459,2
10,1800,0.85,1251,1.42,0.1146287197,4
10,1800,0.85,1251,1.44,0.1228843452,2
10,1800,0.85,1251,1.45,0.1150762206,2
10,1800,0.85,1251,1.46,0.1214309803,2.828427125
10,1800,0.85,1251,1.49,0.1212708698,2.828427125
10,1800,0.85,1251,1.5,0.09874133498,2.828427125
10,1800,0.85,1251,1.53,0.1187129688,2.828427125
10,1800,0.85,1251,1.54,0.1178138736,3.464101615
10,1800,0.85,1251,1.58,0.1339593623,4
10,1800,0.85,1251,1.59,0.1189577677,2
10,1800,0.85,1251,1.6,0.1491383995,2
10,1800,0.85,1251,1.61,0.1155634441,1.414213562
10,1800,0.85,1251,1.64,0.1307339805,4
10,1800,0.85,1251,1.65,0.1242688264,2.828427125
10,1800,0.85,1251,1.66,0.129001699,2.828427125
10,1800,0.85,1251,1.67,0.1326379497,2
10,1800,0.85,1251,1.68,0.1491077181,2
10,1800,0.85,1251,1.69,0.1396733718,4
10,1800,0.85,1251,1.7,0.1442869785,2.828427125
10,1800,0.85,1251,1.72,0.155026985,2.828427125
10,1800,0.85,1251,1.75,0.1367787127,2
10,1800,0.85,1251,1.76,0.1336770807,1.414213562
10,1800,0.85,1251,1.79,0.1383218098,2.828427125
10,1800,0.85,1251,1.8,0.1505763079,3.464101615
10,1800,0.85,1251,1.82,0.1486812554,4.898979486
10,1800,0.85,1251,1.83,0.1494043421,4
10,1800,0.85,1251,1.86,0.1541490504,4
10,1800,0.85,1251,1.89,0.1667043021,3.464101615
10,1800,0.85,1251,1.91,0.1603576057,4
10,1800,0.85,1251,1.93,0.1476523432,3.464101615
10,1800,0.85,1251,1.95,0.1635701302,2.828427125
10,1800,0.85,1251,1.96,0.1591371786,4.898979486
10,1800,0.85,1251,2.03,0.1636899139,2.828427125
10,1800,0.85,1251,2.04,0.1490851038,2
10,1800,0.85,1251,2.05,0.171387849,2.828427125
10,1800,0.85,1251,2.06,0.1715378589,2.828427125
10,1800,0.85,1251,2.07,0.1568879164,2.828427125
10,1800,0.85,1251,2.08,0.1682154515,3.464101615
10,1800,0.85,1251,2.1,0.1845123375,2.828427125
10,1800,0.85,1251,2.11,0.1626986521,2.828427125
10,1800,0.85,1251,2.12,0.1810752367,2
10,1800,0.85,1251,2.13,0.1991267002,2
10,1800,0.85,1251,2.16,0.1781470234,4
10,1800,0.85,1251,2.19,0.1710017684,4
10,1800,0.85,1251,2.23,0.1596556274,2
10,1800,0.85,1251,2.24,0.1741950619,2.828427125
10,1800,0.85,1251,2.26,0.1546931083,2.828427125
10,1800,0.85,1251,2.27,0.1719179003,2.828427125
10,1800,0.85,1251,2.29,0.1643989593,2.828427125
10,1800,0.85,1251,2.32,0.1537254863,2.828427125
10,1800,0.85,1251,2.37,0.1554364707,4
10,1800,0.85,1251,2.38,0.1770371844,2
10,1800,0.85,1251,2.41,0.152058125,2.828427125
10,1800,0.85,1251,2.48,0.1630282007,2.828427125
10,1800,0.85,1251,2.49,0.1554866429,2.828427125
10,1800,0.85,1251,2.54,0.1543746473,2.828427125
10,1800,0.85,1251,2.6,0.157410966,2.828427125
10,1800,0.85,1251,2.75,0.1431409873,2.828427125
10,1800,0.9,1251,0.35,0.06614453182,1.414213562
10,1800,0.9,1251,0.4,0.0260473936,1.414213562
10,1800,0.9,1251,0.44,0.05719420531,1.414213562
10,1800,0.9,1251,0.53,0.04421270163,2
10,1800,0.9,1251,0.56,0.05296040297,2
10,1800,0.9,1251,0.6,0.05352276504,2
10,1800,0.9,1251,0.69,0.06145821192,3.16227766
10,1800,0.9,1251,0.8,0.05159670628,2.449489743
10,1800,0.9,1251,0.82,0.07897816371,2
10,1800,0.9,1251,0.87,0.07340402108,2
10,1800,0.9,1251,0.89,0.05131676927,1.414213562
10,1800,0.9,1251,0.92,0.05537954505,3.464101615
10,1800,0.9,1251,0.95,0.06133051918,2
10,1800,0.9,1251,0.97,0.06663929511,2
10,1800,0.9,1251,0.98,0.06726199887,2.828427125
10,1800,0.9,1251,1.03,0.07697220219,2.828427125
10,1800,0.9,1251,1.04,0.05893098327,1.414213562
10,1800,0.9,1251,1.06,0.07018814318,2
10,1800,0.9,1251,1.11,0.07184450511,2
10,1800,0.9,1251,1.13,0.07355495839,2.828427125
10,1800,0.9,1251,1.15,0.07365037546,2.828427125
10,1800,0.9,1251,1.2,0.07182458121,4.69041576
10,1800,0.9,1251,1.25,0.07877537405,3.464101615
10,1800,0.9,1251,1.28,0.09101789777,2
10,1800,0.9,1251,1.31,0.06940524522,2
10,1800,0.9,1251,1.33,0.08696724842,3.16227766
10,1800,0.9,1251,1.37,0.08876510829,2
10,1800,0.9,1251,1.38,0.08043902065,3.464101615
10,1800,0.9,1251,1.39,0.08348707796,4.242640687
10,1800,0.9,1251,1.43,0.08808375601,4
10,1800,0.9,1251,1.44,0.08531059014,2
10,1800,0.9,1251,1.46,0.07848458326,3.464101615
10,1800,0.9,1251,1.49,0.08308947315,2
10,1800,0.9,1251,1.5,0.09195892749,2
10,1800,0.9,1251,1.51,0.09787128535,2.828427125
10,1800,0.9,1251,1.53,0.09592218907,2.828427125
10,1800,0.9,1251,1.56,0.08888385871,3.464101615
10,1800,0.9,1251,1.59,0.09043577151,4.472135955
10,1800,0.9,1251,1.6,0.08668478488,2.449489743
10,1800,0.9,1251,1.64,0.0986885533,2
10,1800,0.9,1251,1.65,0.1000714443,4.472135955
10,1800,0.9,1251,1.66,0.09954295395,3.464101615
10,1800,0.9,1251,1.69,0.1042075832,3.464101615
10,1800,0.9,1251,1.7,0.09941580757,4
10,1800,0.9,1251,1.74,0.09822858318,2.828427125
10,1800,0.9,1251,1.75,0.1064950801,2
10,1800,0.9,1251,1.78,0.1282734824,1.414213562
10,1800,0.9,1251,1.79,0.09258316189,2
10,1800,0.9,1251,1.8,0.1007937459,2.828427125
10,1800,0.9,1251,1.81,0.09774457148,2
10,1800,0.9,1251,1.82,0.1050942593,3.464101615
10,1800,0.9,1251,1.83,0.1078559195,4.898979486
10,1800,0.9,1251,1.85,0.1116065977,2.828427125
10,1800,0.9,1251,1.86,0.1051655647,2.828427125
10,1800,0.9,1251,1.87,0.1011312573,2.828427125
10,1800,0.9,1251,1.89,0.1024396482,2.828427125
10,1800,0.9,1251,1.91,0.1166121796,2.828427125
10,1800,0.9,1251,1.92,0.09319592419,3.464101615
10,1800,0.9,1251,1.95,0.1036793117,3.464101615
10,1800,0.9,1251,1.96,0.1056772556,4.898979486
10,1800,0.9,1251,1.98,0.09692648819,2.828427125
10,1800,0.9,1251,2.04,0.1105230389,2.828427125
10,1800,0.9,1251,2.06,0.1015826743,2
10,1800,0.9,1251,2.07,0.1012976124,4
10,1800,0.9,1251,2.08,0.1058029194,3.464101615
10,1800,0.9,1251,2.1,0.1094472508,2.828427125
10,1800,0.9,1251,2.11,0.1145163673,4
10,1800,0.9,1251,2.12,0.1060763675,2
10,1800,0.9,1251,2.15,0.107517773,2
10,1800,0.9,1251,2.16,0.1016340042,2.828427125
10,1800,0.9,1251,2.17,0.1114590381,2.828427125
10,1800,0.9,1251,2.2,0.1041930437,2.828427125
10,1800,0.9,1251,2.21,0.1058460727,2.828427125
10,1800,0.9,1251,2.25,0.1044608171,3.464101615
10,1800,0.9,1251,2.27,0.1041081014,2.828427125
10,1800,0.9,1251,2.29,0.1148270602,2.828427125
10,1800,0.9,1251,2.3,0.10301684,2.828427125
10,1800,0.9,1251,2.33,0.1027925634,2.828427125
10,1800,0.9,1251,2.38,0.09964868219,2.828427125
10,1800,0.9,1251,2.39,0.09778708561,3.464101615
10,1800,0.9,1251,2.42,0.09805982243,2.828427125
10,1800,0.9,1251,2.49,0.1091512257,2.828427125
10,1800,0.9,1251,2.5,0.1024220414,2.828427125
10,1800,0.9,1251,2.55,0.09500521387,2.828427125
10,1800,0.9,1251,2.61,0.09902252471,2.828427125
10,1800,0.9,1251,2.77,0.09849831139,2.828427125
0,2000,0.1,1251,0.27,0.03462812254,1.414213562
0,2000,0.1,1251,0.42,0.1114484856,1.414213562
0,2000,0.1,1251,0.49,0.07841480145,2.449489743
0,2000,0.1,1251,0.53,0.07904651575,1.414213562
0,2000,0.1,1251,0.55,0.05174980069,2
0,2000,0.1,1251,0.64,0.08226788266,2
0,2000,0.1,1251,0.68,0.06751047145,2
0,2000,0.1,1251,0.69,0.06421932148,2.828427125
0,2000,0.1,1251,0.72,0.08285199058,2
0,2000,0.1,1251,0.8,0.06367597051,1.414213562
0,2000,0.1,1251,0.83,0.06491386295,3.16227766
0,2000,0.1,1251,0.87,0.07506602763,2
0,2000,0.1,1251,0.9,0.0768224802,2
0,2000,0.1,1251,0.94,0.06194788577,2
0,2000,0.1,1251,0.96,0.068060825,2
0,2000,0.1,1251,0.97,0.07160497008,1.414213562
0,2000,0.1,1251,0.99,0.07507519137,2
0,2000,0.1,1251,1,0.06434120129,2.828427125
0,2000,0.1,1251,1.01,0.07110924163,2
0,2000,0.1,1251,1.03,0.06900683659,2.828427125
0,2000,0.1,1251,1.06,0.06354157547,2
0,2000,0.1,1251,1.07,0.06247430019,1.414213562
0,2000,0.1,1251,1.09,0.06621537451,2.828427125
0,2000,0.1,1251,1.1,0.0806321406,2.828427125
0,2000,0.1,1251,1.11,0.07179094893,2
0,2000,0.1,1251,1.15,0.07940955226,2.828427125
0,2000,0.1,1251,1.17,0.07957073882,2
0,2000,0.1,1251,1.18,0.08053634089,2.828427125
0,2000,0.1,1251,1.25,0.07606321084,4.242640687
0,2000,0.1,1251,1.26,0.07236902218,2
0,2000,0.1,1251,1.27,0.07818528334,2
0,2000,0.1,1251,1.28,0.08989106422,2
0,2000,0.1,1251,1.31,0.06470095645,2.828427125
0,2000,0.1,1251,1.33,0.07893985656,2.828427125
0,2000,0.1,1251,1.34,0.08142345966,2
0,2000,0.1,1251,1.35,0.09182651707,2
0,2000,0.1,1251,1.36,0.08306680016,3.464101615
0,2000,0.1,1251,1.39,0.08438603528,2.828427125
0,2000,0.1,1251,1.44,0.08020839412,4
0,2000,0.1,1251,1.45,0.08841722809,2
0,2000,0.1,1251,1.46,0.09542071598,1.414213562
0,2000,0.1,1251,1.48,0.08535439325,2.828427125
0,2000,0.1,1251,1.5,0.08456321488,2.828427125
0,2000,0.1,1251,1.51,0.08514224527,2.828427125
0,2000,0.1,1251,1.52,0.0791803094,2
0,2000,0.1,1251,1.54,0.08831402891,2.828427125
0,2000,0.1,1251,1.55,0.09002408509,2
0,2000,0.1,1251,1.56,0.08448724793,2.828427125
0,2000,0.1,1251,1.58,0.09073206365,2
0,2000,0.1,1251,1.6,0.09415401662,2.828427125
0,2000,0.1,1251,1.61,0.09227685936,2.828427125
0,2000,0.1,1251,1.64,0.09349085944,2
0,2000,0.1,1251,1.66,0.08996699293,2.449489743
0,2000,0.1,1251,1.67,0.09215266732,4
0,2000,0.1,1251,1.68,0.08518388236,2.828427125
0,2000,0.1,1251,1.7,0.09128172644,2.828427125
0,2000,0.1,1251,1.71,0.08869174562,2.828427125
0,2000,0.1,1251,1.72,0.09108118977,2.828427125
0,2000,0.1,1251,1.73,0.0957353455,2
0,2000,0.1,1251,1.74,0.08986020637,2
0,2000,0.1,1251,1.75,0.09872275809,2.828427125
0,2000,0.1,1251,1.76,0.08679771477,2.828427125
0,2000,0.1,1251,1.77,0.08878314182,2.828427125
0,2000,0.1,1251,1.81,0.08992354548,3.464101615
0,2000,0.1,1251,1.84,0.09830290855,2
0,2000,0.1,1251,1.86,0.09281171992,4
0,2000,0.1,1251,1.91,0.09579406396,4
0,2000,0.1,1251,1.92,0.09364914358,2.828427125
0,2000,0.1,1251,1.94,0.09585750034,4.242640687
0,2000,0.1,1251,1.96,0.1009846361,2
0,2000,0.1,1251,1.98,0.09680228077,2
0,2000,0.1,1251,1.99,0.09604842684,4.472135955
0,2000,0.1,1251,2,0.1001214774,2.828427125
0,2000,0.1,1251,2.01,0.09728918163,2.828427125
0,2000,0.1,1251,2.02,0.1001540439,2
0,2000,0.1,1251,2.03,0.0998240447,2.828427125
0,2000,0.1,1251,2.06,0.09994921008,2.828427125
0,2000,0.1,1251,2.08,0.09800522214,4
0,2000,0.1,1251,2.1,0.09651653904,2
0,2000,0.1,1251,2.11,0.09189228692,2
0,2000,0.1,1251,2.13,0.1041173786,2.828427125
0,2000,0.1,1251,2.14,0.102136288,2.828427125
0,2000,0.1,1251,2.18,0.09956608565,2.828427125
0,2000,0.1,1251,2.2,0.1023207645,4
0,2000,0.1,1251,2.21,0.09899458066,2
0,2000,0.1,1251,2.22,0.09863104125,2
0,2000,0.1,1251,2.23,0.09909942082,2.828427125
0,2000,0.1,1251,2.26,0.1013902833,4
0,2000,0.1,1251,2.27,0.1104823301,2.828427125
0,2000,0.1,1251,2.31,0.1051080617,2
0,2000,0.1,1251,2.32,0.09977611751,2.828427125
0,2000,0.1,1251,2.35,0.1016056843,2.828427125
0,2000,0.1,1251,2.37,0.09898204597,4
0,2000,0.1,1251,2.44,0.1053365396,2.828427125
0,2000,0.1,1251,2.46,0.107549699,2.828427125
0,2000,0.1,1251,2.54,0.1023796665,2.828427125
0,2000,0.1,1251,2.56,0.1021321585,2
0,2000,0.1,1251,2.57,0.1046918821,2.828427125
0,2000,0.1,1251,2.61,0.1109219289,2.828427125
0,2000,0.1,1251,2.68,0.1084549432,2.828427125
0,2000,0.1,1251,2.77,0.1057509174,2.828427125
0,2000,0.2,1251,0.5,0.1141996069,1.414213562
0,2000,0.2,1251,0.51,0.05283795793,1.414213562
0,2000,0.2,1251,0.52,0.1078739339,1.414213562
0,2000,0.2,1251,0.71,0.09223065844,2
0,2000,0.2,1251,0.72,0.1014419074,2
0,2000,0.2,1251,0.73,0.07723732572,2
0,2000,0.2,1251,0.88,0.09992547231,2.828427125
0,2000,0.2,1251,0.99,0.09827272785,1.414213562
0,2000,0.2,1251,1.01,0.07388147756,1.414213562
0,2000,0.2,1251,1.04,0.09216119419,1.414213562
0,2000,0.2,1251,1.12,0.1020183083,2.828427125
0,2000,0.2,1251,1.13,0.1027135489,2
0,2000,0.2,1251,1.14,0.09762973783,2
0,2000,0.2,1251,1.15,0.09781695231,2
0,2000,0.2,1251,1.16,0.09764006278,2
0,2000,0.2,1251,1.23,0.1177819011,2.828427125
0,2000,0.2,1251,1.24,0.1308590535,2.828427125
0,2000,0.2,1251,1.26,0.1150676743,2.828427125
0,2000,0.2,1251,1.42,0.131506718,2
0,2000,0.2,1251,1.44,0.1385578408,2
0,2000,0.2,1251,1.45,0.1432365021,2
0,2000,0.2,1251,1.49,0.1441204197,1.414213562
0,2000,0.2,1251,1.51,0.1433917117,2.828427125
0,2000,0.2,1251,1.52,0.1290628183,1.414213562
0,2000,0.2,1251,1.53,0.1517582751,4
0,2000,0.2,1251,1.56,0.1528450002,1.414213562
0,2000,0.2,1251,1.58,0.1430955473,2.828427125
0,2000,0.2,1251,1.6,0.1487626296,2.828427125
0,2000,0.2,1251,1.64,0.1588506864,2.828427125
0,2000,0.2,1251,1.66,0.1575918188,2.828427125
0,2000,0.2,1251,1.68,0.1605407776,2.828427125
0,2000,0.2,1251,1.72,0.1707408058,2.828427125
0,2000,0.2,1251,1.76,0.1718395459,2.828427125
0,2000,0.2,1251,1.8,0.1767265833,2
0,2000,0.2,1251,1.81,0.1795063196,2
0,2000,0.2,1251,1.82,0.1787131211,2
0,2000,0.2,1251,1.84,0.1919465086,2
0,2000,0.2,1251,1.85,0.1774575563,2
0,2000,0.2,1251,1.86,0.1763889762,2
0,2000,0.2,1251,1.88,0.1694248845,2.828427125
0,2000,0.2,1251,1.89,0.1758408274,4
0,2000,0.2,1251,1.9,0.1829776657,2.828427125
0,2000,0.2,1251,1.92,0.1794929152,2.828427125
0,2000,0.2,1251,1.93,0.1789077322,2.828427125
0,2000,0.2,1251,1.99,0.164326113,1.414213562
0,2000,0.2,1251,2.02,0.2108434422,1.414213562
0,2000,0.2,1251,2.05,0.1937435611,2
0,2000,0.2,1251,2.06,0.1870048952,2
0,2000,0.2,1251,2.08,0.1951846442,3.741657387
0,2000,0.2,1251,2.09,0.1948904376,3.464101615
0,2000,0.2,1251,2.11,0.1982045415,2.828427125
0,2000,0.2,1251,2.12,0.1870688249,2.828427125
0,2000,0.2,1251,2.13,0.2193967619,2
0,2000,0.2,1251,2.14,0.1897067649,2.828427125
0,2000,0.2,1251,2.15,0.1931030145,2.828427125
0,2000,0.2,1251,2.16,0.1754641451,2
0,2000,0.2,1251,2.18,0.1920007032,2
0,2000,0.2,1251,2.19,0.1989669689,2.828427125
0,2000,0.2,1251,2.2,0.1953272513,2.828427125
0,2000,0.2,1251,2.22,0.1945652759,2.828427125
0,2000,0.2,1251,2.23,0.2031074755,3.464101615
0,2000,0.2,1251,2.25,0.202582175,2.828427125
0,2000,0.2,1251,2.27,0.2069783549,2
0,2000,0.2,1251,2.29,0.2060166995,2.828427125
0,2000,0.2,1251,2.3,0.1994425143,2.828427125
0,2000,0.2,1251,2.31,0.2083192801,4
0,2000,0.2,1251,2.33,0.2132271682,2.828427125
0,2000,0.2,1251,2.36,0.2102155737,2.828427125
0,2000,0.2,1251,2.37,0.2085668276,4
0,2000,0.2,1251,2.38,0.2048780699,2.828427125
0,2000,0.2,1251,2.39,0.2012068053,2.828427125
0,2000,0.2,1251,2.46,0.2249539338,2.828427125
0,2000,0.2,1251,2.48,0.2058460774,2.828427125
0,2000,0.2,1251,2.5,0.2251119883,2
0,2000,0.2,1251,2.51,0.215896185,2
0,2000,0.2,1251,2.52,0.2033646141,2.828427125
0,2000,0.2,1251,2.53,0.2088154533,2
0,2000,0.2,1251,2.55,0.2124972859,3.464101615
0,2000,0.2,1251,2.56,0.2149098404,2
0,2000,0.2,1251,2.57,0.2038909276,2.828427125
0,2000,0.2,1251,2.58,0.217790231,3.464101615
0,2000,0.2,1251,2.6,0.2014355987,2.828427125
0,2000,0.2,1251,2.61,0.2165316184,2.828427125
0,2000,0.2,1251,2.62,0.2078325491,2.828427125
0,2000,0.2,1251,2.64,0.2037127149,2.828427125
0,2000,0.2,1251,2.71,0.2044153744,2.828427125
0,2000,0.2,1251,2.72,0.2065253943,4
0,2000,0.2,1251,2.74,0.2190505487,2.828427125
0,2000,0.2,1251,2.75,0.2109329264,2.828427125
0,2000,0.2,1251,2.76,0.207082053,2.828427125
0,2000,0.2,1251,2.84,0.2095027727,2
0,2000,0.2,1251,2.88,0.188510386,3.464101615
0,2000,0.2,1251,2.9,0.1762450002,2
0,2000,0.2,1251,2.92,0.1769031586,2.828427125
0,2000,0.2,1251,2.94,0.1768230238,2.828427125
0,2000,0.2,1251,2.95,0.1586970151,2.828427125
0,2000,0.2,1251,2.96,0.1557055763,2.828427125
0,2000,0.2,1251,2.98,0.1639673741,2.828427125
0,2000,0.2,1251,3.02,0.1492382742,2.828427125
0,2000,0.2,1251,3.05,0.1428568556,2.828427125
0,2000,0.2,1251,3.07,0.1384499008,2.828427125
0,2000,0.2,1251,3.24,0.1170154586,2.828427125
0,2000,0.2,1251,3.25,0.1185827264,2.828427125
0,2000,0.2,1251,3.26,0.1137098392,2.828427125
0,2000,0.2,1251,3.52,0.1177108443,2.828427125
0,2000,0.3,1251,0.33,0.03832871349,1.414213562
0,2000,0.3,1251,0.4,0.07219315669,1.414213562
0,2000,0.3,1251,0.48,0.08139742868,1.414213562
0,2000,0.3,1251,0.52,0.07615122403,2
0,2000,0.3,1251,0.58,0.06833257067,2
0,2000,0.3,1251,0.62,0.07262554947,2
0,2000,0.3,1251,0.66,0.07372114679,1.414213562
0,2000,0.3,1251,0.7,0.081774756,2.828427125
0,2000,0.3,1251,0.77,0.0806076711,2
0,2000,0.3,1251,0.79,0.09006688131,1.414213562
0,2000,0.3,1251,0.81,0.08448605717,2
0,2000,0.3,1251,0.86,0.111416421,2
0,2000,0.3,1251,0.91,0.09761522234,2.828427125
0,2000,0.3,1251,0.93,0.1243277259,2
0,2000,0.3,1251,0.96,0.09775311669,1.414213562
0,2000,0.3,1251,0.98,0.106040977,2.828427125
0,2000,0.3,1251,0.99,0.1151309739,1.414213562
0,2000,0.3,1251,1.01,0.1022224099,2
0,2000,0.3,1251,1.03,0.093463098,2
0,2000,0.3,1251,1.04,0.1133811726,2
0,2000,0.3,1251,1.06,0.1104062374,2
0,2000,0.3,1251,1.09,0.1068736457,2.828427125
0,2000,0.3,1251,1.1,0.1124464455,2
0,2000,0.3,1251,1.14,0.1304334643,2.828427125
0,2000,0.3,1251,1.16,0.137722127,2
0,2000,0.3,1251,1.17,0.1232903508,2.828427125
0,2000,0.3,1251,1.19,0.1335770706,1.414213562
0,2000,0.3,1251,1.23,0.1313571755,2.828427125
0,2000,0.3,1251,1.24,0.1359336224,2.828427125
0,2000,0.3,1251,1.27,0.1323790271,2
0,2000,0.3,1251,1.28,0.1475651251,2
0,2000,0.3,1251,1.29,0.1393304839,2.828427125
0,2000,0.3,1251,1.32,0.1474613227,1.414213562
0,2000,0.3,1251,1.33,0.1548091637,2.828427125
0,2000,0.3,1251,1.35,0.1482489478,2.828427125
0,2000,0.3,1251,1.36,0.1500934688,2
0,2000,0.3,1251,1.37,0.1637977413,2
0,2000,0.3,1251,1.38,0.1627067567,2
0,2000,0.3,1251,1.4,0.1504300211,2
0,2000,0.3,1251,1.41,0.1481713972,2.828427125
0,2000,0.3,1251,1.43,0.1669933714,2.828427125
0,2000,0.3,1251,1.44,0.1694065768,3.16227766
0,2000,0.3,1251,1.46,0.1785186528,2.828427125
0,2000,0.3,1251,1.48,0.186435613,2
0,2000,0.3,1251,1.49,0.1628479011,2
0,2000,0.3,1251,1.53,0.1815641199,3.464101615
0,2000,0.3,1251,1.54,0.1884659088,2
0,2000,0.3,1251,1.55,0.1715937025,2
0,2000,0.3,1251,1.56,0.1674393405,2.828427125
0,2000,0.3,1251,1.58,0.2163512432,2
0,2000,0.3,1251,1.59,0.2103502608,3.16227766
0,2000,0.3,1251,1.61,0.2132466768,2.828427125
0,2000,0.3,1251,1.62,0.1988437913,3.464101615
0,2000,0.3,1251,1.63,0.2025918977,3.464101615
0,2000,0.3,1251,1.64,0.1786676625,2
0,2000,0.3,1251,1.66,0.2046588842,3.464101615
0,2000,0.3,1251,1.68,0.2082604398,4
0,2000,0.3,1251,1.69,0.2017512128,2.828427125
0,2000,0.3,1251,1.72,0.2274769307,2
0,2000,0.3,1251,1.74,0.2260797801,2
0,2000,0.3,1251,1.77,0.2376441349,3.464101615
0,2000,0.3,1251,1.78,0.2225769791,2.828427125
0,2000,0.3,1251,1.79,0.230245685,2.828427125
0,2000,0.3,1251,1.81,0.2147657923,2.828427125
0,2000,0.3,1251,1.82,0.2208581696,2.828427125
0,2000,0.3,1251,1.84,0.2522493856,2.828427125
0,2000,0.3,1251,1.85,0.2448801833,2
0,2000,0.3,1251,1.87,0.2243023997,2.828427125
0,2000,0.3,1251,1.88,0.2615784169,2.828427125
0,2000,0.3,1251,1.9,0.2623617801,2.828427125
0,2000,0.3,1251,1.92,0.2523422112,3.16227766
0,2000,0.3,1251,1.93,0.2564720048,2.828427125
0,2000,0.3,1251,1.95,0.2515869145,2.828427125
0,2000,0.3,1251,1.96,0.2619468612,2
0,2000,0.3,1251,1.97,0.2547914774,2.828427125
0,2000,0.3,1251,1.98,0.2612548567,2.828427125
0,2000,0.3,1251,1.99,0.2782141279,4
0,2000,0.3,1251,2.02,0.274005344,2.828427125
0,2000,0.3,1251,2.03,0.2967797567,2
0,2000,0.3,1251,2.06,0.2820147468,2
0,2000,0.3,1251,2.07,0.2696934667,2.828427125
0,2000,0.3,1251,2.08,0.2754672765,2
0,2000,0.3,1251,2.1,0.2764304939,4.898979486
0,2000,0.3,1251,2.11,0.2847549978,2.828427125
0,2000,0.3,1251,2.12,0.2803515632,2.828427125
0,2000,0.3,1251,2.14,0.2707824879,2
0,2000,0.3,1251,2.16,0.3176419788,2
0,2000,0.3,1251,2.17,0.3019443577,2.828427125
0,2000,0.3,1251,2.18,0.2859266778,2.828427125
0,2000,0.3,1251,2.19,0.2674923443,2.828427125
0,2000,0.3,1251,2.24,0.2942107351,2.828427125
0,2000,0.3,1251,2.26,0.2932482582,2
0,2000,0.3,1251,2.27,0.3003435269,2.828427125
0,2000,0.3,1251,2.28,0.2890815686,4
0,2000,0.3,1251,2.3,0.3033782085,2.828427125
0,2000,0.3,1251,2.33,0.2918518181,2
0,2000,0.3,1251,2.35,0.3024655091,2.828427125
0,2000,0.3,1251,2.36,0.3081701779,4
0,2000,0.3,1251,2.46,0.2999527726,4
0,2000,0.3,1251,2.49,0.2935471592,2
0,2000,0.3,1251,2.51,0.3017895734,4
0,2000,0.3,1251,2.58,0.2983096534,2.828427125
0,2000,0.3,1251,2.61,0.2879978029,2.828427125
0,2000,0.3,1251,2.68,0.2945465222,2.828427125
0,2000,0.3,1251,2.82,0.2780374557,2.828427125
0,2000,0.4,1105,0.35,0.07040780462,1.414213562
0,2000,0.4,1105,0.38,0.0431813621,1.414213562
0,2000,0.4,1105,0.5,0.06374049016,1.414213562
0,2000,0.4,1105,0.52,0.06749096315,2
0,2000,0.4,1105,0.61,0.06251897187,2
0,2000,0.4,1105,0.63,0.06776840749,2
0,2000,0.4,1105,0.7,0.06739200596,1.414213562
0,2000,0.4,1105,0.72,0.07171936477,2.828427125
0,2000,0.4,1105,0.77,0.07328628422,1.414213562
0,2000,0.4,1105,0.8,0.09002414119,2
0,2000,0.4,1105,0.84,0.07798060255,2
0,2000,0.4,1105,0.86,0.08780180546,2
0,2000,0.4,1105,0.91,0.08230532552,2
0,2000,0.4,1105,0.94,0.09506814732,2.828427125
0,2000,0.4,1105,0.98,0.09290569153,2.828427125
0,2000,0.4,1105,1,0.1060738392,1.414213562
0,2000,0.4,1105,1.04,0.1028662162,2
0,2000,0.4,1105,1.05,0.108826457,1.414213562
0,2000,0.4,1105,1.06,0.09959251122,2
0,2000,0.4,1105,1.07,0.1148146328,2
0,2000,0.4,1105,1.12,0.1136040389,3.464101615
0,2000,0.4,1105,1.15,0.1194520993,3.16227766
0,2000,0.4,1105,1.16,0.1062787623,2
0,2000,0.4,1105,1.2,0.1248944307,2
0,2000,0.4,1105,1.22,0.1321194156,2
0,2000,0.4,1105,1.23,0.1362482259,2.828427125
0,2000,0.4,1105,1.25,0.1273245614,2
0,2000,0.4,1105,1.26,0.1465563924,2
0,2000,0.4,1105,1.28,0.1298271284,2.828427125
0,2000,0.4,1105,1.3,0.1445251304,4.472135955
0,2000,0.4,1105,1.35,0.1559112569,2
0,2000,0.4,1105,1.39,0.1642974279,2.828427125
0,2000,0.4,1105,1.4,0.1588060593,1.414213562
0,2000,0.4,1105,1.44,0.1839194761,4
0,2000,0.4,1105,1.45,0.1849026628,2.828427125
0,2000,0.4,1105,1.49,0.1791810132,2.449489743
0,2000,0.4,1105,1.5,0.1848142354,2.828427125
0,2000,0.4,1105,1.52,0.1975839508,2
0,2000,0.4,1105,1.53,0.1989727815,2.449489743
0,2000,0.4,1105,1.54,0.2085540076,3.464101615
0,2000,0.4,1105,1.56,0.2108415847,3.464101615
0,2000,0.4,1105,1.57,0.2212811898,2
0,2000,0.4,1105,1.58,0.2271304586,2.828427125
0,2000,0.4,1105,1.6,0.2063991143,2
0,2000,0.4,1105,1.61,0.2475261022,2
0,2000,0.4,1105,1.64,0.2295349797,4
0,2000,0.4,1105,1.65,0.2334114482,3.464101615
0,2000,0.4,1105,1.68,0.2434741009,4.472135955
0,2000,0.4,1105,1.69,0.2440254816,3.464101615
0,2000,0.4,1105,1.72,0.2512021922,3.464101615
0,2000,0.4,1105,1.76,0.2813071856,4
0,2000,0.4,1105,1.81,0.2857428074,2
0,2000,0.4,1105,1.82,0.2708951128,2.828427125
0,2000,0.4,1105,1.83,0.2776190527,2.828427125
0,2000,0.4,1105,1.85,0.2907219982,2.828427125
0,2000,0.4,1105,1.86,0.2985365539,3.464101615
0,2000,0.4,1105,1.87,0.3045930637,2.828427125
0,2000,0.4,1105,1.88,0.2933923268,4
0,2000,0.4,1105,1.89,0.3333761978,2
0,2000,0.4,1105,1.92,0.3137700422,2.828427125
0,2000,0.4,1105,1.93,0.2847935512,2.828427125
0,2000,0.4,1105,1.96,0.3390911269,2.828427125
0,2000,0.4,1105,1.98,0.3428947567,2.828427125
0,2000,0.4,1105,1.99,0.3321834044,1.414213562
0,2000,0.4,1105,2.01,0.3468241111,2.828427125
0,2000,0.4,1105,2.02,0.3494206301,2
0,2000,0.4,1105,2.03,0.3262143995,2
0,2000,0.4,1105,2.05,0.3568557326,2
0,2000,0.4,1105,2.06,0.3267578768,2.828427125
0,2000,0.4,1105,2.07,0.3568793762,2.828427125
0,2000,0.4,1105,2.08,0.3563876874,2
0,2000,0.4,1105,2.09,0.3381996307,2.828427125
0,2000,0.4,1105,2.11,0.3472202235,3.464101615
0,2000,0.4,1105,2.13,0.3795246073,2
0,2000,0.4,1105,2.14,0.3687154565,3.464101615
0,2000,0.4,1105,2.15,0.3643474859,2.828427125
0,2000,0.4,1105,2.16,0.3775875855,4
0,2000,0.4,1105,2.17,0.3741183789,2.828427125
0,2000,0.4,1105,2.19,0.3375726506,2.828427125
0,2000,0.4,1105,2.25,0.3711230872,4.472135955
0,2000,0.4,1105,2.29,0.3758749514,2.828427125
0,2000,0.4,1105,2.3,0.3127856491,2
0,2000,0.4,1105,2.31,0.3670516871,2.828427125
0,2000,0.4,1105,2.33,0.4001565941,2.828427125
0,2000,0.4,1105,2.35,0.3624357505,2.828427125
0,2000,0.4,1105,2.38,0.3675544744,2.828427125
0,2000,0.4,1105,2.39,0.3687791776,2.828427125
0,2000,0.4,1105,2.4,0.3719306014,2.828427125
0,2000,0.4,1105,2.44,0.3641541328,2
0,2000,0.4,1105,2.47,0.3490969966,2.828427125
0,2000,0.4,1105,2.51,0.345905334,2
0,2000,0.4,1105,2.53,0.3572321965,2.828427125
0,2000,0.4,1105,2.54,0.3307076558,2.828427125
0,2000,0.4,1105,2.55,0.374314905,2.828427125
0,2000,0.4,1105,2.56,0.3688612899,2.828427125
0,2000,0.4,1105,2.61,0.3473307859,2.828427125
0,2000,0.4,1105,2.69,0.3249127355,2.828427125
0,2000,0.4,1105,2.73,0.3238590503,2.828427125
0,2000,0.4,1105,2.88,0.2805750393,2.828427125
0,2000,0.5,1251,0.36,0.07114739192,1.414213562
0,2000,0.5,1251,0.41,0.07551058487,1.414213562
0,2000,0.5,1251,0.43,0.04674307863,1.414213562
0,2000,0.5,1251,0.55,0.05600040257,2
0,2000,0.5,1251,0.56,0.07017389179,2
0,2000,0.5,1251,0.59,0.06328426457,2
0,2000,0.5,1251,0.7,0.06944521422,2.828427125
0,2000,0.5,1251,0.72,0.06228904324,1.414213562
0,2000,0.5,1251,0.83,0.07271964167,2.449489743
0,2000,0.5,1251,0.84,0.08745760684,2
0,2000,0.5,1251,0.86,0.08146778844,1.414213562
0,2000,0.5,1251,0.9,0.08672839332,2
0,2000,0.5,1251,0.93,0.09643564424,2.828427125
0,2000,0.5,1251,0.94,0.09556609476,2.828427125
0,2000,0.5,1251,0.95,0.1028702619,2
0,2000,0.5,1251,1,0.09895841955,2.828427125
0,2000,0.5,1251,1.02,0.09922866968,2.828427125
0,2000,0.5,1251,1.08,0.1113756837,1.414213562
0,2000,0.5,1251,1.1,0.111594769,2
0,2000,0.5,1251,1.12,0.1209077122,2
0,2000,0.5,1251,1.16,0.1163357052,2
0,2000,0.5,1251,1.17,0.1289300858,2
0,2000,0.5,1251,1.18,0.1352613526,2.828427125
0,2000,0.5,1251,1.19,0.1242836469,3.464101615
0,2000,0.5,1251,1.24,0.139583885,4.242640687
0,2000,0.5,1251,1.28,0.1712610914,1.414213562
0,2000,0.5,1251,1.29,0.1437591201,2
0,2000,0.5,1251,1.31,0.1513349909,2
0,2000,0.5,1251,1.33,0.1554763808,2
0,2000,0.5,1251,1.35,0.1658452583,2
0,2000,0.5,1251,1.36,0.1657377497,3.464101615
0,2000,0.5,1251,1.38,0.1775854511,2
0,2000,0.5,1251,1.39,0.1701957792,2.828427125
0,2000,0.5,1251,1.4,0.1721342178,2.828427125
0,2000,0.5,1251,1.43,0.1758517221,3.464101615
0,2000,0.5,1251,1.44,0.1780700778,2.828427125
0,2000,0.5,1251,1.45,0.2144111121,1.414213562
0,2000,0.5,1251,1.47,0.1941195978,2
0,2000,0.5,1251,1.5,0.2093139143,3.464101615
0,2000,0.5,1251,1.51,0.2062295716,2.828427125
0,2000,0.5,1251,1.53,0.2046663617,3.464101615
0,2000,0.5,1251,1.55,0.2198901161,2.828427125
0,2000,0.5,1251,1.56,0.2131478563,2.828427125
0,2000,0.5,1251,1.57,0.240857392,2.828427125
0,2000,0.5,1251,1.61,0.2567410426,2.828427125
0,2000,0.5,1251,1.65,0.2246449225,2.449489743
0,2000,0.5,1251,1.66,0.2729850095,2
0,2000,0.5,1251,1.67,0.2645180519,2.828427125
0,2000,0.5,1251,1.68,0.2363845288,2.828427125
0,2000,0.5,1251,1.69,0.2665903795,3.464101615
0,2000,0.5,1251,1.7,0.2501595206,3.464101615
0,2000,0.5,1251,1.71,0.2634212425,1.414213562
0,2000,0.5,1251,1.72,0.2738581788,2.828427125
0,2000,0.5,1251,1.73,0.2655381677,4
0,2000,0.5,1251,1.74,0.2851665509,2.828427125
0,2000,0.5,1251,1.75,0.2899447204,2
0,2000,0.5,1251,1.76,0.2916677984,2
0,2000,0.5,1251,1.78,0.3235308117,2
0,2000,0.5,1251,1.8,0.3073363331,3.464101615
0,2000,0.5,1251,1.82,0.2915672227,2.828427125
0,2000,0.5,1251,1.85,0.3192214751,4
0,2000,0.5,1251,1.86,0.3310822861,2.828427125
0,2000,0.5,1251,1.87,0.3219921705,4
0,2000,0.5,1251,1.89,0.3417390599,2.828427125
0,2000,0.5,1251,1.9,0.3467209321,4
0,2000,0.5,1251,1.92,0.3330935507,2.828427125
0,2000,0.5,1251,1.93,0.3492113903,2
0,2000,0.5,1251,1.94,0.3615194928,2.828427125
0,2000,0.5,1251,1.95,0.3436564536,2.828427125
0,2000,0.5,1251,1.97,0.3804033493,2
0,2000,0.5,1251,1.98,0.3624546481,2.828427125
0,2000,0.5,1251,1.99,0.3371178536,2.828427125
0,2000,0.5,1251,2.02,0.3668087218,2.828427125
0,2000,0.5,1251,2.03,0.3536998982,3.464101615
0,2000,0.5,1251,2.07,0.3518029623,2.828427125
0,2000,0.5,1251,2.09,0.3911936392,4.472135955
0,2000,0.5,1251,2.1,0.3732092302,2.828427125
0,2000,0.5,1251,2.11,0.3415952664,2
0,2000,0.5,1251,2.12,0.3802332937,2.828427125
0,2000,0.5,1251,2.14,0.4282166744,2.828427125
0,2000,0.5,1251,2.15,0.3919063854,2.828427125
0,2000,0.5,1251,2.19,0.3659445068,3.464101615
0,2000,0.5,1251,2.21,0.3895291879,2.828427125
0,2000,0.5,1251,2.23,0.3990507814,4
0,2000,0.5,1251,2.24,0.4188416042,2
0,2000,0.5,1251,2.28,0.3716319009,2.828427125
0,2000,0.5,1251,2.3,0.3552708677,2.828427125
0,2000,0.5,1251,2.35,0.3926072772,2.828427125
0,2000,0.5,1251,2.36,0.3772385184,2.828427125
0,2000,0.5,1251,2.38,0.3907304713,3.464101615
0,2000,0.5,1251,2.39,0.404991509,2.828427125
0,2000,0.5,1251,2.41,0.378336541,2.828427125
0,2000,0.5,1251,2.49,0.376219772,2.828427125
0,2000,0.5,1251,2.54,0.3385594681,2.828427125
0,2000,0.5,1251,2.56,0.3520457552,2.828427125
0,2000,0.5,1251,2.61,0.3372815627,2.828427125
0,2000,0.5,1251,2.78,0.3042725171,2.828427125
0,2000,0.6,1251,0.36,0.07458026224,1.414213562
0,2000,0.6,1251,0.42,0.09498177247,1.414213562
0,2000,0.6,1251,0.44,0.07764075492,1.414213562
0,2000,0.6,1251,0.55,0.07694356533,2
0,2000,0.6,1251,0.57,0.07427917319,2
0,2000,0.6,1251,0.61,0.06977433904,2
0,2000,0.6,1251,0.71,0.0831696616,2.828427125
0,2000,0.6,1251,0.73,0.08169224961,1.414213562
0,2000,0.6,1251,0.84,0.09007596253,2.449489743
0,2000,0.6,1251,0.85,0.1073931665,2
0,2000,0.6,1251,0.88,0.1100394357,1.414213562
0,2000,0.6,1251,0.91,0.09396244699,2
0,2000,0.6,1251,0.95,0.09774351814,4
0,2000,0.6,1251,0.97,0.1133580352,2
0,2000,0.6,1251,1.01,0.1088801147,2.828427125
0,2000,0.6,1251,1.04,0.1130623573,2.828427125
0,2000,0.6,1251,1.09,0.1152929158,1.414213562
0,2000,0.6,1251,1.11,0.1168322884,2
0,2000,0.6,1251,1.14,0.1233969981,2
0,2000,0.6,1251,1.17,0.1257024663,2
0,2000,0.6,1251,1.18,0.1163294958,2
0,2000,0.6,1251,1.19,0.1286429944,2.828427125
0,2000,0.6,1251,1.21,0.1375605624,3.464101615
0,2000,0.6,1251,1.25,0.1411658306,2.828427125
0,2000,0.6,1251,1.26,0.1423633205,1.414213562
0,2000,0.6,1251,1.27,0.1580614689,2.828427125
0,2000,0.6,1251,1.31,0.1518473665,2.449489743
0,2000,0.6,1251,1.33,0.1477825117,2
0,2000,0.6,1251,1.36,0.1517269153,2
0,2000,0.6,1251,1.38,0.1637059756,4
0,2000,0.6,1251,1.4,0.1727530092,2
0,2000,0.6,1251,1.41,0.1763542869,2.828427125
0,2000,0.6,1251,1.43,0.17352912,2.828427125
0,2000,0.6,1251,1.44,0.181651727,2.828427125
0,2000,0.6,1251,1.45,0.1791697752,2
0,2000,0.6,1251,1.46,0.1977735314,3.16227766
0,2000,0.6,1251,1.5,0.206976322,2
0,2000,0.6,1251,1.51,0.1961062471,2
0,2000,0.6,1251,1.52,0.2122004189,3.464101615
0,2000,0.6,1251,1.53,0.2223201385,2
0,2000,0.6,1251,1.56,0.2004439324,3.464101615
0,2000,0.6,1251,1.57,0.221286697,2.828427125
0,2000,0.6,1251,1.58,0.2209640479,2.828427125
0,2000,0.6,1251,1.6,0.2350009048,2.828427125
0,2000,0.6,1251,1.63,0.2473530546,2.828427125
0,2000,0.6,1251,1.66,0.2258667721,2
0,2000,0.6,1251,1.68,0.2523165325,2.449489743
0,2000,0.6,1251,1.7,0.2704000967,3.464101615
0,2000,0.6,1251,1.71,0.2769142659,2
0,2000,0.6,1251,1.72,0.276975747,4.472135955
0,2000,0.6,1251,1.73,0.2955368945,2
0,2000,0.6,1251,1.74,0.2925435703,2.828427125
0,2000,0.6,1251,1.75,0.2696090603,3.16227766
0,2000,0.6,1251,1.76,0.2935072385,2.828427125
0,2000,0.6,1251,1.77,0.2718180814,2.828427125
0,2000,0.6,1251,1.79,0.3060251508,2
0,2000,0.6,1251,1.8,0.275693907,2
0,2000,0.6,1251,1.82,0.2990447045,2
0,2000,0.6,1251,1.83,0.3238017933,2
0,2000,0.6,1251,1.84,0.324544571,2.828427125
0,2000,0.6,1251,1.85,0.3401461224,2.828427125
0,2000,0.6,1251,1.88,0.3292358126,4
0,2000,0.6,1251,1.89,0.3197573094,3.464101615
0,2000,0.6,1251,1.9,0.3198846179,3.464101615
0,2000,0.6,1251,1.92,0.3225224312,2
0,2000,0.6,1251,1.93,0.3564700826,2.828427125
0,2000,0.6,1251,1.94,0.3224165179,3.464101615
0,2000,0.6,1251,1.96,0.3518876471,3.464101615
0,2000,0.6,1251,1.97,0.345031277,2.828427125
0,2000,0.6,1251,1.98,0.3428289928,2.828427125
0,2000,0.6,1251,2,0.3426607833,2
0,2000,0.6,1251,2.01,0.3709307707,2.828427125
0,2000,0.6,1251,2.03,0.3438352523,2.828427125
0,2000,0.6,1251,2.05,0.3654462953,2.828427125
0,2000,0.6,1251,2.06,0.3757051848,2
0,2000,0.6,1251,2.07,0.3486670892,2.828427125
0,2000,0.6,1251,2.11,0.3783957763,4
0,2000,0.6,1251,2.12,0.3661354072,2.828427125
0,2000,0.6,1251,2.13,0.3584725938,3.464101615
0,2000,0.6,1251,2.16,0.392930147,3.464101615
0,2000,0.6,1251,2.18,0.3752743195,2.828427125
0,2000,0.6,1251,2.19,0.3879955407,2.828427125
0,2000,0.6,1251,2.22,0.3629306208,2
0,2000,0.6,1251,2.23,0.3632145685,2.828427125
0,2000,0.6,1251,2.25,0.3744311198,2.828427125
0,2000,0.6,1251,2.26,0.3697414797,2.828427125
0,2000,0.6,1251,2.28,0.3644702637,3.464101615
0,2000,0.6,1251,2.32,0.3541974483,2.828427125
0,2000,0.6,1251,2.33,0.3464965803,2.828427125
0,2000,0.6,1251,2.39,0.3483332975,4
0,2000,0.6,1251,2.42,0.3429808808,3.464101615
0,2000,0.6,1251,2.43,0.3438709941,2.828427125
0,2000,0.6,1251,2.45,0.3363671737,2.828427125
0,2000,0.6,1251,2.53,0.3358456346,2.828427125
0,2000,0.6,1251,2.58,0.3118951993,2.828427125
0,2000,0.6,1251,2.6,0.3180320051,2.828427125
0,2000,0.6,1251,2.66,0.2815977517,2.828427125
0,2000,0.6,1251,2.83,0.2635481205,2.828427125
0,2000,0.7,1251,0.4,0.06920977345,1.414213562
0,2000,0.7,1251,0.42,0.09549553361,2
0,2000,0.7,1251,0.57,0.07729521732,2
0,2000,0.7,1251,0.58,0.09469819552,2
0,2000,0.7,1251,0.59,0.09971860187,2
0,2000,0.7,1251,0.71,0.09393721085,2.828427125
0,2000,0.7,1251,0.79,0.09039081489,1.414213562
0,2000,0.7,1251,0.83,0.1033369818,1.414213562
0,2000,0.7,1251,0.84,0.1201057508,1.414213562
0,2000,0.7,1251,0.9,0.1057958315,2.828427125
0,2000,0.7,1251,0.92,0.09947470765,2
0,2000,0.7,1251,0.93,0.1133285709,2.828427125
0,2000,0.7,1251,0.94,0.1173438038,2
0,2000,0.7,1251,0.99,0.1047961451,2.828427125
0,2000,0.7,1251,1.01,0.1103331857,2.828427125
0,2000,0.7,1251,1.02,0.1078109298,2.828427125
0,2000,0.7,1251,1.15,0.1366373925,2
0,2000,0.7,1251,1.16,0.1184507736,2
0,2000,0.7,1251,1.18,0.1281913937,2
0,2000,0.7,1251,1.19,0.1301227289,1.414213562
0,2000,0.7,1251,1.22,0.1313885348,2.828427125
0,2000,0.7,1251,1.23,0.1432357114,2.828427125
0,2000,0.7,1251,1.25,0.1482628639,3.16227766
0,2000,0.7,1251,1.26,0.1389176285,3.16227766
0,2000,0.7,1251,1.31,0.1557333804,2.828427125
0,2000,0.7,1251,1.32,0.1453117006,2
0,2000,0.7,1251,1.33,0.1571226082,3.464101615
0,2000,0.7,1251,1.37,0.1638529876,2.828427125
0,2000,0.7,1251,1.38,0.1641697707,2.828427125
0,2000,0.7,1251,1.42,0.1652256414,2.828427125
0,2000,0.7,1251,1.45,0.1716204094,2
0,2000,0.7,1251,1.46,0.1821924171,2
0,2000,0.7,1251,1.48,0.1792189386,2
0,2000,0.7,1251,1.49,0.1763711372,2
0,2000,0.7,1251,1.5,0.2106421715,2
0,2000,0.7,1251,1.51,0.1844502946,3.464101615
0,2000,0.7,1251,1.52,0.1992934649,2.828427125
0,2000,0.7,1251,1.54,0.1986716237,2.828427125
0,2000,0.7,1251,1.55,0.1957312382,4
0,2000,0.7,1251,1.56,0.186687858,2.828427125
0,2000,0.7,1251,1.59,0.2095294537,1.414213562
0,2000,0.7,1251,1.64,0.218713892,2.828427125
0,2000,0.7,1251,1.66,0.23735436,1.414213562
0,2000,0.7,1251,1.68,0.2288745769,3.16227766
0,2000,0.7,1251,1.69,0.2357979438,2.828427125
0,2000,0.7,1251,1.7,0.2447173623,4
0,2000,0.7,1251,1.71,0.2343957449,2.828427125
0,2000,0.7,1251,1.72,0.2260720182,2
0,2000,0.7,1251,1.73,0.2380020154,3.464101615
0,2000,0.7,1251,1.76,0.2322853517,2.828427125
0,2000,0.7,1251,1.77,0.2543628625,4.472135955
0,2000,0.7,1251,1.78,0.2508262668,2.828427125
0,2000,0.7,1251,1.79,0.2502374503,2
0,2000,0.7,1251,1.8,0.26202021,2
0,2000,0.7,1251,1.82,0.2589453953,2.828427125
0,2000,0.7,1251,1.84,0.271575562,4.472135955
0,2000,0.7,1251,1.86,0.2903452535,2.828427125
0,2000,0.7,1251,1.87,0.2827082251,2
0,2000,0.7,1251,1.89,0.2592493792,2.828427125
0,2000,0.7,1251,1.9,0.2861810128,4
0,2000,0.7,1251,1.92,0.2877514252,4.898979486
0,2000,0.7,1251,1.94,0.310045605,2.828427125
0,2000,0.7,1251,1.98,0.279876948,2.828427125
0,2000,0.7,1251,2.02,0.2808216646,3.464101615
0,2000,0.7,1251,2.03,0.2948702379,3.464101615
0,2000,0.7,1251,2.04,0.2944311238,2
0,2000,0.7,1251,2.06,0.2893781962,3.464101615
0,2000,0.7,1251,2.07,0.3010544638,2.828427125
0,2000,0.7,1251,2.08,0.2997878893,2
0,2000,0.7,1251,2.09,0.3113878326,3.464101615
0,2000,0.7,1251,2.1,0.3013085687,2.828427125
0,2000,0.7,1251,2.12,0.3034344978,2.828427125
0,2000,0.7,1251,2.13,0.3006142972,4
0,2000,0.7,1251,2.19,0.3073991489,4
0,2000,0.7,1251,2.21,0.2914538905,2.828427125
0,2000,0.7,1251,2.22,0.2868411575,2.828427125
0,2000,0.7,1251,2.23,0.3088613185,2.828427125
0,2000,0.7,1251,2.24,0.3045242331,2.828427125
0,2000,0.7,1251,2.3,0.3199094995,2
0,2000,0.7,1251,2.31,0.3095305873,2
0,2000,0.7,1251,2.34,0.2907579011,2.828427125
0,2000,0.7,1251,2.35,0.287421575,2.828427125
0,2000,0.7,1251,2.36,0.2956298824,2
0,2000,0.7,1251,2.38,0.2767219416,2.828427125
0,2000,0.7,1251,2.4,0.2902688402,4
0,2000,0.7,1251,2.41,0.270332755,2.828427125
0,2000,0.7,1251,2.45,0.2747493911,2.828427125
0,2000,0.7,1251,2.46,0.276685118,2.828427125
0,2000,0.7,1251,2.49,0.270456023,2.828427125
0,2000,0.7,1251,2.62,0.2564125763,2.828427125
0,2000,0.7,1251,2.63,0.2513502351,2.828427125
0,2000,0.7,1251,2.65,0.250209783,2.828427125
0,2000,0.7,1251,2.85,0.21653449,2.828427125
0,2000,0.75,1251,0.34,0.09825489922,1.414213562
0,2000,0.75,1251,0.36,0.1192101165,1.414213562
0,2000,0.75,1251,0.42,0.08975669575,1.414213562
0,2000,0.75,1251,0.5,0.1059638135,2
0,2000,0.75,1251,0.54,0.1003862713,2
0,2000,0.75,1251,0.56,0.1120431388,2
0,2000,0.75,1251,0.65,0.09299670431,2.828427125
0,2000,0.75,1251,0.68,0.1106331566,1.414213562
0,2000,0.75,1251,0.73,0.10469931,1.414213562
0,2000,0.75,1251,0.77,0.09840355537,2
0,2000,0.75,1251,0.8,0.1026569517,2.828427125
0,2000,0.75,1251,0.84,0.1027174271,2.449489743
0,2000,0.75,1251,0.88,0.1012138735,2.828427125
0,2000,0.75,1251,0.91,0.1059743549,3.464101615
0,2000,0.75,1251,0.92,0.09869178675,2
0,2000,0.75,1251,0.98,0.106518148,2.828427125
0,2000,0.75,1251,1,0.1122850132,2
0,2000,0.75,1251,1.02,0.1111162242,1.414213562
0,2000,0.75,1251,1.08,0.1125562915,4
0,2000,0.75,1251,1.09,0.09980185568,1.414213562
0,2000,0.75,1251,1.1,0.1270496545,2
0,2000,0.75,1251,1.12,0.1181219951,2
0,2000,0.75,1251,1.14,0.1240725578,2.828427125
0,2000,0.75,1251,1.15,0.1244943087,2
0,2000,0.75,1251,1.16,0.1340122614,2.828427125
0,2000,0.75,1251,1.17,0.1282978305,3.464101615
0,2000,0.75,1251,1.22,0.1307815218,2.828427125
0,2000,0.75,1251,1.25,0.1353634747,2
0,2000,0.75,1251,1.27,0.1210715934,1.414213562
0,2000,0.75,1251,1.29,0.1457362175,2
0,2000,0.75,1251,1.3,0.1446057492,2.828427125
0,2000,0.75,1251,1.31,0.1555016365,2
0,2000,0.75,1251,1.32,0.144026296,4
0,2000,0.75,1251,1.35,0.142992686,3.16227766
0,2000,0.75,1251,1.36,0.140351117,2.828427125
0,2000,0.75,1251,1.37,0.1603702958,2.828427125
0,2000,0.75,1251,1.38,0.1642216514,2
0,2000,0.75,1251,1.4,0.1576795756,2
0,2000,0.75,1251,1.42,0.1643515855,3.464101615
0,2000,0.75,1251,1.44,0.1607376989,2
0,2000,0.75,1251,1.46,0.1795002898,3.741657387
0,2000,0.75,1251,1.48,0.182008846,2.828427125
0,2000,0.75,1251,1.49,0.1764271459,2
0,2000,0.75,1251,1.5,0.1759546367,3.464101615
0,2000,0.75,1251,1.51,0.1654005564,2.828427125
0,2000,0.75,1251,1.52,0.1903789977,2
0,2000,0.75,1251,1.54,0.184340144,3.464101615
0,2000,0.75,1251,1.55,0.1812180637,2.828427125
0,2000,0.75,1251,1.56,0.1819445407,2.828427125
0,2000,0.75,1251,1.59,0.1726545996,2.828427125
0,2000,0.75,1251,1.6,0.1908967041,2
0,2000,0.75,1251,1.61,0.1878833298,3.464101615
0,2000,0.75,1251,1.62,0.1701667089,2
0,2000,0.75,1251,1.64,0.204939208,2.828427125
0,2000,0.75,1251,1.66,0.2059560243,4
0,2000,0.75,1251,1.67,0.2156767329,2
0,2000,0.75,1251,1.69,0.2116976013,2.449489743
0,2000,0.75,1251,1.71,0.2116134263,4
0,2000,0.75,1251,1.72,0.2142997018,3.464101615
0,2000,0.75,1251,1.73,0.2255177012,2
0,2000,0.75,1251,1.74,0.1982521987,2
0,2000,0.75,1251,1.75,0.2081093059,2.828427125
0,2000,0.75,1251,1.76,0.2144611646,2.828427125
0,2000,0.75,1251,1.78,0.2238895283,3.464101615
0,2000,0.75,1251,1.79,0.2239725393,2.828427125
0,2000,0.75,1251,1.81,0.2356191644,2.828427125
0,2000,0.75,1251,1.82,0.2320172588,3.464101615
0,2000,0.75,1251,1.83,0.228291995,2.828427125
0,2000,0.75,1251,1.84,0.2350424361,2
0,2000,0.75,1251,1.85,0.2446986963,2
0,2000,0.75,1251,1.86,0.2431861163,2.828427125
0,2000,0.75,1251,1.87,0.2548588376,2.828427125
0,2000,0.75,1251,1.89,0.236412134,2.828427125
0,2000,0.75,1251,1.93,0.2407781371,3.464101615
0,2000,0.75,1251,1.96,0.2453021461,4.898979486
0,2000,0.75,1251,1.97,0.2345478506,3.464101615
0,2000,0.75,1251,1.99,0.2563530122,3.464101615
0,2000,0.75,1251,2,0.2556662352,2.828427125
0,2000,0.75,1251,2.01,0.2611794798,2
0,2000,0.75,1251,2.03,0.2579087036,2.828427125
0,2000,0.75,1251,2.04,0.2666779615,2.828427125
0,2000,0.75,1251,2.05,0.2646392542,2.828427125
0,2000,0.75,1251,2.1,0.249421095,2.828427125
0,2000,0.75,1251,2.12,0.2620304339,2.828427125
0,2000,0.75,1251,2.15,0.2604545084,2.828427125
0,2000,0.75,1251,2.16,0.2500835314,3.464101615
0,2000,0.75,1251,2.18,0.2640185782,2.828427125
0,2000,0.75,1251,2.19,0.2600234303,2.828427125
0,2000,0.75,1251,2.23,0.2595227918,2
0,2000,0.75,1251,2.25,0.2477052775,2.828427125
0,2000,0.75,1251,2.26,0.2479472923,2.828427125
0,2000,0.75,1251,2.28,0.2463323199,2.828427125
0,2000,0.75,1251,2.33,0.2560167548,2.828427125
0,2000,0.75,1251,2.36,0.2501419949,2.828427125
0,2000,0.75,1251,2.42,0.2374415873,2.828427125
0,2000,0.75,1251,2.45,0.2467336928,2.828427125
0,2000,0.75,1251,2.61,0.2096553805,2.828427125
0,2000,0.8,1251,0.28,0.05929183724,1.414213562
0,2000,0.8,1251,0.52,0.08520707475,1.414213562
0,2000,0.8,1251,0.54,0.116421931,1.414213562
0,2000,0.8,1251,0.56,0.1069113364,1.414213562
0,2000,0.8,1251,0.59,0.1024881204,2
0,2000,0.8,1251,0.61,0.1062465492,2
0,2000,0.8,1251,0.75,0.08155114617,2
0,2000,0.8,1251,0.77,0.09214594641,2
0,2000,0.8,1251,0.78,0.1004649499,2
0,2000,0.8,1251,0.8,0.08836077548,2.828427125
0,2000,0.8,1251,0.84,0.09553955739,1.414213562
0,2000,0.8,1251,0.94,0.1027084964,2.828427125
0,2000,0.8,1251,0.99,0.1103122202,2
0,2000,0.8,1251,1,0.08937643859,2
0,2000,0.8,1251,1.05,0.1147965512,1.414213562
0,2000,0.8,1251,1.08,0.1130706292,2.449489743
0,2000,0.8,1251,1.12,0.114099572,2.449489743
0,2000,0.8,1251,1.13,0.1286856659,2.828427125
0,2000,0.8,1251,1.18,0.1163002077,2
0,2000,0.8,1251,1.19,0.1147853117,2
0,2000,0.8,1251,1.2,0.1275694636,2
0,2000,0.8,1251,1.21,0.1250885513,2.828427125
0,2000,0.8,1251,1.22,0.1207800381,2
0,2000,0.8,1251,1.23,0.1246071934,2
0,2000,0.8,1251,1.24,0.1219854811,3.464101615
0,2000,0.8,1251,1.31,0.1367902173,2.828427125
0,2000,0.8,1251,1.33,0.1355495854,2.828427125
0,2000,0.8,1251,1.34,0.1314858188,2
0,2000,0.8,1251,1.35,0.1421025894,2.828427125
0,2000,0.8,1251,1.37,0.138273596,2
0,2000,0.8,1251,1.45,0.137709464,2.828427125
0,2000,0.8,1251,1.47,0.1621873066,2.828427125
0,2000,0.8,1251,1.51,0.1544551155,2
0,2000,0.8,1251,1.53,0.1539653037,3.464101615
0,2000,0.8,1251,1.56,0.1675342915,2
0,2000,0.8,1251,1.57,0.1845861052,1.414213562
0,2000,0.8,1251,1.6,0.1869086591,2
0,2000,0.8,1251,1.61,0.1630485721,2.828427125
0,2000,0.8,1251,1.62,0.1709830756,2.828427125
0,2000,0.8,1251,1.63,0.1540879218,1.414213562
0,2000,0.8,1251,1.64,0.17382091,2.828427125
0,2000,0.8,1251,1.65,0.1731745359,2
0,2000,0.8,1251,1.66,0.179009076,2
0,2000,0.8,1251,1.67,0.16700705,2
0,2000,0.8,1251,1.69,0.1669770364,2.828427125
0,2000,0.8,1251,1.71,0.1903637986,2
0,2000,0.8,1251,1.72,0.182876974,3.464101615
0,2000,0.8,1251,1.73,0.1883708575,2.828427125
0,2000,0.8,1251,1.75,0.1761841852,2.828427125
0,2000,0.8,1251,1.78,0.2054373599,2
0,2000,0.8,1251,1.8,0.1919773073,2.828427125
0,2000,0.8,1251,1.83,0.1927220252,2
0,2000,0.8,1251,1.86,0.2007509167,2.828427125
0,2000,0.8,1251,1.88,0.2008087551,2.828427125
0,2000,0.8,1251,1.9,0.195050646,2.828427125
0,2000,0.8,1251,1.91,0.2040875332,2
0,2000,0.8,1251,1.93,0.195571808,4
0,2000,0.8,1251,1.95,0.2073956358,2.828427125
0,2000,0.8,1251,1.97,0.2003212205,2
0,2000,0.8,1251,1.99,0.1957259309,2.828427125
0,2000,0.8,1251,2,0.1987006631,2.828427125
0,2000,0.8,1251,2.01,0.2062570102,2.828427125
0,2000,0.8,1251,2.04,0.2154032577,2.828427125
0,2000,0.8,1251,2.08,0.1981010729,2.828427125
0,2000,0.8,1251,2.09,0.2140424858,1.414213562
0,2000,0.8,1251,2.11,0.2011256801,3.464101615
0,2000,0.8,1251,2.16,0.1959085821,2
0,2000,0.8,1251,2.17,0.2031581757,2.449489743
0,2000,0.8,1251,2.18,0.2096562426,2.828427125
0,2000,0.8,1251,2.19,0.1977603382,2
0,2000,0.8,1251,2.21,0.2083999857,2.828427125
0,2000,0.8,1251,2.23,0.1997057034,4.472135955
0,2000,0.8,1251,2.24,0.2072065063,2
0,2000,0.8,1251,2.25,0.2181123482,2.828427125
0,2000,0.8,1251,2.26,0.2013554474,2.828427125
0,2000,0.8,1251,2.28,0.20084078,2.828427125
0,2000,0.8,1251,2.3,0.1867842768,2.828427125
0,2000,0.8,1251,2.32,0.2029085608,2.828427125
0,2000,0.8,1251,2.33,0.197284512,3.464101615
0,2000,0.8,1251,2.36,0.2177048575,2
0,2000,0.8,1251,2.37,0.1934339974,2
0,2000,0.8,1251,2.38,0.2027309582,4
0,2000,0.8,1251,2.41,0.1939025244,3.464101615
0,2000,0.8,1251,2.42,0.1962619837,4
0,2000,0.8,1251,2.44,0.1929277834,3.464101615
0,2000,0.8,1251,2.47,0.1856682164,2.828427125
0,2000,0.8,1251,2.5,0.1876745571,4
0,2000,0.8,1251,2.52,0.1894145243,2.828427125
0,2000,0.8,1251,2.55,0.1822826339,2.828427125
0,2000,0.8,1251,2.61,0.1882266175,2.828427125
0,2000,0.8,1251,2.65,0.1795065204,3.464101615
0,2000,0.8,1251,2.67,0.1777076421,2.828427125
0,2000,0.8,1251,2.68,0.1742150576,2
0,2000,0.8,1251,2.69,0.1807292223,2.828427125
0,2000,0.8,1251,2.71,0.1739453484,2.828427125
0,2000,0.8,1251,2.74,0.1676968487,2.828427125
0,2000,0.8,1251,2.78,0.1744560379,2.828427125
0,2000,0.8,1251,2.81,0.1717114367,2.828427125
0,2000,0.8,1251,2.88,0.1645942696,2.828427125
0,2000,0.8,1251,2.9,0.1695591854,2.828427125
0,2000,0.8,1251,3.02,0.1564478424,2
0,2000,0.8,1251,3.03,0.1511757663,2.828427125
0,2000,0.8,1251,3.07,0.1535100351,2.828427125
0,2000,0.8,1251,3.13,0.1449680159,2.828427125
0,2000,0.8,1251,3.22,0.1407862776,2.828427125
0,2000,0.85,1251,0.33,0.07737910115,1.414213562
0,2000,0.85,1251,0.38,0.09129007825,1.414213562
0,2000,0.85,1251,0.42,0.07122683956,1.414213562
0,2000,0.85,1251,0.51,0.0685634627,2
0,2000,0.85,1251,0.54,0.07769143565,2
0,2000,0.85,1251,0.57,0.08561733288,2
0,2000,0.85,1251,0.66,0.09469897889,3.16227766
0,2000,0.85,1251,0.77,0.09313113868,2.449489743
0,2000,0.85,1251,0.78,0.08381278195,2
0,2000,0.85,1251,0.84,0.09238340077,2.449489743
0,2000,0.85,1251,0.87,0.08875624882,2.828427125
0,2000,0.85,1251,0.88,0.09264540807,2
0,2000,0.85,1251,0.9,0.1062520219,2
0,2000,0.85,1251,0.92,0.09006065905,2
0,2000,0.85,1251,0.94,0.09827638805,2.828427125
0,2000,0.85,1251,0.98,0.08083235429,2.828427125
0,2000,0.85,1251,0.99,0.07147846999,1.414213562
0,2000,0.85,1251,1.02,0.09129396808,2
0,2000,0.85,1251,1.06,0.1081092143,2
0,2000,0.85,1251,1.07,0.09750705268,2
0,2000,0.85,1251,1.08,0.105996007,2
0,2000,0.85,1251,1.1,0.1083974257,2.828427125
0,2000,0.85,1251,1.14,0.1035506536,4.472135955
0,2000,0.85,1251,1.15,0.09999217448,1.414213562
0,2000,0.85,1251,1.19,0.1049000218,2.828427125
0,2000,0.85,1251,1.2,0.1022094859,2
0,2000,0.85,1251,1.23,0.1036814275,2
0,2000,0.85,1251,1.26,0.1183325327,2.449489743
0,2000,0.85,1251,1.27,0.1120197685,2.828427125
0,2000,0.85,1251,1.3,0.1168701307,2.828427125
0,2000,0.85,1251,1.32,0.1173803649,4.69041576
0,2000,0.85,1251,1.33,0.1056868761,2
0,2000,0.85,1251,1.36,0.1168876173,4
0,2000,0.85,1251,1.38,0.1198418853,2
0,2000,0.85,1251,1.39,0.1115413774,2
0,2000,0.85,1251,1.4,0.1075822706,2.828427125
0,2000,0.85,1251,1.42,0.125698916,2
0,2000,0.85,1251,1.43,0.1248364145,2
0,2000,0.85,1251,1.44,0.1088228705,2.828427125
0,2000,0.85,1251,1.47,0.1199092505,2.828427125
0,2000,0.85,1251,1.48,0.1290635827,3.464101615
0,2000,0.85,1251,1.51,0.1264993995,4
0,2000,0.85,1251,1.52,0.1221144023,2
0,2000,0.85,1251,1.53,0.1245084304,2
0,2000,0.85,1251,1.54,0.1214429558,1.414213562
0,2000,0.85,1251,1.57,0.129006783,4
0,2000,0.85,1251,1.58,0.1242482691,2.828427125
0,2000,0.85,1251,1.59,0.1348203541,2.828427125
0,2000,0.85,1251,1.6,0.1449216526,2
0,2000,0.85,1251,1.61,0.1422782144,3.464101615
0,2000,0.85,1251,1.62,0.1437095185,2.828427125
0,2000,0.85,1251,1.63,0.1381093318,2.828427125
0,2000,0.85,1251,1.65,0.1310984497,2.828427125
0,2000,0.85,1251,1.68,0.1430200416,2.449489743
0,2000,0.85,1251,1.71,0.136142525,2.828427125
0,2000,0.85,1251,1.73,0.1423959936,3.464101615
0,2000,0.85,1251,1.74,0.1472068598,4
0,2000,0.85,1251,1.75,0.1417362099,3.464101615
0,2000,0.85,1251,1.76,0.1390810365,3.464101615
0,2000,0.85,1251,1.78,0.1403106264,2.828427125
0,2000,0.85,1251,1.79,0.1422226635,2.828427125
0,2000,0.85,1251,1.81,0.1471203103,3.464101615
0,2000,0.85,1251,1.83,0.1455064649,4
0,2000,0.85,1251,1.85,0.1572771881,3.464101615
0,2000,0.85,1251,1.87,0.151462801,4
0,2000,0.85,1251,1.88,0.1514786271,4
0,2000,0.85,1251,1.95,0.1516610316,3.464101615
0,2000,0.85,1251,1.96,0.158981331,2.828427125
0,2000,0.85,1251,1.98,0.1467954039,4
0,2000,0.85,1251,1.99,0.158162186,3.464101615
0,2000,0.85,1251,2.02,0.1557222009,4
0,2000,0.85,1251,2.03,0.1562703636,2
0,2000,0.85,1251,2.04,0.1599113629,2
0,2000,0.85,1251,2.07,0.1580240586,4
0,2000,0.85,1251,2.1,0.1561717666,4
0,2000,0.85,1251,2.14,0.1533192728,3.464101615
0,2000,0.85,1251,2.16,0.1507513356,2.828427125
0,2000,0.85,1251,2.17,0.1541458233,2.828427125
0,2000,0.85,1251,2.2,0.1595327864,2.828427125
0,2000,0.85,1251,2.22,0.1458387028,2.828427125
0,2000,0.85,1251,2.27,0.1519117879,4
0,2000,0.85,1251,2.28,0.1434945557,2
0,2000,0.85,1251,2.3,0.1431256826,2.828427125
0,2000,0.85,1251,2.37,0.1475271853,2.828427125
0,2000,0.85,1251,2.39,0.1461333265,2.828427125
0,2000,0.85,1251,2.43,0.142510963,2.828427125
0,2000,0.85,1251,2.49,0.1413295849,2.828427125
0,2000,0.85,1251,2.64,0.1392842609,2.828427125
0,2000,0.9,1251,0.33,0.06186771914,1.414213562
0,2000,0.9,1251,0.38,0.05276242886,1.414213562
0,2000,0.9,1251,0.43,0.09471396559,1.414213562
0,2000,0.9,1251,0.51,0.07326669604,2
0,2000,0.9,1251,0.54,0.05675789254,2
0,2000,0.9,1251,0.57,0.07189088798,2
0,2000,0.9,1251,0.66,0.06524326046,3.16227766
0,2000,0.9,1251,0.77,0.06869846757,2.449489743
0,2000,0.9,1251,0.79,0.05964387887,2
0,2000,0.9,1251,0.84,0.07140909261,2
0,2000,0.9,1251,0.85,0.1019406514,1.414213562
0,2000,0.9,1251,0.88,0.06325807587,3.464101615
0,2000,0.9,1251,0.91,0.07186866784,2
0,2000,0.9,1251,0.93,0.08202810195,2
0,2000,0.9,1251,0.94,0.0784209534,2.828427125
0,2000,0.9,1251,0.99,0.07524113437,2.828427125
0,2000,0.9,1251,1,0.06649016881,1.414213562
0,2000,0.9,1251,1.01,0.06891615418,2
0,2000,0.9,1251,1.07,0.07729590287,2
0,2000,0.9,1251,1.08,0.06771671741,2.828427125
0,2000,0.9,1251,1.1,0.08011198694,2.828427125
0,2000,0.9,1251,1.15,0.07746911515,4.69041576
0,2000,0.9,1251,1.19,0.07994586443,2.828427125
0,2000,0.9,1251,1.2,0.0785690857,2
0,2000,0.9,1251,1.23,0.07476571516,2
0,2000,0.9,1251,1.26,0.0744621126,2
0,2000,0.9,1251,1.27,0.07894682919,2.828427125
0,2000,0.9,1251,1.28,0.06734839579,1.414213562
0,2000,0.9,1251,1.31,0.08906208826,2
0,2000,0.9,1251,1.32,0.08906281424,3.464101615
0,2000,0.9,1251,1.33,0.08832158042,4.242640687
0,2000,0.9,1251,1.37,0.08563661193,4
0,2000,0.9,1251,1.38,0.08467614231,2
0,2000,0.9,1251,1.39,0.08203722819,2
0,2000,0.9,1251,1.4,0.08539268921,2.828427125
0,2000,0.9,1251,1.43,0.09414649786,2
0,2000,0.9,1251,1.44,0.08861537333,2
0,2000,0.9,1251,1.45,0.09170102966,2.828427125
0,2000,0.9,1251,1.47,0.09476582294,2.828427125
0,2000,0.9,1251,1.49,0.09230676065,3.464101615
0,2000,0.9,1251,1.52,0.0904033921,3.464101615
0,2000,0.9,1251,1.53,0.09492191412,3.741657387
0,2000,0.9,1251,1.57,0.08703578971,2
0,2000,0.9,1251,1.58,0.09949037688,4.472135955
0,2000,0.9,1251,1.59,0.09449229824,3.464101615
0,2000,0.9,1251,1.62,0.09588089144,3.464101615
0,2000,0.9,1251,1.63,0.09904477069,4
0,2000,0.9,1251,1.66,0.1024419087,2.828427125
0,2000,0.9,1251,1.67,0.09907364611,2
0,2000,0.9,1251,1.7,0.09274808421,1.414213562
0,2000,0.9,1251,1.72,0.09156574785,2
0,2000,0.9,1251,1.73,0.0954112603,2.828427125
0,2000,0.9,1251,1.74,0.100843765,3.464101615
0,2000,0.9,1251,1.75,0.1023137716,4.898979486
0,2000,0.9,1251,1.76,0.09475917894,2
0,2000,0.9,1251,1.78,0.09497172577,2.828427125
0,2000,0.9,1251,1.79,0.1053528448,4
0,2000,0.9,1251,1.81,0.1024174546,2.828427125
0,2000,0.9,1251,1.83,0.1002988245,2.828427125
0,2000,0.9,1251,1.84,0.1041369357,3.464101615
0,2000,0.9,1251,1.87,0.09745922492,3.464101615
0,2000,0.9,1251,1.88,0.09978770627,4.898979486
0,2000,0.9,1251,1.9,0.1033934459,2.828427125
0,2000,0.9,1251,1.95,0.1011071542,2.828427125
0,2000,0.9,1251,1.97,0.1087760813,2
0,2000,0.9,1251,1.98,0.09969951402,2.828427125
0,2000,0.9,1251,1.99,0.1079466575,2.828427125
0,2000,0.9,1251,2,0.1003011109,3.464101615
0,2000,0.9,1251,2.01,0.09725050037,2.828427125
0,2000,0.9,1251,2.02,0.09757322782,4
0,2000,0.9,1251,2.03,0.09829833446,2
0,2000,0.9,1251,2.06,0.09749078225,2
0,2000,0.9,1251,2.07,0.1051759525,2.828427125
0,2000,0.9,1251,2.08,0.1033336089,2.828427125
0,2000,0.9,1251,2.1,0.0979014996,2.828427125
0,2000,0.9,1251,2.12,0.1046644143,2.828427125
0,2000,0.9,1251,2.16,0.1064226322,3.464101615
0,2000,0.9,1251,2.17,0.1049920791,2.828427125
0,2000,0.9,1251,2.19,0.1059196099,2.828427125
0,2000,0.9,1251,2.2,0.1027970411,2.828427125
0,2000,0.9,1251,2.23,0.09766675751,2.828427125
0,2000,0.9,1251,2.28,0.09966005235,2.828427125
0,2000,0.9,1251,2.29,0.09964909906,3.464101615
0,2000,0.9,1251,2.32,0.1044475611,2.828427125
0,2000,0.9,1251,2.39,0.09439384726,2.828427125
0,2000,0.9,1251,2.4,0.09989607026,2.828427125
0,2000,0.9,1251,2.45,0.09283417303,2.828427125
0,2000,0.9,1251,2.5,0.09822741233,2.828427125
0,2000,0.9,1251,2.65,0.08903941313,2.828427125
10,2000,0.1,1251,0.28,0.04925854078,1.414213562
10,2000,0.1,1251,0.43,0.08491468428,1.414213562
10,2000,0.1,1251,0.5,0.04427426588,1.414213562
10,2000,0.1,1251,0.51,0.04422771819,2
10,2000,0.1,1251,0.55,0.03412542294,1.414213562
10,2000,0.1,1251,0.57,0.05536741977,2
10,2000,0.1,1251,0.66,0.06000793923,2
10,2000,0.1,1251,0.7,0.07172441808,2
10,2000,0.1,1251,0.71,0.07154876746,2.828427125
10,2000,0.1,1251,0.74,0.07388990565,2
10,2000,0.1,1251,0.83,0.05846506162,1.414213562
10,2000,0.1,1251,0.86,0.05523698534,3.16227766
10,2000,0.1,1251,0.9,0.06383547641,2
10,2000,0.1,1251,0.93,0.05059132872,2
10,2000,0.1,1251,0.97,0.05844916431,2
10,2000,0.1,1251,0.99,0.07297726145,2
10,2000,0.1,1251,1,0.07038108006,1.414213562
10,2000,0.1,1251,1.02,0.06875033049,2
10,2000,0.1,1251,1.03,0.08034294124,2.828427125
10,2000,0.1,1251,1.04,0.0722718471,2
10,2000,0.1,1251,1.06,0.07673521319,2.828427125
10,2000,0.1,1251,1.09,0.06702886467,2
10,2000,0.1,1251,1.1,0.06148023236,1.414213562
10,2000,0.1,1251,1.12,0.08529195111,2.828427125
10,2000,0.1,1251,1.13,0.07157937789,2.828427125
10,2000,0.1,1251,1.14,0.06324381036,2
10,2000,0.1,1251,1.18,0.06429979257,2
10,2000,0.1,1251,1.19,0.07392998328,2
10,2000,0.1,1251,1.21,0.07329861155,2
10,2000,0.1,1251,1.22,0.08455545587,2.828427125
10,2000,0.1,1251,1.28,0.08278727329,3.16227766
10,2000,0.1,1251,1.29,0.07160450462,2.828427125
10,2000,0.1,1251,1.3,0.07282266464,2
10,2000,0.1,1251,1.31,0.08443383194,2
10,2000,0.1,1251,1.32,0.06704930818,2
10,2000,0.1,1251,1.35,0.08277670699,2.828427125
10,2000,0.1,1251,1.37,0.07776671096,2.828427125
10,2000,0.1,1251,1.38,0.07635078637,2
10,2000,0.1,1251,1.39,0.07166243171,2
10,2000,0.1,1251,1.4,0.08725365773,3.464101615
10,2000,0.1,1251,1.43,0.07192005294,2.828427125
10,2000,0.1,1251,1.48,0.08367628166,4
10,2000,0.1,1251,1.49,0.0742507186,2
10,2000,0.1,1251,1.5,0.0884854102,1.414213562
10,2000,0.1,1251,1.53,0.07961209833,2.828427125
10,2000,0.1,1251,1.55,0.08075435075,4
10,2000,0.1,1251,1.56,0.1022354633,2
10,2000,0.1,1251,1.59,0.09118594405,2.828427125
10,2000,0.1,1251,1.6,0.07739929968,2
10,2000,0.1,1251,1.61,0.09045047424,2.828427125
10,2000,0.1,1251,1.63,0.09034179061,2
10,2000,0.1,1251,1.65,0.08048569835,2.828427125
10,2000,0.1,1251,1.66,0.07723064082,2.828427125
10,2000,0.1,1251,1.69,0.08528868721,2
10,2000,0.1,1251,1.71,0.08943388761,2.449489743
10,2000,0.1,1251,1.72,0.08614550948,4
10,2000,0.1,1251,1.73,0.09052597805,2.828427125
10,2000,0.1,1251,1.75,0.08734459405,2.828427125
10,2000,0.1,1251,1.76,0.09005675628,2.828427125
10,2000,0.1,1251,1.77,0.09035703521,2.828427125
10,2000,0.1,1251,1.78,0.0843496469,2
10,2000,0.1,1251,1.8,0.09234653081,3.464101615
10,2000,0.1,1251,1.81,0.08202232973,2.828427125
10,2000,0.1,1251,1.83,0.0928301956,2.828427125
10,2000,0.1,1251,1.86,0.0880566355,2
10,2000,0.1,1251,1.87,0.09134429107,2.828427125
10,2000,0.1,1251,1.9,0.1012645826,2
10,2000,0.1,1251,1.91,0.09896502902,2.828427125
10,2000,0.1,1251,1.92,0.09550852975,2.828427125
10,2000,0.1,1251,1.96,0.09640419986,2.828427125
10,2000,0.1,1251,1.97,0.09227847398,2.828427125
10,2000,0.1,1251,1.98,0.1004307282,2.828427125
10,2000,0.1,1251,1.99,0.1013114661,2.828427125
10,2000,0.1,1251,2,0.0925834773,3.16227766
10,2000,0.1,1251,2.02,0.09438019922,2
10,2000,0.1,1251,2.03,0.0933604167,2
10,2000,0.1,1251,2.05,0.1031561874,4.472135955
10,2000,0.1,1251,2.06,0.106736513,2.828427125
10,2000,0.1,1251,2.07,0.1004743748,2.828427125
10,2000,0.1,1251,2.08,0.08965722794,2
10,2000,0.1,1251,2.1,0.0994287684,2.828427125
10,2000,0.1,1251,2.12,0.101861176,2.828427125
10,2000,0.1,1251,2.14,0.09877873627,2.828427125
10,2000,0.1,1251,2.15,0.09772977415,2.828427125
10,2000,0.1,1251,2.17,0.09470279939,2
10,2000,0.1,1251,2.18,0.09222021369,2
10,2000,0.1,1251,2.19,0.09510733706,2.828427125
10,2000,0.1,1251,2.21,0.104463968,2.828427125
10,2000,0.1,1251,2.25,0.09983285029,2.828427125
10,2000,0.1,1251,2.26,0.1050207037,2.828427125
10,2000,0.1,1251,2.27,0.1096995561,2.828427125
10,2000,0.1,1251,2.28,0.09380620846,2
10,2000,0.1,1251,2.29,0.1054881322,3.464101615
10,2000,0.1,1251,2.33,0.10244896,4
10,2000,0.1,1251,2.34,0.1021732874,2.828427125
10,2000,0.1,1251,2.38,0.1052518854,2
10,2000,0.1,1251,2.39,0.1083664254,2.828427125
10,2000,0.1,1251,2.42,0.1050459402,2.828427125
10,2000,0.1,1251,2.44,0.1038772181,4
10,2000,0.1,1251,2.52,0.1037349642,2.828427125
10,2000,0.1,1251,2.53,0.1117005207,2.828427125
10,2000,0.1,1251,2.62,0.107078843,2.828427125
10,2000,0.1,1251,2.63,0.1038705603,2
10,2000,0.1,1251,2.65,0.1100074027,2.828427125
10,2000,0.1,1251,2.69,0.1074880169,2.828427125
10,2000,0.1,1251,2.76,0.1106544182,2.828427125
10,2000,0.1,1251,2.85,0.1124429267,2.828427125
10,2000,0.2,1251,0.51,0.08695756086,1.414213562
10,2000,0.2,1251,0.52,0.07637677638,1.414213562
10,2000,0.2,1251,0.54,0.07989297938,1.414213562
10,2000,0.2,1251,0.73,0.07116963398,2
10,2000,0.2,1251,0.74,0.07100745371,2
10,2000,0.2,1251,0.75,0.0635834518,2
10,2000,0.2,1251,0.9,0.08360002236,2.828427125
10,2000,0.2,1251,1.02,0.09398788773,1.414213562
10,2000,0.2,1251,1.04,0.102235209,1.414213562
10,2000,0.2,1251,1.07,0.06591628403,1.414213562
10,2000,0.2,1251,1.15,0.07690066887,2
10,2000,0.2,1251,1.16,0.1096903256,2.828427125
10,2000,0.2,1251,1.17,0.1053227025,2
10,2000,0.2,1251,1.19,0.09896550109,2.828427125
10,2000,0.2,1251,1.27,0.1210168974,2.828427125
10,2000,0.2,1251,1.28,0.1103261157,2.828427125
10,2000,0.2,1251,1.3,0.1163254721,2.828427125
10,2000,0.2,1251,1.46,0.1403348058,2
10,2000,0.2,1251,1.48,0.1171747817,2
10,2000,0.2,1251,1.49,0.1244388832,2
10,2000,0.2,1251,1.54,0.1506070721,1.414213562
10,2000,0.2,1251,1.55,0.1234896531,2.828427125
10,2000,0.2,1251,1.56,0.1292087359,1.414213562
10,2000,0.2,1251,1.57,0.1360225926,2.828427125
10,2000,0.2,1251,1.58,0.1531178216,2.828427125
10,2000,0.2,1251,1.61,0.1423654487,1.414213562
10,2000,0.2,1251,1.62,0.138475565,2
10,2000,0.2,1251,1.63,0.1582227914,2
10,2000,0.2,1251,1.64,0.1247485169,2
10,2000,0.2,1251,1.65,0.1146489751,2
10,2000,0.2,1251,1.69,0.1388436042,2.828427125
10,2000,0.2,1251,1.71,0.1505482615,2.828427125
10,2000,0.2,1251,1.73,0.153088614,2.828427125
10,2000,0.2,1251,1.76,0.1779829138,2.828427125
10,2000,0.2,1251,1.81,0.1792271751,2.828427125
10,2000,0.2,1251,1.85,0.180418387,2
10,2000,0.2,1251,1.86,0.1586587504,2
10,2000,0.2,1251,1.87,0.1900411782,2
10,2000,0.2,1251,1.89,0.1953385375,2
10,2000,0.2,1251,1.91,0.1605159766,2.828427125
10,2000,0.2,1251,1.93,0.1809560887,2.828427125
10,2000,0.2,1251,1.94,0.1861744125,4
10,2000,0.2,1251,1.96,0.1795153759,2.828427125
10,2000,0.2,1251,1.97,0.1870402439,2.828427125
10,2000,0.2,1251,1.98,0.1848122746,2.828427125
10,2000,0.2,1251,2.05,0.1832233358,1.414213562
10,2000,0.2,1251,2.08,0.1733815419,1.414213562
10,2000,0.2,1251,2.11,0.1972476505,2
10,2000,0.2,1251,2.12,0.2023106306,2
10,2000,0.2,1251,2.14,0.196684735,3.741657387
10,2000,0.2,1251,2.15,0.1973444188,3.464101615
10,2000,0.2,1251,2.17,0.2123784377,2.828427125
10,2000,0.2,1251,2.18,0.188923832,2.828427125
10,2000,0.2,1251,2.19,0.1879460161,2
10,2000,0.2,1251,2.2,0.2131909693,2.828427125
10,2000,0.2,1251,2.21,0.1936908085,2.828427125
10,2000,0.2,1251,2.22,0.2154699429,2
10,2000,0.2,1251,2.24,0.2004695348,2
10,2000,0.2,1251,2.25,0.2175104178,2.828427125
10,2000,0.2,1251,2.26,0.1940802426,2.828427125
10,2000,0.2,1251,2.28,0.2172247305,2.828427125
10,2000,0.2,1251,2.3,0.204728665,3.464101615
10,2000,0.2,1251,2.31,0.208353507,2
10,2000,0.2,1251,2.32,0.2348170562,2
10,2000,0.2,1251,2.34,0.2072791726,2
10,2000,0.2,1251,2.36,0.2149478748,2.828427125
10,2000,0.2,1251,2.37,0.2398185885,3.464101615
10,2000,0.2,1251,2.38,0.2243723408,3.464101615
10,2000,0.2,1251,2.39,0.2056815284,2.828427125
10,2000,0.2,1251,2.43,0.2227713463,2.828427125
10,2000,0.2,1251,2.44,0.2173766874,4
10,2000,0.2,1251,2.45,0.2016304447,2.828427125
10,2000,0.2,1251,2.46,0.2222887887,2.828427125
10,2000,0.2,1251,2.53,0.2060853462,2.828427125
10,2000,0.2,1251,2.55,0.2212714902,2.828427125
10,2000,0.2,1251,2.57,0.2129619662,2
10,2000,0.2,1251,2.58,0.2370390512,2
10,2000,0.2,1251,2.59,0.2193059435,2.828427125
10,2000,0.2,1251,2.6,0.2132716505,2
10,2000,0.2,1251,2.63,0.2331994156,3.464101615
10,2000,0.2,1251,2.64,0.2390741893,3.464101615
10,2000,0.2,1251,2.65,0.2282346479,3.464101615
10,2000,0.2,1251,2.68,0.2087024718,2.828427125
10,2000,0.2,1251,2.69,0.2280782748,2.828427125
10,2000,0.2,1251,2.7,0.2038728008,2.828427125
10,2000,0.2,1251,2.71,0.2138181118,2.828427125
10,2000,0.2,1251,2.79,0.2198272841,2.828427125
10,2000,0.2,1251,2.8,0.2073288444,4
10,2000,0.2,1251,2.82,0.2108518855,2.828427125
10,2000,0.2,1251,2.83,0.2140398716,2.828427125
10,2000,0.2,1251,2.84,0.2035364158,2.828427125
10,2000,0.2,1251,2.92,0.2046506678,2
10,2000,0.2,1251,2.96,0.1885423856,2
10,2000,0.2,1251,2.97,0.1967546624,2.828427125
10,2000,0.2,1251,2.99,0.1916426465,2
10,2000,0.2,1251,3.01,0.1868248106,2.828427125
10,2000,0.2,1251,3.03,0.1618152369,4
10,2000,0.2,1251,3.04,0.1618578317,2.828427125
10,2000,0.2,1251,3.06,0.166850983,2.828427125
10,2000,0.2,1251,3.11,0.1361427788,2.828427125
10,2000,0.2,1251,3.14,0.1383114714,2.828427125
10,2000,0.2,1251,3.16,0.1335053798,2.828427125
10,2000,0.2,1251,3.33,0.1096040315,2.828427125
10,2000,0.2,1251,3.35,0.112939673,2.828427125
10,2000,0.2,1251,3.36,0.1119329525,2.828427125
10,2000,0.2,1251,3.62,0.116197441,2.828427125
10,2000,0.3,1251,0.34,0.05589833132,1.414213562
10,2000,0.3,1251,0.41,0.06447666363,1.414213562
10,2000,0.3,1251,0.49,0.06937899907,1.414213562
10,2000,0.3,1251,0.53,0.08235651916,2
10,2000,0.3,1251,0.6,0.06957509016,2
10,2000,0.3,1251,0.64,0.05261798413,2
10,2000,0.3,1251,0.68,0.0607326983,1.414213562
10,2000,0.3,1251,0.72,0.06543797068,2.828427125
10,2000,0.3,1251,0.79,0.08519096775,2
10,2000,0.3,1251,0.82,0.07615862589,1.414213562
10,2000,0.3,1251,0.84,0.07240209915,2
10,2000,0.3,1251,0.88,0.08478302198,2
10,2000,0.3,1251,0.93,0.08173147705,2.828427125
10,2000,0.3,1251,0.95,0.09264592592,2
10,2000,0.3,1251,0.99,0.09984810429,1.414213562
10,2000,0.3,1251,1.01,0.09821642583,3.16227766
10,2000,0.3,1251,1.04,0.08453165132,2
10,2000,0.3,1251,1.06,0.0964963116,2
10,2000,0.3,1251,1.07,0.09594895799,2
10,2000,0.3,1251,1.09,0.09500176407,2
10,2000,0.3,1251,1.12,0.1073150729,2.828427125
10,2000,0.3,1251,1.13,0.09896420277,2
10,2000,0.3,1251,1.17,0.09572880258,2.828427125
10,2000,0.3,1251,1.2,0.1086457094,3.464101615
10,2000,0.3,1251,1.22,0.1408413573,1.414213562
10,2000,0.3,1251,1.26,0.1098975172,2.828427125
10,2000,0.3,1251,1.27,0.1342134062,2
10,2000,0.3,1251,1.28,0.1173837092,2
10,2000,0.3,1251,1.3,0.1599712366,2
10,2000,0.3,1251,1.32,0.1221216878,3.464101615
10,2000,0.3,1251,1.35,0.1105537014,1.414213562
10,2000,0.3,1251,1.36,0.1393147672,2.828427125
10,2000,0.3,1251,1.39,0.1349631027,2.828427125
10,2000,0.3,1251,1.4,0.1521388031,2
10,2000,0.3,1251,1.41,0.1295700314,2.828427125
10,2000,0.3,1251,1.44,0.151637006,2
10,2000,0.3,1251,1.45,0.1728133207,2.828427125
10,2000,0.3,1251,1.47,0.1481595228,2.828427125
10,2000,0.3,1251,1.48,0.1445345736,3.16227766
10,2000,0.3,1251,1.5,0.1426603345,2.828427125
10,2000,0.3,1251,1.52,0.1500342328,2
10,2000,0.3,1251,1.53,0.1420933999,2
10,2000,0.3,1251,1.57,0.1890217587,3.464101615
10,2000,0.3,1251,1.58,0.2108061069,2
10,2000,0.3,1251,1.59,0.2135787577,2
10,2000,0.3,1251,1.61,0.156094913,2.828427125
10,2000,0.3,1251,1.63,0.1862387802,3.741657387
10,2000,0.3,1251,1.65,0.2235231098,2.828427125
10,2000,0.3,1251,1.66,0.1733506301,2.828427125
10,2000,0.3,1251,1.67,0.2051809892,2.828427125
10,2000,0.3,1251,1.68,0.1925523416,2.828427125
10,2000,0.3,1251,1.69,0.1903029788,2
10,2000,0.3,1251,1.71,0.2073447505,3.464101615
10,2000,0.3,1251,1.72,0.2078185137,4
10,2000,0.3,1251,1.74,0.1801324227,2.828427125
10,2000,0.3,1251,1.77,0.2234000199,2
10,2000,0.3,1251,1.79,0.2057280679,2
10,2000,0.3,1251,1.82,0.2439135842,3.464101615
10,2000,0.3,1251,1.83,0.222306032,2.828427125
10,2000,0.3,1251,1.84,0.2441809492,2.828427125
10,2000,0.3,1251,1.86,0.2121152273,2.828427125
10,2000,0.3,1251,1.87,0.2281881882,2.828427125
10,2000,0.3,1251,1.89,0.234142765,2.828427125
10,2000,0.3,1251,1.91,0.2282034199,2
10,2000,0.3,1251,1.92,0.2566607307,2.828427125
10,2000,0.3,1251,1.94,0.2267678739,2.828427125
10,2000,0.3,1251,1.95,0.2454308339,2.828427125
10,2000,0.3,1251,1.97,0.2596233578,3.16227766
10,2000,0.3,1251,1.98,0.2519930311,2.828427125
10,2000,0.3,1251,2,0.281341543,2.828427125
10,2000,0.3,1251,2.01,0.2752211846,2
10,2000,0.3,1251,2.02,0.2457549355,2.828427125
10,2000,0.3,1251,2.04,0.2561094575,4
10,2000,0.3,1251,2.05,0.2657064069,2.828427125
10,2000,0.3,1251,2.07,0.2844631936,2.828427125
10,2000,0.3,1251,2.08,0.3243400995,2
10,2000,0.3,1251,2.12,0.2727170423,3.464101615
10,2000,0.3,1251,2.13,0.2987604941,2
10,2000,0.3,1251,2.16,0.2889442593,4.898979486
10,2000,0.3,1251,2.17,0.2975315384,2.828427125
10,2000,0.3,1251,2.18,0.2621577565,2.828427125
10,2000,0.3,1251,2.2,0.3000433173,2
10,2000,0.3,1251,2.22,0.2672965791,2
10,2000,0.3,1251,2.23,0.2853411697,2.828427125
10,2000,0.3,1251,2.24,0.3253409879,2.828427125
10,2000,0.3,1251,2.25,0.2928274607,2.828427125
10,2000,0.3,1251,2.3,0.3212575248,2.828427125
10,2000,0.3,1251,2.32,0.3093480496,2
10,2000,0.3,1251,2.34,0.2831284001,2.828427125
10,2000,0.3,1251,2.35,0.312770561,4
10,2000,0.3,1251,2.36,0.3034099212,2.828427125
10,2000,0.3,1251,2.39,0.3292476268,2
10,2000,0.3,1251,2.42,0.3206074507,2.828427125
10,2000,0.3,1251,2.43,0.3047890225,4
10,2000,0.3,1251,2.53,0.3131191915,4
10,2000,0.3,1251,2.56,0.2896202202,2
10,2000,0.3,1251,2.58,0.2866597962,4
10,2000,0.3,1251,2.65,0.3071193079,2.828427125
10,2000,0.3,1251,2.69,0.2945964919,2.828427125
10,2000,0.3,1251,2.75,0.2921202164,2.828427125
10,2000,0.3,1251,2.9,0.2753383276,2.828427125
10,2000,0.4,799,0.36,0.02763144568,1.414213562
10,2000,0.4,799,0.39,0.04280923548,1.414213562
10,2000,0.4,799,0.51,0.05136971147,1.414213562
10,2000,0.4,799,0.53,0.04540697961,2
10,2000,0.4,799,0.63,0.05872964959,2
10,2000,0.4,799,0.65,0.06384913372,2
10,2000,0.4,799,0.72,0.09135511654,1.414213562
10,2000,0.4,799,0.74,0.06673211804,2.828427125
10,2000,0.4,799,0.79,0.05654819856,1.414213562
10,2000,0.4,799,0.82,0.06473011645,2
10,2000,0.4,799,0.87,0.08663980943,2
10,2000,0.4,799,0.89,0.08501843099,2
10,2000,0.4,799,0.94,0.06670493881,2
10,2000,0.4,799,0.97,0.077986706,2.828427125
10,2000,0.4,799,1.01,0.08166696826,2.828427125
10,2000,0.4,799,1.02,0.06568811117,1.414213562
10,2000,0.4,799,1.07,0.06876467535,2
10,2000,0.4,799,1.08,0.08726987878,1.414213562
10,2000,0.4,799,1.09,0.1017092753,2
10,2000,0.4,799,1.1,0.08918980667,2
10,2000,0.4,799,1.15,0.09953138747,2
10,2000,0.4,799,1.16,0.1008188483,2.828427125
10,2000,0.4,799,1.18,0.1061541653,1.414213562
10,2000,0.4,799,1.19,0.1023339925,2.828427125
10,2000,0.4,799,1.2,0.1042628537,2
10,2000,0.4,799,1.24,0.09794078956,2
10,2000,0.4,799,1.25,0.1302820001,2
10,2000,0.4,799,1.26,0.1245407562,2.828427125
10,2000,0.4,799,1.29,0.1154274498,2.828427125
10,2000,0.4,799,1.31,0.1171597533,2.828427125
10,2000,0.4,799,1.34,0.1259244548,4.472135955
10,2000,0.4,799,1.39,0.1458857896,2
10,2000,0.4,799,1.43,0.1330669808,2.828427125
10,2000,0.4,799,1.44,0.1742186173,1.414213562
10,2000,0.4,799,1.48,0.1658528673,4
10,2000,0.4,799,1.49,0.1511244944,2
10,2000,0.4,799,1.5,0.1986619905,2
10,2000,0.4,799,1.53,0.1890031049,2
10,2000,0.4,799,1.54,0.1626914657,3.16227766
10,2000,0.4,799,1.57,0.1582258514,2
10,2000,0.4,799,1.58,0.1824679775,3.741657387
10,2000,0.4,799,1.59,0.1911637846,2
10,2000,0.4,799,1.6,0.1977052378,2
10,2000,0.4,799,1.61,0.2117466995,2.828427125
10,2000,0.4,799,1.62,0.2201060827,2
10,2000,0.4,799,1.63,0.186000605,2.828427125
10,2000,0.4,799,1.65,0.1859446333,2
10,2000,0.4,799,1.66,0.1940303778,2
10,2000,0.4,799,1.68,0.17841482,2.828427125
10,2000,0.4,799,1.69,0.2230639756,2.828427125
10,2000,0.4,799,1.7,0.2489529143,3.464101615
10,2000,0.4,799,1.72,0.2271250548,4
10,2000,0.4,799,1.73,0.2229049505,2.828427125
10,2000,0.4,799,1.74,0.2554955342,2.828427125
10,2000,0.4,799,1.76,0.2217410388,2.828427125
10,2000,0.4,799,1.77,0.2331969269,2
10,2000,0.4,799,1.81,0.2510769146,4
10,2000,0.4,799,1.87,0.2870136507,3.464101615
10,2000,0.4,799,1.88,0.2893378244,2.828427125
10,2000,0.4,799,1.9,0.3118264831,2.828427125
10,2000,0.4,799,1.91,0.3643632714,2
10,2000,0.4,799,1.92,0.2946556456,4
10,2000,0.4,799,1.94,0.3084319268,4.472135955
10,2000,0.4,799,1.97,0.3187213346,2.828427125
10,2000,0.4,799,1.98,0.3379388611,2.828427125
10,2000,0.4,799,2.01,0.3431501558,2.828427125
10,2000,0.4,799,2.04,0.3671105023,2.828427125
10,2000,0.4,799,2.05,0.3980052523,1.414213562
10,2000,0.4,799,2.07,0.3354892181,2.828427125
10,2000,0.4,799,2.08,0.3564247516,2
10,2000,0.4,799,2.09,0.3137586381,2
10,2000,0.4,799,2.11,0.3489892886,2
10,2000,0.4,799,2.12,0.3485005528,2.828427125
10,2000,0.4,799,2.13,0.3548735597,2.828427125
10,2000,0.4,799,2.14,0.3712806554,2
10,2000,0.4,799,2.15,0.3899590526,2.828427125
10,2000,0.4,799,2.17,0.3841421271,3.464101615
10,2000,0.4,799,2.2,0.3646775099,4
10,2000,0.4,799,2.21,0.390841866,2.828427125
10,2000,0.4,799,2.22,0.3495627458,2.828427125
10,2000,0.4,799,2.23,0.3744711616,4
10,2000,0.4,799,2.25,0.3740176269,2.828427125
10,2000,0.4,799,2.31,0.3804699816,2.828427125
10,2000,0.4,799,2.32,0.3931158168,3.464101615
10,2000,0.4,799,2.35,0.4010470404,2.828427125
10,2000,0.4,799,2.37,0.4006924853,3.464101615
10,2000,0.4,799,2.39,0.3711858993,2.828427125
10,2000,0.4,799,2.42,0.3859433144,2.828427125
10,2000,0.4,799,2.45,0.4124703299,4
10,2000,0.4,799,2.47,0.3866948427,2.828427125
10,2000,0.4,799,2.51,0.3810665696,2
10,2000,0.4,799,2.54,0.3569147711,2.828427125
10,2000,0.4,799,2.59,0.3746954427,2
10,2000,0.4,799,2.6,0.3493624099,2.828427125
10,2000,0.4,799,2.61,0.3686926606,2.828427125
10,2000,0.4,799,2.63,0.3744706777,4
10,2000,0.4,799,2.68,0.3359447886,2.828427125
10,2000,0.4,799,2.77,0.3158790798,2.828427125
10,2000,0.4,799,2.8,0.3170495892,2.828427125
10,2000,0.4,799,2.96,0.2403403044,2.828427125
10,2000,0.5,1251,0.37,0.04787075144,1.414213562
10,2000,0.5,1251,0.43,0.04442791744,1.414213562
10,2000,0.5,1251,0.44,0.04879341768,1.414213562
10,2000,0.5,1251,0.57,0.05199339517,2
10,2000,0.5,1251,0.58,0.05982632201,2
10,2000,0.5,1251,0.61,0.05707505824,2
10,2000,0.5,1251,0.72,0.06297263308,2.828427125
10,2000,0.5,1251,0.75,0.0545873836,1.414213562
10,2000,0.5,1251,0.85,0.05749727719,1.414213562
10,2000,0.5,1251,0.86,0.06075517756,2
10,2000,0.5,1251,0.87,0.065296969,2
10,2000,0.5,1251,0.88,0.06661411364,1.414213562
10,2000,0.5,1251,0.93,0.07151611196,2
10,2000,0.5,1251,0.96,0.07450231606,2.828427125
10,2000,0.5,1251,0.97,0.08112943721,2.828427125
10,2000,0.5,1251,0.98,0.07833212216,2
10,2000,0.5,1251,1.03,0.08440186598,2.828427125
10,2000,0.5,1251,1.05,0.08123712512,2.828427125
10,2000,0.5,1251,1.12,0.08867735238,1.414213562
10,2000,0.5,1251,1.13,0.0966943265,2
10,2000,0.5,1251,1.16,0.1067376358,2
10,2000,0.5,1251,1.2,0.1001222722,2.828427125
10,2000,0.5,1251,1.21,0.09568116563,2.828427125
10,2000,0.5,1251,1.23,0.1053966342,3.464101615
10,2000,0.5,1251,1.27,0.1127293902,2.828427125
10,2000,0.5,1251,1.28,0.1147426872,3.16227766
10,2000,0.5,1251,1.33,0.1128624949,2.449489743
10,2000,0.5,1251,1.35,0.1284451237,2
10,2000,0.5,1251,1.38,0.1320744159,2
10,2000,0.5,1251,1.39,0.1371610997,2
10,2000,0.5,1251,1.4,0.135177252,3.464101615
10,2000,0.5,1251,1.42,0.1400983314,2
10,2000,0.5,1251,1.44,0.1465811239,4
10,2000,0.5,1251,1.47,0.1580459049,2.828427125
10,2000,0.5,1251,1.48,0.151302111,2
10,2000,0.5,1251,1.49,0.1508370703,3.16227766
10,2000,0.5,1251,1.52,0.1806957329,2
10,2000,0.5,1251,1.54,0.1725889937,2.828427125
10,2000,0.5,1251,1.55,0.1807074036,3.464101615
10,2000,0.5,1251,1.57,0.1710636542,2
10,2000,0.5,1251,1.58,0.1897648033,2.828427125
10,2000,0.5,1251,1.6,0.1926935142,2.828427125
10,2000,0.5,1251,1.61,0.1866970518,2.828427125
10,2000,0.5,1251,1.62,0.2099372199,2.828427125
10,2000,0.5,1251,1.66,0.2231250846,2.828427125
10,2000,0.5,1251,1.7,0.2136827745,2.449489743
10,2000,0.5,1251,1.72,0.2406297766,3.464101615
10,2000,0.5,1251,1.73,0.229289102,2.828427125
10,2000,0.5,1251,1.74,0.2415786836,3.464101615
10,2000,0.5,1251,1.75,0.2381069112,2.828427125
10,2000,0.5,1251,1.76,0.2676085796,2
10,2000,0.5,1251,1.77,0.2591243162,3.16227766
10,2000,0.5,1251,1.78,0.2834436979,2.828427125
10,2000,0.5,1251,1.79,0.2853347658,2.828427125
10,2000,0.5,1251,1.8,0.2768849538,2.828427125
10,2000,0.5,1251,1.81,0.3040262849,2
10,2000,0.5,1251,1.82,0.2800475688,2
10,2000,0.5,1251,1.84,0.3004915077,2
10,2000,0.5,1251,1.86,0.307439306,3.464101615
10,2000,0.5,1251,1.88,0.3311140021,2.828427125
10,2000,0.5,1251,1.91,0.3263240534,4
10,2000,0.5,1251,1.92,0.3327507761,2.828427125
10,2000,0.5,1251,1.93,0.329402888,4
10,2000,0.5,1251,1.95,0.3562205608,2.828427125
10,2000,0.5,1251,1.96,0.3692087984,4
10,2000,0.5,1251,1.99,0.346662423,3.464101615
10,2000,0.5,1251,2,0.4069432077,2.828427125
10,2000,0.5,1251,2.01,0.3431381229,2.828427125
10,2000,0.5,1251,2.04,0.3885904928,3.464101615
10,2000,0.5,1251,2.06,0.3838440437,2.828427125
10,2000,0.5,1251,2.08,0.4068167524,2.828427125
10,2000,0.5,1251,2.09,0.407473579,2
10,2000,0.5,1251,2.1,0.3704164267,2.828427125
10,2000,0.5,1251,2.13,0.3960453873,2.828427125
10,2000,0.5,1251,2.15,0.4125240182,4
10,2000,0.5,1251,2.16,0.3457377002,2
10,2000,0.5,1251,2.17,0.4123459887,2.828427125
10,2000,0.5,1251,2.18,0.3890916595,2
10,2000,0.5,1251,2.19,0.4220512616,2.828427125
10,2000,0.5,1251,2.21,0.3985232913,2.828427125
10,2000,0.5,1251,2.22,0.3792918173,2.828427125
10,2000,0.5,1251,2.26,0.3998469505,3.464101615
10,2000,0.5,1251,2.28,0.4244572018,2.828427125
10,2000,0.5,1251,2.3,0.4131478411,4
10,2000,0.5,1251,2.31,0.4656368094,2
10,2000,0.5,1251,2.35,0.4413050604,2.828427125
10,2000,0.5,1251,2.37,0.4527703119,2.828427125
10,2000,0.5,1251,2.43,0.4051926875,4
10,2000,0.5,1251,2.45,0.4249090275,3.464101615
10,2000,0.5,1251,2.46,0.4196025332,2.828427125
10,2000,0.5,1251,2.48,0.357931733,2.828427125
10,2000,0.5,1251,2.56,0.3862551422,2.828427125
10,2000,0.5,1251,2.62,0.3556216767,2.828427125
10,2000,0.5,1251,2.64,0.3632036911,2.828427125
10,2000,0.5,1251,2.7,0.3462945873,2.828427125
10,2000,0.5,1251,2.87,0.2917707939,2.828427125
10,2000,0.6,1251,0.38,0.06073570229,1.414213562
10,2000,0.6,1251,0.43,0.07104393775,1.414213562
10,2000,0.6,1251,0.45,0.03823178816,1.414213562
10,2000,0.6,1251,0.57,0.05807053256,2
10,2000,0.6,1251,0.59,0.05993084016,2
10,2000,0.6,1251,0.63,0.06387469784,2
10,2000,0.6,1251,0.73,0.06237827935,2.828427125
10,2000,0.6,1251,0.75,0.07476823108,1.414213562
10,2000,0.6,1251,0.87,0.06383271947,2.449489743
10,2000,0.6,1251,0.88,0.07962405486,2
10,2000,0.6,1251,0.91,0.08149364548,1.414213562
10,2000,0.6,1251,0.94,0.07543596634,2
10,2000,0.6,1251,0.98,0.0757492006,4
10,2000,0.6,1251,1,0.08366724362,2
10,2000,0.6,1251,1.05,0.08225883039,2.828427125
10,2000,0.6,1251,1.07,0.08689778426,2.828427125
10,2000,0.6,1251,1.13,0.09188227873,1.414213562
10,2000,0.6,1251,1.15,0.0915397632,2
10,2000,0.6,1251,1.18,0.105805707,2
10,2000,0.6,1251,1.21,0.09175376144,2
10,2000,0.6,1251,1.22,0.1109558239,2
10,2000,0.6,1251,1.23,0.1066083437,2.828427125
10,2000,0.6,1251,1.25,0.116321894,2
10,2000,0.6,1251,1.26,0.10998624,2.828427125
10,2000,0.6,1251,1.29,0.115123397,2.828427125
10,2000,0.6,1251,1.3,0.1109241627,1.414213562
10,2000,0.6,1251,1.31,0.1167241636,2.828427125
10,2000,0.6,1251,1.35,0.1312389168,2
10,2000,0.6,1251,1.36,0.136569647,1.414213562
10,2000,0.6,1251,1.38,0.1308715758,2
10,2000,0.6,1251,1.41,0.1403109926,2
10,2000,0.6,1251,1.42,0.1348510149,2
10,2000,0.6,1251,1.43,0.1436729738,3.464101615
10,2000,0.6,1251,1.45,0.1626115714,2
10,2000,0.6,1251,1.46,0.1457405441,2.828427125
10,2000,0.6,1251,1.48,0.1391465426,2.828427125
10,2000,0.6,1251,1.49,0.1589974934,2.828427125
10,2000,0.6,1251,1.5,0.1730900575,2
10,2000,0.6,1251,1.51,0.1562741243,3.16227766
10,2000,0.6,1251,1.55,0.1642879439,2
10,2000,0.6,1251,1.57,0.1711851507,4
10,2000,0.6,1251,1.58,0.1783924985,2
10,2000,0.6,1251,1.61,0.1970189086,3.464101615
10,2000,0.6,1251,1.63,0.19098139,4
10,2000,0.6,1251,1.66,0.2150351378,2.828427125
10,2000,0.6,1251,1.69,0.2223993132,2.828427125
10,2000,0.6,1251,1.72,0.2451007762,2
10,2000,0.6,1251,1.73,0.2631229164,1.414213562
10,2000,0.6,1251,1.74,0.2530392437,2
10,2000,0.6,1251,1.75,0.260330388,2.828427125
10,2000,0.6,1251,1.76,0.2490088801,2
10,2000,0.6,1251,1.77,0.2600071218,2.828427125
10,2000,0.6,1251,1.78,0.2578479038,4
10,2000,0.6,1251,1.79,0.247946043,2
10,2000,0.6,1251,1.8,0.2730501423,2.828427125
10,2000,0.6,1251,1.81,0.2764517627,3.16227766
10,2000,0.6,1251,1.82,0.2909462206,2.828427125
10,2000,0.6,1251,1.83,0.2921523689,2.828427125
10,2000,0.6,1251,1.85,0.3216180298,2
10,2000,0.6,1251,1.86,0.2539989529,2
10,2000,0.6,1251,1.88,0.3373676406,2
10,2000,0.6,1251,1.89,0.3166368429,2
10,2000,0.6,1251,1.9,0.3252499148,2.828427125
10,2000,0.6,1251,1.92,0.3325659962,2.828427125
10,2000,0.6,1251,1.94,0.3593439217,2.828427125
10,2000,0.6,1251,1.95,0.3187020732,2.828427125
10,2000,0.6,1251,1.96,0.3470649217,4
10,2000,0.6,1251,1.97,0.3444782717,2.828427125
10,2000,0.6,1251,1.99,0.3728611983,3.464101615
10,2000,0.6,1251,2.01,0.3662232543,3.464101615
10,2000,0.6,1251,2.03,0.3588131293,3.464101615
10,2000,0.6,1251,2.04,0.3716769793,4
10,2000,0.6,1251,2.07,0.3788614517,3.464101615
10,2000,0.6,1251,2.1,0.4117777803,2.828427125
10,2000,0.6,1251,2.12,0.3876466091,2.828427125
10,2000,0.6,1251,2.14,0.4233663316,2
10,2000,0.6,1251,2.15,0.4095741164,2.828427125
10,2000,0.6,1251,2.18,0.4027786473,2.828427125
10,2000,0.6,1251,2.19,0.39675668,4
10,2000,0.6,1251,2.2,0.4133430144,2
10,2000,0.6,1251,2.21,0.4177108371,2.828427125
10,2000,0.6,1251,2.23,0.3988573978,3.464101615
10,2000,0.6,1251,2.26,0.4274607771,4
10,2000,0.6,1251,2.3,0.4374871113,3.464101615
10,2000,0.6,1251,2.33,0.4129221216,2.828427125
10,2000,0.6,1251,2.34,0.3825900612,2.828427125
10,2000,0.6,1251,2.35,0.405084839,2.828427125
10,2000,0.6,1251,2.36,0.3858713212,2
10,2000,0.6,1251,2.4,0.3838221722,2.828427125
10,2000,0.6,1251,2.41,0.3860958614,2.828427125
10,2000,0.6,1251,2.47,0.3913920671,2.828427125
10,2000,0.6,1251,2.48,0.3781360737,2.828427125
10,2000,0.6,1251,2.5,0.3711067143,2.828427125
10,2000,0.6,1251,2.51,0.3649655822,3.464101615
10,2000,0.6,1251,2.54,0.3543900902,2.828427125
10,2000,0.6,1251,2.62,0.3363904159,2.828427125
10,2000,0.6,1251,2.67,0.3070512829,2.828427125
10,2000,0.6,1251,2.69,0.3003871788,2.828427125
10,2000,0.6,1251,2.75,0.2911754541,2.828427125
10,2000,0.6,1251,2.93,0.2600019192,2.828427125
10,2000,0.7,1251,0.41,0.09943344096,1.414213562
10,2000,0.7,1251,0.43,0.05942763175,1.414213562
10,2000,0.7,1251,0.44,0.07182624608,1.414213562
10,2000,0.7,1251,0.6,0.08488319791,2.828427125
10,2000,0.7,1251,0.61,0.09054082362,2
10,2000,0.7,1251,0.74,0.08215676628,2.828427125
10,2000,0.7,1251,0.82,0.07247267676,1.414213562
10,2000,0.7,1251,0.86,0.08457610123,1.414213562
10,2000,0.7,1251,0.87,0.08806504022,1.414213562
10,2000,0.7,1251,0.93,0.09669531917,2.828427125
10,2000,0.7,1251,0.95,0.09219304098,2
10,2000,0.7,1251,0.96,0.08494661847,2.828427125
10,2000,0.7,1251,0.97,0.09359686466,2
10,2000,0.7,1251,1.03,0.09908529826,2.828427125
10,2000,0.7,1251,1.05,0.09083877473,4
10,2000,0.7,1251,1.19,0.1198511976,2
10,2000,0.7,1251,1.2,0.121781749,2
10,2000,0.7,1251,1.22,0.09972134997,2
10,2000,0.7,1251,1.24,0.1129450833,1.414213562
10,2000,0.7,1251,1.27,0.1141995656,4
10,2000,0.7,1251,1.29,0.1181541423,3.16227766
10,2000,0.7,1251,1.31,0.1264976049,3.16227766
10,2000,0.7,1251,1.36,0.1228298864,2.828427125
10,2000,0.7,1251,1.37,0.1350679418,2.828427125
10,2000,0.7,1251,1.38,0.1404163739,2.828427125
10,2000,0.7,1251,1.42,0.1438802718,2.828427125
10,2000,0.7,1251,1.43,0.1414253374,2.828427125
10,2000,0.7,1251,1.48,0.1542224697,2.828427125
10,2000,0.7,1251,1.51,0.1634264307,2.828427125
10,2000,0.7,1251,1.53,0.1649886897,2
10,2000,0.7,1251,1.54,0.1778308985,2
10,2000,0.7,1251,1.56,0.1727825579,2.828427125
10,2000,0.7,1251,1.57,0.1686822116,4
10,2000,0.7,1251,1.59,0.1661784739,2.828427125
10,2000,0.7,1251,1.6,0.1851192888,2.828427125
10,2000,0.7,1251,1.61,0.1862840077,2.828427125
10,2000,0.7,1251,1.62,0.1759826116,2.828427125
10,2000,0.7,1251,1.65,0.1893205942,1.414213562
10,2000,0.7,1251,1.7,0.2331475829,2.828427125
10,2000,0.7,1251,1.72,0.2495211289,1.414213562
10,2000,0.7,1251,1.74,0.214607037,3.16227766
10,2000,0.7,1251,1.76,0.2300502733,4
10,2000,0.7,1251,1.77,0.2200253114,3.464101615
10,2000,0.7,1251,1.78,0.2554874325,2
10,2000,0.7,1251,1.79,0.2406655287,3.464101615
10,2000,0.7,1251,1.8,0.2388383168,2
10,2000,0.7,1251,1.82,0.2536066248,2.828427125
10,2000,0.7,1251,1.84,0.2436498595,4.472135955
10,2000,0.7,1251,1.85,0.2567686998,2.828427125
10,2000,0.7,1251,1.86,0.2594818631,2.828427125
10,2000,0.7,1251,1.88,0.2744312005,2.828427125
10,2000,0.7,1251,1.91,0.2695108539,4.472135955
10,2000,0.7,1251,1.93,0.2614687826,2.828427125
10,2000,0.7,1251,1.94,0.2881494181,2
10,2000,0.7,1251,1.96,0.2826194157,2.828427125
10,2000,0.7,1251,1.97,0.2897180375,4
10,2000,0.7,1251,1.98,0.2792142497,2.828427125
10,2000,0.7,1251,1.99,0.3197895073,4
10,2000,0.7,1251,2.01,0.2985362429,2.828427125
10,2000,0.7,1251,2.05,0.3190815983,2.828427125
10,2000,0.7,1251,2.09,0.2935899057,2
10,2000,0.7,1251,2.1,0.3207537007,3.464101615
10,2000,0.7,1251,2.11,0.3278832576,2.828427125
10,2000,0.7,1251,2.12,0.3256300555,2
10,2000,0.7,1251,2.13,0.2968516167,2
10,2000,0.7,1251,2.14,0.3034868281,4
10,2000,0.7,1251,2.16,0.3286086564,3.464101615
10,2000,0.7,1251,2.17,0.3300381747,2
10,2000,0.7,1251,2.18,0.349647749,2.828427125
10,2000,0.7,1251,2.2,0.3297375419,2.828427125
10,2000,0.7,1251,2.21,0.3310298828,4
10,2000,0.7,1251,2.27,0.339498781,4
10,2000,0.7,1251,2.29,0.3280810143,2.828427125
10,2000,0.7,1251,2.3,0.3211213438,2.828427125
10,2000,0.7,1251,2.31,0.3473682071,2.828427125
10,2000,0.7,1251,2.32,0.3187707327,2.828427125
10,2000,0.7,1251,2.38,0.3068405523,2
10,2000,0.7,1251,2.4,0.2983478863,2
10,2000,0.7,1251,2.42,0.3144739993,2.828427125
10,2000,0.7,1251,2.43,0.3048077065,2.828427125
10,2000,0.7,1251,2.45,0.3001363366,2
10,2000,0.7,1251,2.47,0.3068753052,2.828427125
10,2000,0.7,1251,2.48,0.313835157,2.828427125
10,2000,0.7,1251,2.49,0.3042504319,4
10,2000,0.7,1251,2.54,0.2901856935,2.828427125
10,2000,0.7,1251,2.55,0.293066329,2.828427125
10,2000,0.7,1251,2.58,0.2885257285,2.828427125
10,2000,0.7,1251,2.72,0.2605080464,4
10,2000,0.7,1251,2.74,0.2514448247,2.828427125
10,2000,0.7,1251,2.95,0.2142861612,2.828427125
10,2000,0.75,1251,0.35,0.09186238557,1.414213562
10,2000,0.75,1251,0.38,0.09269509714,1.414213562
10,2000,0.75,1251,0.44,0.06787671381,1.414213562
10,2000,0.75,1251,0.52,0.07750714729,2
10,2000,0.75,1251,0.56,0.09441516683,2
10,2000,0.75,1251,0.58,0.07504575996,2
10,2000,0.75,1251,0.68,0.08384558907,2.828427125
10,2000,0.75,1251,0.7,0.09788327865,1.414213562
10,2000,0.75,1251,0.76,0.07584998834,1.414213562
10,2000,0.75,1251,0.8,0.08279567915,2
10,2000,0.75,1251,0.83,0.09045781389,2.828427125
10,2000,0.75,1251,0.87,0.07832390828,2
10,2000,0.75,1251,0.88,0.09333791265,1.414213562
10,2000,0.75,1251,0.91,0.08554730464,2.828427125
10,2000,0.75,1251,0.94,0.09853133234,3.464101615
10,2000,0.75,1251,0.95,0.09276855053,2
10,2000,0.75,1251,1.02,0.1001059836,2.828427125
10,2000,0.75,1251,1.03,0.08834307694,2
10,2000,0.75,1251,1.05,0.1037441298,1.414213562
10,2000,0.75,1251,1.12,0.09511656475,4
10,2000,0.75,1251,1.14,0.1098644704,2.449489743
10,2000,0.75,1251,1.16,0.111518262,2
10,2000,0.75,1251,1.18,0.1115666118,2.828427125
10,2000,0.75,1251,1.19,0.1159363877,2
10,2000,0.75,1251,1.2,0.1099345115,2.828427125
10,2000,0.75,1251,1.21,0.1069055456,2.828427125
10,2000,0.75,1251,1.22,0.1054061365,2
10,2000,0.75,1251,1.27,0.1123659925,2.828427125
10,2000,0.75,1251,1.3,0.1113649894,2
10,2000,0.75,1251,1.31,0.1369368049,1.414213562
10,2000,0.75,1251,1.33,0.1424455642,2
10,2000,0.75,1251,1.35,0.1292320247,2.828427125
10,2000,0.75,1251,1.36,0.1115411621,2
10,2000,0.75,1251,1.37,0.132982022,4
10,2000,0.75,1251,1.4,0.126568462,3.16227766
10,2000,0.75,1251,1.41,0.1444317473,2.828427125
10,2000,0.75,1251,1.42,0.1390466899,2.828427125
10,2000,0.75,1251,1.43,0.1437729561,2
10,2000,0.75,1251,1.45,0.1498819881,2
10,2000,0.75,1251,1.47,0.1316263516,2
10,2000,0.75,1251,1.48,0.1465108141,2.828427125
10,2000,0.75,1251,1.49,0.1677355865,2
10,2000,0.75,1251,1.51,0.1562683713,1.414213562
10,2000,0.75,1251,1.52,0.1534710381,3.464101615
10,2000,0.75,1251,1.54,0.1660178794,2.828427125
10,2000,0.75,1251,1.55,0.1478138606,2.828427125
10,2000,0.75,1251,1.56,0.1742360557,2.828427125
10,2000,0.75,1251,1.57,0.1732941249,2.828427125
10,2000,0.75,1251,1.58,0.1799798324,2
10,2000,0.75,1251,1.6,0.1834341532,3.464101615
10,2000,0.75,1251,1.61,0.1812952576,4
10,2000,0.75,1251,1.65,0.1682302464,2.828427125
10,2000,0.75,1251,1.66,0.1940839225,2
10,2000,0.75,1251,1.67,0.1877555144,3.464101615
10,2000,0.75,1251,1.68,0.1758831712,2
10,2000,0.75,1251,1.7,0.1815223133,2.828427125
10,2000,0.75,1251,1.73,0.1905530514,4
10,2000,0.75,1251,1.74,0.1993869756,2
10,2000,0.75,1251,1.75,0.1981287403,2.449489743
10,2000,0.75,1251,1.77,0.212691759,2.828427125
10,2000,0.75,1251,1.78,0.2218671146,4
10,2000,0.75,1251,1.79,0.2100421667,2.828427125
10,2000,0.75,1251,1.81,0.2291757073,2
10,2000,0.75,1251,1.82,0.2115010069,2.828427125
10,2000,0.75,1251,1.83,0.2184486967,2.828427125
10,2000,0.75,1251,1.84,0.2133254831,2
10,2000,0.75,1251,1.85,0.2134960823,2.828427125
10,2000,0.75,1251,1.86,0.2264828449,2.828427125
10,2000,0.75,1251,1.87,0.247392554,2.828427125
10,2000,0.75,1251,1.88,0.2310274316,2.828427125
10,2000,0.75,1251,1.89,0.2404874528,2
10,2000,0.75,1251,1.9,0.2461360703,2.828427125
10,2000,0.75,1251,1.91,0.2512548397,2
10,2000,0.75,1251,1.92,0.2512463955,3.464101615
10,2000,0.75,1251,1.94,0.2554856858,2.828427125
10,2000,0.75,1251,1.96,0.2560856529,2.828427125
10,2000,0.75,1251,2,0.2728535729,2
10,2000,0.75,1251,2.01,0.2720542086,2.828427125
10,2000,0.75,1251,2.03,0.2504256541,4.898979486
10,2000,0.75,1251,2.04,0.2657171981,3.464101615
10,2000,0.75,1251,2.06,0.2860733457,2
10,2000,0.75,1251,2.07,0.2893576418,2.828427125
10,2000,0.75,1251,2.08,0.2723027565,2.828427125
10,2000,0.75,1251,2.09,0.2460747859,2
10,2000,0.75,1251,2.11,0.2538339522,2.828427125
10,2000,0.75,1251,2.12,0.2711139678,4
10,2000,0.75,1251,2.18,0.273695784,2.828427125
10,2000,0.75,1251,2.2,0.2770014901,2.828427125
10,2000,0.75,1251,2.23,0.285830624,2.828427125
10,2000,0.75,1251,2.24,0.2850918706,2.828427125
10,2000,0.75,1251,2.25,0.2829971443,2
10,2000,0.75,1251,2.26,0.2849442916,2.828427125
10,2000,0.75,1251,2.28,0.2637348065,2.828427125
10,2000,0.75,1251,2.32,0.2625473406,2
10,2000,0.75,1251,2.34,0.2689093212,4
10,2000,0.75,1251,2.37,0.2741444015,2.828427125
10,2000,0.75,1251,2.42,0.2753875647,2.828427125
10,2000,0.75,1251,2.45,0.2544503719,2.828427125
10,2000,0.75,1251,2.52,0.2469152614,2.828427125
10,2000,0.75,1251,2.54,0.2455075035,2.828427125
10,2000,0.75,1251,2.71,0.2082804298,2.828427125
10,2000,0.8,1251,0.29,0.05327066968,1.414213562
10,2000,0.8,1251,0.54,0.07999334602,1.414213562
10,2000,0.8,1251,0.56,0.09634776397,1.414213562
10,2000,0.8,1251,0.58,0.06838858473,1.414213562
10,2000,0.8,1251,0.62,0.09850766679,2
10,2000,0.8,1251,0.63,0.08047882755,2
10,2000,0.8,1251,0.78,0.07649761921,2
10,2000,0.8,1251,0.79,0.08735478965,2
10,2000,0.8,1251,0.81,0.08631302167,2
10,2000,0.8,1251,0.83,0.08883803706,2.828427125
10,2000,0.8,1251,0.87,0.08529796252,1.414213562
10,2000,0.8,1251,0.97,0.08715066641,2.828427125
10,2000,0.8,1251,1.03,0.1101667835,2
10,2000,0.8,1251,1.04,0.1018926667,2
10,2000,0.8,1251,1.09,0.1041016576,1.414213562
10,2000,0.8,1251,1.13,0.08913907904,2.449489743
10,2000,0.8,1251,1.16,0.1185376393,2.449489743
10,2000,0.8,1251,1.17,0.1086049944,2.828427125
10,2000,0.8,1251,1.22,0.116787174,2
10,2000,0.8,1251,1.23,0.1083473138,2
10,2000,0.8,1251,1.25,0.1100246488,2
10,2000,0.8,1251,1.26,0.1093716719,2.828427125
10,2000,0.8,1251,1.27,0.111182939,2
10,2000,0.8,1251,1.28,0.1184496691,3.464101615
10,2000,0.8,1251,1.29,0.1150458654,2
10,2000,0.8,1251,1.35,0.1308064808,2.828427125
10,2000,0.8,1251,1.38,0.1184942621,2.828427125
10,2000,0.8,1251,1.39,0.1382393169,2
10,2000,0.8,1251,1.4,0.1208626115,2.828427125
10,2000,0.8,1251,1.42,0.1255257389,2
10,2000,0.8,1251,1.5,0.1474590895,2.828427125
10,2000,0.8,1251,1.52,0.137626565,2.828427125
10,2000,0.8,1251,1.57,0.1519630777,2
10,2000,0.8,1251,1.59,0.1430607967,3.464101615
10,2000,0.8,1251,1.62,0.1351603981,2
10,2000,0.8,1251,1.63,0.1703095403,1.414213562
10,2000,0.8,1251,1.66,0.1637373553,2
10,2000,0.8,1251,1.67,0.1523065974,2.828427125
10,2000,0.8,1251,1.69,0.1709281916,3.16227766
10,2000,0.8,1251,1.71,0.171565244,3.464101615
10,2000,0.8,1251,1.73,0.1790557957,2.828427125
10,2000,0.8,1251,1.75,0.1856443979,2.828427125
10,2000,0.8,1251,1.77,0.1712368829,2
10,2000,0.8,1251,1.79,0.1813662782,3.464101615
10,2000,0.8,1251,1.8,0.2052991417,2.828427125
10,2000,0.8,1251,1.82,0.1819703507,2.828427125
10,2000,0.8,1251,1.85,0.1695571672,2
10,2000,0.8,1251,1.87,0.1844175254,2.828427125
10,2000,0.8,1251,1.9,0.2043241783,2
10,2000,0.8,1251,1.93,0.203543983,2.828427125
10,2000,0.8,1251,1.95,0.221718904,2.828427125
10,2000,0.8,1251,1.98,0.214465551,3.464101615
10,2000,0.8,1251,2,0.1976428517,3.464101615
10,2000,0.8,1251,2.01,0.2193023768,2
10,2000,0.8,1251,2.03,0.2151804344,2.828427125
10,2000,0.8,1251,2.05,0.2134140127,2
10,2000,0.8,1251,2.06,0.2260616854,2.828427125
10,2000,0.8,1251,2.08,0.2162737005,2.828427125
10,2000,0.8,1251,2.09,0.2189740483,2.828427125
10,2000,0.8,1251,2.12,0.210039723,2.828427125
10,2000,0.8,1251,2.16,0.2223557036,2.828427125
10,2000,0.8,1251,2.17,0.2380029776,1.414213562
10,2000,0.8,1251,2.19,0.2161952173,3.464101615
10,2000,0.8,1251,2.25,0.214241667,3.16227766
10,2000,0.8,1251,2.27,0.2191605553,3.464101615
10,2000,0.8,1251,2.3,0.2248585584,2.828427125
10,2000,0.8,1251,2.32,0.2227368561,4.472135955
10,2000,0.8,1251,2.33,0.2211543303,3.464101615
10,2000,0.8,1251,2.34,0.2147515121,2
10,2000,0.8,1251,2.35,0.2184763168,2
10,2000,0.8,1251,2.37,0.206469419,2.828427125
10,2000,0.8,1251,2.39,0.200969386,2.828427125
10,2000,0.8,1251,2.41,0.2042615465,3.464101615
10,2000,0.8,1251,2.42,0.1985671327,2.828427125
10,2000,0.8,1251,2.45,0.1875561954,2
10,2000,0.8,1251,2.46,0.1957704789,2
10,2000,0.8,1251,2.47,0.2080103243,4
10,2000,0.8,1251,2.5,0.2030392947,3.464101615
10,2000,0.8,1251,2.52,0.2044609619,4
10,2000,0.8,1251,2.53,0.196085272,3.464101615
10,2000,0.8,1251,2.57,0.1953002759,2.828427125
10,2000,0.8,1251,2.59,0.1904878637,2.828427125
10,2000,0.8,1251,2.6,0.20119305,2.828427125
10,2000,0.8,1251,2.62,0.1819044492,2.828427125
10,2000,0.8,1251,2.65,0.1919725553,2.828427125
10,2000,0.8,1251,2.71,0.1863307418,2.828427125
10,2000,0.8,1251,2.75,0.1802670366,2
10,2000,0.8,1251,2.76,0.1713962327,2.828427125
10,2000,0.8,1251,2.77,0.176353047,2.828427125
10,2000,0.8,1251,2.78,0.1782137231,2
10,2000,0.8,1251,2.8,0.1755285696,2.828427125
10,2000,0.8,1251,2.81,0.1673622134,2.828427125
10,2000,0.8,1251,2.84,0.1618134664,2.828427125
10,2000,0.8,1251,2.89,0.1699043285,2.828427125
10,2000,0.8,1251,2.91,0.1660670061,2.828427125
10,2000,0.8,1251,2.99,0.1519831011,2.828427125
10,2000,0.8,1251,3.01,0.1527840771,2.828427125
10,2000,0.8,1251,3.13,0.1514993947,2
10,2000,0.8,1251,3.14,0.1511129625,2.828427125
10,2000,0.8,1251,3.18,0.1493526644,2.828427125
10,2000,0.8,1251,3.25,0.1432127442,2.828427125
10,2000,0.8,1251,3.34,0.1348736516,2.828427125
10,2000,0.85,1251,0.34,0.04206564984,1.414213562
10,2000,0.85,1251,0.4,0.05641183236,1.414213562
10,2000,0.85,1251,0.44,0.06399308024,1.414213562
10,2000,0.85,1251,0.53,0.08928590112,2
10,2000,0.85,1251,0.56,0.07663890583,2
10,2000,0.85,1251,0.59,0.06026327508,2
10,2000,0.85,1251,0.68,0.07167368159,2.828427125
10,2000,0.85,1251,0.69,0.0661996818,1.414213562
10,2000,0.85,1251,0.8,0.08524109111,2.449489743
10,2000,0.85,1251,0.81,0.09448229092,2
10,2000,0.85,1251,0.87,0.08250922872,2.449489743
10,2000,0.85,1251,0.91,0.08026213752,3.464101615
10,2000,0.85,1251,0.94,0.0861530341,2
10,2000,0.85,1251,0.96,0.09392875501,2
10,2000,0.85,1251,0.97,0.09008192773,2.828427125
10,2000,0.85,1251,1.02,0.07809708906,2.828427125
10,2000,0.85,1251,1.03,0.08346288302,1.414213562
10,2000,0.85,1251,1.05,0.09192189116,2
10,2000,0.85,1251,1.11,0.09134996502,2.828427125
10,2000,0.85,1251,1.12,0.09601962944,2
10,2000,0.85,1251,1.14,0.09531996332,2.828427125
10,2000,0.85,1251,1.18,0.09867137551,3.464101615
10,2000,0.85,1251,1.19,0.09559079671,2.828427125
10,2000,0.85,1251,1.2,0.11257234,1.414213562
10,2000,0.85,1251,1.23,0.08941817078,2.828427125
10,2000,0.85,1251,1.25,0.1026569198,2
10,2000,0.85,1251,1.28,0.09058677972,2
10,2000,0.85,1251,1.31,0.09913074259,2.449489743
10,2000,0.85,1251,1.32,0.1140903531,2.828427125
10,2000,0.85,1251,1.35,0.1123717272,2
10,2000,0.85,1251,1.36,0.1102211501,2
10,2000,0.85,1251,1.37,0.1096954601,3.464101615
10,2000,0.85,1251,1.38,0.1077434958,3.741657387
10,2000,0.85,1251,1.41,0.1094031594,4
10,2000,0.85,1251,1.43,0.1140471132,2
10,2000,0.85,1251,1.44,0.1022982321,2
10,2000,0.85,1251,1.45,0.1176994847,2.828427125
10,2000,0.85,1251,1.48,0.1208818342,2.828427125
10,2000,0.85,1251,1.5,0.117549904,2.828427125
10,2000,0.85,1251,1.52,0.1282313451,2.828427125
10,2000,0.85,1251,1.53,0.1343216449,2.828427125
10,2000,0.85,1251,1.54,0.1117846078,2
10,2000,0.85,1251,1.57,0.1277185708,4
10,2000,0.85,1251,1.58,0.1184123915,2
10,2000,0.85,1251,1.59,0.1321107105,2
10,2000,0.85,1251,1.6,0.128612404,1.414213562
10,2000,0.85,1251,1.63,0.1235183282,2
10,2000,0.85,1251,1.64,0.1258532217,4.472135955
10,2000,0.85,1251,1.65,0.1257128592,2.828427125
10,2000,0.85,1251,1.66,0.1446530329,2
10,2000,0.85,1251,1.67,0.1487402552,2
10,2000,0.85,1251,1.68,0.1358477486,4
10,2000,0.85,1251,1.69,0.1286441439,2.828427125
10,2000,0.85,1251,1.72,0.1452089861,2.828427125
10,2000,0.85,1251,1.74,0.1290349348,2
10,2000,0.85,1251,1.75,0.1261041323,1.414213562
10,2000,0.85,1251,1.78,0.1442601258,2.828427125
10,2000,0.85,1251,1.79,0.141729837,3.464101615
10,2000,0.85,1251,1.81,0.146590414,4.898979486
10,2000,0.85,1251,1.82,0.153977617,2.828427125
10,2000,0.85,1251,1.83,0.1490997699,2.828427125
10,2000,0.85,1251,1.85,0.1494348565,4
10,2000,0.85,1251,1.88,0.1525828765,3.464101615
10,2000,0.85,1251,1.9,0.1560947064,2.828427125
10,2000,0.85,1251,1.91,0.1486478756,2.828427125
10,2000,0.85,1251,1.92,0.1537877815,3.464101615
10,2000,0.85,1251,1.94,0.1539276128,2.828427125
10,2000,0.85,1251,1.95,0.1539052194,4.898979486
10,2000,0.85,1251,2.02,0.1587132015,2.828427125
10,2000,0.85,1251,2.03,0.1632721898,2
10,2000,0.85,1251,2.04,0.1517327081,2.828427125
10,2000,0.85,1251,2.05,0.1601359261,2.828427125
10,2000,0.85,1251,2.06,0.1568321527,2.828427125
10,2000,0.85,1251,2.07,0.1598928977,3.464101615
10,2000,0.85,1251,2.09,0.1606153115,2.828427125
10,2000,0.85,1251,2.1,0.1614596167,2.828427125
10,2000,0.85,1251,2.11,0.1562692001,2
10,2000,0.85,1251,2.12,0.1810537716,2
10,2000,0.85,1251,2.15,0.1585272238,4
10,2000,0.85,1251,2.18,0.1611408818,4
10,2000,0.85,1251,2.22,0.1600147446,2
10,2000,0.85,1251,2.23,0.160062566,2.828427125
10,2000,0.85,1251,2.25,0.1555206947,2.828427125
10,2000,0.85,1251,2.26,0.1582517209,2.828427125
10,2000,0.85,1251,2.28,0.1612727479,2.828427125
10,2000,0.85,1251,2.31,0.1648727576,2.828427125
10,2000,0.85,1251,2.36,0.1562195308,4
10,2000,0.85,1251,2.37,0.1509229731,2
10,2000,0.85,1251,2.39,0.1544051135,2.828427125
10,2000,0.85,1251,2.47,0.1466203764,2.828427125
10,2000,0.85,1251,2.48,0.148934875,2.828427125
10,2000,0.85,1251,2.53,0.1548372546,2.828427125
10,2000,0.85,1251,2.58,0.1513901633,2.828427125
10,2000,0.85,1251,2.74,0.1429145207,2.828427125
10,2000,0.9,1251,0.35,0.02144203721,1.414213562
10,2000,0.9,1251,0.4,0.0530869901,1.414213562
10,2000,0.9,1251,0.44,0.06877157305,1.414213562
10,2000,0.9,1251,0.53,0.04573124566,2
10,2000,0.9,1251,0.56,0.05304413743,2
10,2000,0.9,1251,0.6,0.05498983864,2
10,2000,0.9,1251,0.69,0.06006520556,3.16227766
10,2000,0.9,1251,0.8,0.05922732513,2.449489743
10,2000,0.9,1251,0.82,0.06112705774,2
10,2000,0.9,1251,0.87,0.06518370954,2
10,2000,0.9,1251,0.89,0.0676429922,1.414213562
10,2000,0.9,1251,0.91,0.0652017813,3.464101615
10,2000,0.9,1251,0.95,0.0661410333,2
10,2000,0.9,1251,0.97,0.06925034078,2
10,2000,0.9,1251,0.98,0.06357792542,2.828427125
10,2000,0.9,1251,1.03,0.06981893881,2.828427125
10,2000,0.9,1251,1.04,0.06858957852,1.414213562
10,2000,0.9,1251,1.05,0.07674017936,2
10,2000,0.9,1251,1.11,0.06602295139,2
10,2000,0.9,1251,1.12,0.06869125888,2
10,2000,0.9,1251,1.13,0.06516227243,2
10,2000,0.9,1251,1.14,0.07361355556,2.828427125
10,2000,0.9,1251,1.19,0.07217923964,4.472135955
10,2000,0.9,1251,1.2,0.08148248407,1.414213562
10,2000,0.9,1251,1.24,0.08135022318,3.464101615
10,2000,0.9,1251,1.28,0.0781227279,2
10,2000,0.9,1251,1.31,0.07648483844,2
10,2000,0.9,1251,1.32,0.07939654455,2.828427125
10,2000,0.9,1251,1.33,0.07319514269,1.414213562
10,2000,0.9,1251,1.36,0.08027085468,2
10,2000,0.9,1251,1.37,0.09601673677,2
10,2000,0.9,1251,1.38,0.08390776521,4.69041576
10,2000,0.9,1251,1.39,0.08754204739,2
10,2000,0.9,1251,1.42,0.0819258266,2.828427125
10,2000,0.9,1251,1.43,0.08352072862,2.828427125
10,2000,0.9,1251,1.44,0.09177810462,2
10,2000,0.9,1251,1.45,0.08530787448,3.464101615
10,2000,0.9,1251,1.49,0.09832871958,2
10,2000,0.9,1251,1.5,0.09458757844,3.464101615
10,2000,0.9,1251,1.53,0.08712491348,2.828427125
10,2000,0.9,1251,1.55,0.09941915202,3.464101615
10,2000,0.9,1251,1.58,0.08988487842,3.464101615
10,2000,0.9,1251,1.59,0.09623145388,3.741657387
10,2000,0.9,1251,1.63,0.09635051532,2
10,2000,0.9,1251,1.64,0.09726629342,4.472135955
10,2000,0.9,1251,1.65,0.1141773594,2.828427125
10,2000,0.9,1251,1.66,0.1069439082,2
10,2000,0.9,1251,1.68,0.09610829965,2
10,2000,0.9,1251,1.69,0.09479115055,4
10,2000,0.9,1251,1.7,0.09818922618,2.828427125
10,2000,0.9,1251,1.73,0.09290950671,2.828427125
10,2000,0.9,1251,1.74,0.1052223898,2
10,2000,0.9,1251,1.77,0.1094010134,1.414213562
10,2000,0.9,1251,1.79,0.09815094954,3.464101615
10,2000,0.9,1251,1.8,0.09467363044,2
10,2000,0.9,1251,1.81,0.09855898167,3.464101615
10,2000,0.9,1251,1.82,0.1060033826,4.472135955
10,2000,0.9,1251,1.83,0.09442849411,2
10,2000,0.9,1251,1.85,0.1081816954,2.828427125
10,2000,0.9,1251,1.86,0.1070193083,4
10,2000,0.9,1251,1.88,0.1024981822,2.828427125
10,2000,0.9,1251,1.9,0.1101415443,2.828427125
10,2000,0.9,1251,1.92,0.09437925388,3.464101615
10,2000,0.9,1251,1.94,0.118444319,3.464101615
10,2000,0.9,1251,1.95,0.1029843249,4
10,2000,0.9,1251,1.96,0.1086873624,2.828427125
10,2000,0.9,1251,1.97,0.109937159,2.828427125
10,2000,0.9,1251,2.03,0.1072300772,2.828427125
10,2000,0.9,1251,2.05,0.09987669464,2
10,2000,0.9,1251,2.06,0.1035640598,2.828427125
10,2000,0.9,1251,2.07,0.1074906436,4
10,2000,0.9,1251,2.08,0.1173880884,2
10,2000,0.9,1251,2.09,0.1052309363,2.828427125
10,2000,0.9,1251,2.1,0.1088128635,4
10,2000,0.9,1251,2.11,0.1002824214,2
10,2000,0.9,1251,2.14,0.1153560979,2
10,2000,0.9,1251,2.16,0.1058083341,4
10,2000,0.9,1251,2.19,0.1045291735,2.828427125
10,2000,0.9,1251,2.2,0.1001472318,2.828427125
10,2000,0.9,1251,2.24,0.106799291,2
10,2000,0.9,1251,2.25,0.09667296082,2.828427125
10,2000,0.9,1251,2.26,0.1054461003,2.828427125
10,2000,0.9,1251,2.28,0.1053171447,2.828427125
10,2000,0.9,1251,2.29,0.1028101144,2.828427125
10,2000,0.9,1251,2.32,0.1011599583,2.828427125
10,2000,0.9,1251,2.37,0.1009146471,2.828427125
10,2000,0.9,1251,2.38,0.1034684665,3.464101615
10,2000,0.9,1251,2.41,0.1036265836,2.828427125
10,2000,0.9,1251,2.48,0.1034092004,2.828427125
10,2000,0.9,1251,2.49,0.09795313472,2.828427125
10,2000,0.9,1251,2.54,0.09151043725,2.828427125
10,2000,0.9,1251,2.6,0.1014530325,2.828427125
10,2000,0.9,1251,2.75,0.0943790496,2.828427125
0,2300,0.1,1251,0.27,0.06393846908,1.414213562
0,2300,0.1,1251,0.41,0.06038200799,1.414213562
0,2300,0.1,1251,0.48,0.06990539195,1.414213562
0,2300,0.1,1251,0.49,0.06008816659,2
0,2300,0.1,1251,0.53,0.09497965499,1.414213562
0,2300,0.1,1251,0.55,0.09875202306,2
0,2300,0.1,1251,0.63,0.1028967658,2
0,2300,0.1,1251,0.67,0.07009623401,2
0,2300,0.1,1251,0.69,0.06702350639,2.828427125
0,2300,0.1,1251,0.72,0.06950874982,2
0,2300,0.1,1251,0.8,0.05218413343,1.414213562
0,2300,0.1,1251,0.82,0.05842707229,1.414213562
0,2300,0.1,1251,0.83,0.07378318644,2.828427125
0,2300,0.1,1251,0.87,0.08464575894,2
0,2300,0.1,1251,0.9,0.09862998862,2
0,2300,0.1,1251,0.93,0.07736215815,2
0,2300,0.1,1251,0.95,0.07003182479,2
0,2300,0.1,1251,0.96,0.0608801449,1.414213562
0,2300,0.1,1251,0.98,0.06894989525,2
0,2300,0.1,1251,0.99,0.07703592296,2.828427125
0,2300,0.1,1251,1,0.0770533836,2
0,2300,0.1,1251,1.02,0.07711466977,2.828427125
0,2300,0.1,1251,1.05,0.08046305567,2
0,2300,0.1,1251,1.06,0.07092612522,1.414213562
0,2300,0.1,1251,1.08,0.07910269139,2.828427125
0,2300,0.1,1251,1.09,0.08104487938,2.828427125
0,2300,0.1,1251,1.1,0.07741927838,2
0,2300,0.1,1251,1.14,0.08121830745,2
0,2300,0.1,1251,1.15,0.07904425052,2
0,2300,0.1,1251,1.17,0.07524231328,3.464101615
0,2300,0.1,1251,1.24,0.08235551124,4.242640687
0,2300,0.1,1251,1.25,0.07973695445,2
0,2300,0.1,1251,1.26,0.08230531832,2
0,2300,0.1,1251,1.27,0.07990707059,2
0,2300,0.1,1251,1.3,0.08164095541,2.828427125
0,2300,0.1,1251,1.32,0.07822012637,2.828427125
0,2300,0.1,1251,1.33,0.08808337008,2
0,2300,0.1,1251,1.34,0.08091140432,2.828427125
0,2300,0.1,1251,1.35,0.08272149249,2.828427125
0,2300,0.1,1251,1.37,0.07871665583,2.828427125
0,2300,0.1,1251,1.43,0.0860603293,4.472135955
0,2300,0.1,1251,1.45,0.09131946457,1.414213562
0,2300,0.1,1251,1.47,0.09209745836,2.828427125
0,2300,0.1,1251,1.49,0.08678843771,2.828427125
0,2300,0.1,1251,1.5,0.08615757652,3.464101615
0,2300,0.1,1251,1.53,0.08591145584,2.828427125
0,2300,0.1,1251,1.54,0.09071911957,2
0,2300,0.1,1251,1.55,0.08849436793,2.828427125
0,2300,0.1,1251,1.57,0.09044750099,2
0,2300,0.1,1251,1.59,0.09002567361,4
0,2300,0.1,1251,1.63,0.08846054711,2
0,2300,0.1,1251,1.65,0.09191845788,4.69041576
0,2300,0.1,1251,1.66,0.08585174158,2
0,2300,0.1,1251,1.67,0.08486375824,2
0,2300,0.1,1251,1.69,0.09023586651,2.828427125
0,2300,0.1,1251,1.7,0.08999908597,4
0,2300,0.1,1251,1.72,0.08785718754,2
0,2300,0.1,1251,1.73,0.08875529159,2
0,2300,0.1,1251,1.74,0.08641987474,2.828427125
0,2300,0.1,1251,1.75,0.09249729764,2.828427125
0,2300,0.1,1251,1.76,0.0961003062,2.828427125
0,2300,0.1,1251,1.79,0.09100206705,2
0,2300,0.1,1251,1.8,0.09392120892,2.828427125
0,2300,0.1,1251,1.83,0.09084410218,2
0,2300,0.1,1251,1.84,0.09432825373,4
0,2300,0.1,1251,1.89,0.09193304818,4
0,2300,0.1,1251,1.9,0.0920640085,2
0,2300,0.1,1251,1.91,0.09332248573,2
0,2300,0.1,1251,1.92,0.09112467862,2.828427125
0,2300,0.1,1251,1.93,0.09674188295,3.16227766
0,2300,0.1,1251,1.95,0.1059548217,2
0,2300,0.1,1251,1.96,0.09286350292,2
0,2300,0.1,1251,1.97,0.09727113947,4.472135955
0,2300,0.1,1251,1.98,0.09479358724,2.828427125
0,2300,0.1,1251,1.99,0.09877040775,2.828427125
0,2300,0.1,1251,2,0.09161916878,2
0,2300,0.1,1251,2.02,0.1003027868,2.828427125
0,2300,0.1,1251,2.04,0.09198959413,2.828427125
0,2300,0.1,1251,2.06,0.09974590665,2.828427125
0,2300,0.1,1251,2.07,0.09632826056,2.828427125
0,2300,0.1,1251,2.09,0.100343006,2
0,2300,0.1,1251,2.1,0.100122274,2
0,2300,0.1,1251,2.11,0.09719824312,2.828427125
0,2300,0.1,1251,2.13,0.09470445347,2.828427125
0,2300,0.1,1251,2.16,0.1015244358,2.828427125
0,2300,0.1,1251,2.18,0.09528126614,4
0,2300,0.1,1251,2.19,0.1045400914,2
0,2300,0.1,1251,2.2,0.09987044132,2
0,2300,0.1,1251,2.21,0.09943916484,2.828427125
0,2300,0.1,1251,2.24,0.09985804678,4
0,2300,0.1,1251,2.26,0.09779239613,2.828427125
0,2300,0.1,1251,2.29,0.1000273653,2
0,2300,0.1,1251,2.31,0.1017601027,2.828427125
0,2300,0.1,1251,2.33,0.1023962412,2.828427125
0,2300,0.1,1251,2.35,0.1043270502,4
0,2300,0.1,1251,2.42,0.1035441694,2.828427125
0,2300,0.1,1251,2.44,0.1010820447,2.828427125
0,2300,0.1,1251,2.52,0.1007559902,2.828427125
0,2300,0.1,1251,2.54,0.1011860682,2
0,2300,0.1,1251,2.55,0.1033718428,2.828427125
0,2300,0.1,1251,2.59,0.1039456608,2.828427125
0,2300,0.1,1251,2.66,0.1057138231,2.828427125
0,2300,0.1,1251,2.75,0.1053855583,2.828427125
0,2300,0.2,1251,0.49,0.07347990586,1.414213562
0,2300,0.2,1251,0.5,0.06002060545,1.414213562
0,2300,0.2,1251,0.52,0.09819745595,1.414213562
0,2300,0.2,1251,0.7,0.09328709669,2
0,2300,0.2,1251,0.71,0.09171471794,2
0,2300,0.2,1251,0.72,0.1034698294,2
0,2300,0.2,1251,0.87,0.1144658546,2.828427125
0,2300,0.2,1251,0.99,0.09742769484,1.414213562
0,2300,0.2,1251,1,0.120050691,1.414213562
0,2300,0.2,1251,1.03,0.09715094883,1.414213562
0,2300,0.2,1251,1.11,0.1284243898,2.828427125
0,2300,0.2,1251,1.12,0.1230229386,2
0,2300,0.2,1251,1.13,0.1165466715,2
0,2300,0.2,1251,1.14,0.1219356077,2
0,2300,0.2,1251,1.15,0.1258758151,2
0,2300,0.2,1251,1.22,0.1170082221,2.828427125
0,2300,0.2,1251,1.23,0.1200856361,2.828427125
0,2300,0.2,1251,1.25,0.1322225656,2.828427125
0,2300,0.2,1251,1.41,0.1401246456,2
0,2300,0.2,1251,1.43,0.139227689,2
0,2300,0.2,1251,1.44,0.1362940953,2
0,2300,0.2,1251,1.48,0.133594006,1.414213562
0,2300,0.2,1251,1.5,0.1479605641,3.16227766
0,2300,0.2,1251,1.51,0.1440531278,2.828427125
0,2300,0.2,1251,1.52,0.1416972393,2.828427125
0,2300,0.2,1251,1.55,0.1674098141,1.414213562
0,2300,0.2,1251,1.56,0.1535245431,2
0,2300,0.2,1251,1.57,0.1468748663,2
0,2300,0.2,1251,1.58,0.1497727827,2
0,2300,0.2,1251,1.59,0.1539617584,2
0,2300,0.2,1251,1.63,0.1538253104,2.828427125
0,2300,0.2,1251,1.65,0.1633776869,2.828427125
0,2300,0.2,1251,1.66,0.1665183454,2.828427125
0,2300,0.2,1251,1.7,0.1614250364,2.828427125
0,2300,0.2,1251,1.74,0.1665013933,2.828427125
0,2300,0.2,1251,1.79,0.1598823586,2
0,2300,0.2,1251,1.8,0.1657938665,2.828427125
0,2300,0.2,1251,1.82,0.1762835941,2
0,2300,0.2,1251,1.84,0.1744546148,2.828427125
0,2300,0.2,1251,1.86,0.1711330053,2.828427125
0,2300,0.2,1251,1.87,0.1747939532,4
0,2300,0.2,1251,1.89,0.1780807947,2.828427125
0,2300,0.2,1251,1.9,0.1737775452,2.828427125
0,2300,0.2,1251,1.91,0.1784215002,2.828427125
0,2300,0.2,1251,1.97,0.2067307688,1.414213562
0,2300,0.2,1251,2,0.1879598504,1.414213562
0,2300,0.2,1251,2.04,0.1864706905,2.828427125
0,2300,0.2,1251,2.06,0.1899633086,3.464101615
0,2300,0.2,1251,2.07,0.1827013728,3.741657387
0,2300,0.2,1251,2.09,0.1859598991,2.828427125
0,2300,0.2,1251,2.1,0.1818328208,2.828427125
0,2300,0.2,1251,2.11,0.1868723011,2
0,2300,0.2,1251,2.12,0.2009501125,2.828427125
0,2300,0.2,1251,2.13,0.1885104272,2.828427125
0,2300,0.2,1251,2.14,0.198520234,2
0,2300,0.2,1251,2.16,0.1929790976,2
0,2300,0.2,1251,2.17,0.1871111973,2.828427125
0,2300,0.2,1251,2.18,0.1970788078,2.828427125
0,2300,0.2,1251,2.2,0.1913771287,2.828427125
0,2300,0.2,1251,2.21,0.1981492145,3.464101615
0,2300,0.2,1251,2.23,0.1935854175,2.828427125
0,2300,0.2,1251,2.25,0.1869945716,2
0,2300,0.2,1251,2.27,0.1975192391,2.828427125
0,2300,0.2,1251,2.28,0.1989880407,2.828427125
0,2300,0.2,1251,2.29,0.1964524162,3.464101615
0,2300,0.2,1251,2.3,0.1938207011,2
0,2300,0.2,1251,2.31,0.189347544,2.828427125
0,2300,0.2,1251,2.34,0.19754826,2.828427125
0,2300,0.2,1251,2.35,0.1991714403,4
0,2300,0.2,1251,2.36,0.1974863516,2.828427125
0,2300,0.2,1251,2.37,0.2070564081,2.828427125
0,2300,0.2,1251,2.44,0.2106415887,2.828427125
0,2300,0.2,1251,2.46,0.2111982344,2.828427125
0,2300,0.2,1251,2.48,0.2200108534,2
0,2300,0.2,1251,2.49,0.209539395,2
0,2300,0.2,1251,2.5,0.2122375088,2.828427125
0,2300,0.2,1251,2.51,0.2202216974,2
0,2300,0.2,1251,2.53,0.2110395515,3.464101615
0,2300,0.2,1251,2.54,0.2128655595,3.464101615
0,2300,0.2,1251,2.55,0.1861186897,2
0,2300,0.2,1251,2.56,0.2111517546,2.828427125
0,2300,0.2,1251,2.58,0.2080972622,2.828427125
0,2300,0.2,1251,2.59,0.2047889771,2.828427125
0,2300,0.2,1251,2.6,0.2170514531,2.828427125
0,2300,0.2,1251,2.62,0.2051646589,2.828427125
0,2300,0.2,1251,2.69,0.206115869,2.828427125
0,2300,0.2,1251,2.7,0.2010881205,4
0,2300,0.2,1251,2.72,0.1998158446,2.828427125
0,2300,0.2,1251,2.73,0.2048341165,2.828427125
0,2300,0.2,1251,2.74,0.2061375109,2.828427125
0,2300,0.2,1251,2.81,0.1939609331,2
0,2300,0.2,1251,2.86,0.1869539066,3.464101615
0,2300,0.2,1251,2.88,0.1945282336,2
0,2300,0.2,1251,2.9,0.1728864456,2.828427125
0,2300,0.2,1251,2.92,0.1681072071,4
0,2300,0.2,1251,2.93,0.1603705885,2.828427125
0,2300,0.2,1251,2.95,0.1577905234,2.828427125
0,2300,0.2,1251,3,0.1525284345,2.828427125
0,2300,0.2,1251,3.03,0.1458713378,2.828427125
0,2300,0.2,1251,3.04,0.1436613868,2.828427125
0,2300,0.2,1251,3.21,0.1215429495,2.828427125
0,2300,0.2,1251,3.23,0.1232290723,2.828427125
0,2300,0.2,1251,3.24,0.1279447067,2.828427125
0,2300,0.2,1251,3.49,0.1224593956,2.828427125
0,2300,0.3,1251,0.33,0.07234302627,1.414213562
0,2300,0.3,1251,0.39,0.05509178693,1.414213562
0,2300,0.3,1251,0.48,0.07445898167,1.414213562
0,2300,0.3,1251,0.51,0.08366350048,2
0,2300,0.3,1251,0.58,0.07182388411,2
0,2300,0.3,1251,0.62,0.09527207609,2
0,2300,0.3,1251,0.65,0.1044661191,1.414213562
0,2300,0.3,1251,0.7,0.09022167691,2.828427125
0,2300,0.3,1251,0.76,0.09758643364,2
0,2300,0.3,1251,0.79,0.09744712758,1.414213562
0,2300,0.3,1251,0.81,0.1099877803,2
0,2300,0.3,1251,0.85,0.1001916329,2
0,2300,0.3,1251,0.9,0.1130795961,2.828427125
0,2300,0.3,1251,0.92,0.1040474231,2
0,2300,0.3,1251,0.95,0.09665525145,1.414213562
0,2300,0.3,1251,0.98,0.1157212451,3.16227766
0,2300,0.3,1251,1,0.1105912965,2
0,2300,0.3,1251,1.02,0.1252920198,2
0,2300,0.3,1251,1.03,0.1257967225,2
0,2300,0.3,1251,1.05,0.1346505902,2
0,2300,0.3,1251,1.08,0.1292062616,2.828427125
0,2300,0.3,1251,1.09,0.1254007079,2
0,2300,0.3,1251,1.13,0.1376486861,2.828427125
0,2300,0.3,1251,1.15,0.1451983206,2
0,2300,0.3,1251,1.16,0.1313028553,2.828427125
0,2300,0.3,1251,1.18,0.1466278244,1.414213562
0,2300,0.3,1251,1.22,0.1388548949,3.464101615
0,2300,0.3,1251,1.23,0.1382090155,2
0,2300,0.3,1251,1.26,0.1537638752,2
0,2300,0.3,1251,1.27,0.1432273537,2
0,2300,0.3,1251,1.28,0.1566762892,2.828427125
0,2300,0.3,1251,1.3,0.1323814645,1.414213562
0,2300,0.3,1251,1.31,0.1540650719,2.828427125
0,2300,0.3,1251,1.34,0.1546243526,2.828427125
0,2300,0.3,1251,1.35,0.1451909458,2
0,2300,0.3,1251,1.36,0.170461585,2.828427125
0,2300,0.3,1251,1.39,0.1817600905,2
0,2300,0.3,1251,1.4,0.1745511001,2.828427125
0,2300,0.3,1251,1.42,0.1659726002,2.828427125
0,2300,0.3,1251,1.43,0.1694469206,3.16227766
0,2300,0.3,1251,1.44,0.1708520822,2.828427125
0,2300,0.3,1251,1.46,0.1691406423,2
0,2300,0.3,1251,1.48,0.1872476773,2
0,2300,0.3,1251,1.51,0.1865105959,2.828427125
0,2300,0.3,1251,1.52,0.1836437856,2.828427125
0,2300,0.3,1251,1.53,0.1910651614,2
0,2300,0.3,1251,1.55,0.1968916907,2.828427125
0,2300,0.3,1251,1.57,0.1849026371,3.741657387
0,2300,0.3,1251,1.6,0.2008569892,4
0,2300,0.3,1251,1.61,0.199000551,2.828427125
0,2300,0.3,1251,1.62,0.2021454637,2.828427125
0,2300,0.3,1251,1.63,0.1921384639,2
0,2300,0.3,1251,1.64,0.2109741629,2
0,2300,0.3,1251,1.65,0.2092004799,2.828427125
0,2300,0.3,1251,1.66,0.2178382165,4
0,2300,0.3,1251,1.68,0.200561063,2.828427125
0,2300,0.3,1251,1.7,0.2045324842,2
0,2300,0.3,1251,1.73,0.2187436821,2
0,2300,0.3,1251,1.75,0.2251701725,2.828427125
0,2300,0.3,1251,1.76,0.2141702361,2
0,2300,0.3,1251,1.77,0.2286233447,4
0,2300,0.3,1251,1.8,0.2374701829,4
0,2300,0.3,1251,1.82,0.2319388538,2.828427125
0,2300,0.3,1251,1.84,0.2220607111,2
0,2300,0.3,1251,1.85,0.2496331899,2.828427125
0,2300,0.3,1251,1.87,0.2353744911,2.828427125
0,2300,0.3,1251,1.88,0.2402915328,2.828427125
0,2300,0.3,1251,1.9,0.2400435001,3.16227766
0,2300,0.3,1251,1.91,0.2514349064,2.828427125
0,2300,0.3,1251,1.93,0.2442672294,2.828427125
0,2300,0.3,1251,1.94,0.2521735777,2
0,2300,0.3,1251,1.95,0.2485018741,2.828427125
0,2300,0.3,1251,1.96,0.2461125626,2.828427125
0,2300,0.3,1251,1.97,0.2516996154,4
0,2300,0.3,1251,2,0.2773817384,2.828427125
0,2300,0.3,1251,2.01,0.2577858677,2
0,2300,0.3,1251,2.04,0.2806571727,2
0,2300,0.3,1251,2.05,0.2784221281,2.828427125
0,2300,0.3,1251,2.06,0.2482892211,2
0,2300,0.3,1251,2.08,0.2662504844,4
0,2300,0.3,1251,2.09,0.2671093399,4
0,2300,0.3,1251,2.1,0.2693521913,2.828427125
0,2300,0.3,1251,2.12,0.2668216917,2
0,2300,0.3,1251,2.14,0.267686815,2
0,2300,0.3,1251,2.15,0.2718031733,2.828427125
0,2300,0.3,1251,2.16,0.2617369175,2.828427125
0,2300,0.3,1251,2.17,0.2808808073,2.828427125
0,2300,0.3,1251,2.22,0.2771217185,2.828427125
0,2300,0.3,1251,2.24,0.2787114562,2
0,2300,0.3,1251,2.25,0.3002959856,2.828427125
0,2300,0.3,1251,2.26,0.2882277753,4
0,2300,0.3,1251,2.28,0.2830434088,2.828427125
0,2300,0.3,1251,2.31,0.2819636427,2
0,2300,0.3,1251,2.33,0.2911447024,2.828427125
0,2300,0.3,1251,2.34,0.2948392472,4
0,2300,0.3,1251,2.44,0.2963293256,4
0,2300,0.3,1251,2.47,0.3058088134,2
0,2300,0.3,1251,2.49,0.2947410656,4
0,2300,0.3,1251,2.55,0.2865858319,2.828427125
0,2300,0.3,1251,2.59,0.2922366342,2.828427125
0,2300,0.3,1251,2.65,0.2815977741,2.828427125
0,2300,0.3,1251,2.79,0.2657323678,2.828427125
0,2300,0.4,1251,0.35,0.09626156083,1.414213562
0,2300,0.4,1251,0.38,0.07265743185,1.414213562
0,2300,0.4,1251,0.49,0.05233090323,1.414213562
0,2300,0.4,1251,0.51,0.07352363771,2
0,2300,0.4,1251,0.6,0.07562438854,2
0,2300,0.4,1251,0.62,0.0771997967,2
0,2300,0.4,1251,0.7,0.08401681266,1.414213562
0,2300,0.4,1251,0.71,0.08787049427,2.828427125
0,2300,0.4,1251,0.76,0.1026960544,1.414213562
0,2300,0.4,1251,0.79,0.0928183889,2
0,2300,0.4,1251,0.84,0.09756822432,2
0,2300,0.4,1251,0.85,0.09458715775,2
0,2300,0.4,1251,0.91,0.09332781598,2
0,2300,0.4,1251,0.93,0.1111963819,2.828427125
0,2300,0.4,1251,0.97,0.1103917104,2.828427125
0,2300,0.4,1251,0.99,0.1122761072,1.414213562
0,2300,0.4,1251,1.03,0.1062817171,2
0,2300,0.4,1251,1.04,0.1218154453,1.414213562
0,2300,0.4,1251,1.05,0.1258294686,2
0,2300,0.4,1251,1.06,0.1237846991,2
0,2300,0.4,1251,1.11,0.1303161201,3.464101615
0,2300,0.4,1251,1.14,0.1383511491,3.16227766
0,2300,0.4,1251,1.15,0.1372265741,2
0,2300,0.4,1251,1.19,0.1423969866,2
0,2300,0.4,1251,1.21,0.1588280786,3.464101615
0,2300,0.4,1251,1.24,0.1433953118,2
0,2300,0.4,1251,1.25,0.1532822901,2
0,2300,0.4,1251,1.27,0.1658535211,2.828427125
0,2300,0.4,1251,1.29,0.156429993,4.472135955
0,2300,0.4,1251,1.34,0.1650583739,2
0,2300,0.4,1251,1.38,0.1856318784,2.828427125
0,2300,0.4,1251,1.39,0.1700498881,1.414213562
0,2300,0.4,1251,1.42,0.1955746058,2.828427125
0,2300,0.4,1251,1.43,0.1941671825,2.828427125
0,2300,0.4,1251,1.44,0.1939019476,2.828427125
0,2300,0.4,1251,1.48,0.2073957102,2.449489743
0,2300,0.4,1251,1.49,0.1997473056,2.828427125
0,2300,0.4,1251,1.51,0.2047421421,2
0,2300,0.4,1251,1.52,0.2064744446,3.741657387
0,2300,0.4,1251,1.53,0.2084551013,2
0,2300,0.4,1251,1.54,0.213136649,2
0,2300,0.4,1251,1.55,0.2202039873,2.828427125
0,2300,0.4,1251,1.56,0.2185333099,2
0,2300,0.4,1251,1.57,0.2135425613,2.828427125
0,2300,0.4,1251,1.58,0.235092854,2
0,2300,0.4,1251,1.6,0.2116253675,2
0,2300,0.4,1251,1.62,0.2378584878,4
0,2300,0.4,1251,1.64,0.2391686759,3.464101615
0,2300,0.4,1251,1.66,0.2500670742,4.472135955
0,2300,0.4,1251,1.67,0.221792441,2
0,2300,0.4,1251,1.68,0.2343379388,2.828427125
0,2300,0.4,1251,1.7,0.252596298,2.828427125
0,2300,0.4,1251,1.71,0.2513807195,2
0,2300,0.4,1251,1.74,0.2720275778,2.828427125
0,2300,0.4,1251,1.75,0.2714447834,2.828427125
0,2300,0.4,1251,1.8,0.2926241728,3.464101615
0,2300,0.4,1251,1.81,0.2795593963,2.828427125
0,2300,0.4,1251,1.83,0.2857598668,2.828427125
0,2300,0.4,1251,1.84,0.2734212925,2
0,2300,0.4,1251,1.85,0.2915260005,4
0,2300,0.4,1251,1.86,0.3084400515,2.828427125
0,2300,0.4,1251,1.87,0.2860006509,3.464101615
0,2300,0.4,1251,1.9,0.3077912633,2.828427125
0,2300,0.4,1251,1.91,0.3044015355,2.828427125
0,2300,0.4,1251,1.94,0.2951147203,2.828427125
0,2300,0.4,1251,1.96,0.3125749802,2.828427125
0,2300,0.4,1251,1.97,0.2994638171,1.414213562
0,2300,0.4,1251,1.99,0.3109070543,2.828427125
0,2300,0.4,1251,2,0.3304931346,2
0,2300,0.4,1251,2.01,0.3107061631,2
0,2300,0.4,1251,2.03,0.3371165082,2
0,2300,0.4,1251,2.04,0.3249201488,2.828427125
0,2300,0.4,1251,2.05,0.3187957344,2.828427125
0,2300,0.4,1251,2.06,0.3381694135,2
0,2300,0.4,1251,2.07,0.3272846654,2.828427125
0,2300,0.4,1251,2.09,0.3315121052,3.464101615
0,2300,0.4,1251,2.11,0.3383984311,2
0,2300,0.4,1251,2.12,0.3329587665,3.464101615
0,2300,0.4,1251,2.13,0.3236544225,2.828427125
0,2300,0.4,1251,2.14,0.3412541121,4
0,2300,0.4,1251,2.15,0.3246400859,2.828427125
0,2300,0.4,1251,2.17,0.3324489606,2.828427125
0,2300,0.4,1251,2.23,0.3524727918,4.472135955
0,2300,0.4,1251,2.26,0.3496000361,2.828427125
0,2300,0.4,1251,2.28,0.3503306477,3.464101615
0,2300,0.4,1251,2.31,0.3532642731,2.828427125
0,2300,0.4,1251,2.33,0.3624226236,2.828427125
0,2300,0.4,1251,2.36,0.3452504151,4
0,2300,0.4,1251,2.38,0.3268903234,2.828427125
0,2300,0.4,1251,2.41,0.3181236998,2
0,2300,0.4,1251,2.44,0.3462425667,2.828427125
0,2300,0.4,1251,2.49,0.3300313889,2
0,2300,0.4,1251,2.51,0.3534247367,2.828427125
0,2300,0.4,1251,2.52,0.3277313716,2.828427125
0,2300,0.4,1251,2.53,0.3338645083,2.828427125
0,2300,0.4,1251,2.54,0.3389401487,2.828427125
0,2300,0.4,1251,2.59,0.3354387019,2.828427125
0,2300,0.4,1251,2.67,0.3512291602,2.828427125
0,2300,0.4,1251,2.7,0.3243880867,2.828427125
0,2300,0.4,1251,2.85,0.2795359259,2.828427125
0,2300,0.5,1251,0.36,0.06195598647,1.414213562
0,2300,0.5,1251,0.41,0.08191220215,1.414213562
0,2300,0.5,1251,0.42,0.07153054281,1.414213562
0,2300,0.5,1251,0.54,0.07480888001,2
0,2300,0.5,1251,0.56,0.08051725493,2
0,2300,0.5,1251,0.59,0.07854724501,2
0,2300,0.5,1251,0.69,0.08530337733,2.828427125
0,2300,0.5,1251,0.72,0.08720611567,1.414213562
0,2300,0.5,1251,0.82,0.0954493897,2.449489743
0,2300,0.5,1251,0.83,0.09106810341,2
0,2300,0.5,1251,0.85,0.1213685816,1.414213562
0,2300,0.5,1251,0.89,0.109977966,2
0,2300,0.5,1251,0.92,0.09997796957,2.828427125
0,2300,0.5,1251,0.93,0.1023625043,2.828427125
0,2300,0.5,1251,0.94,0.1075768725,2
0,2300,0.5,1251,0.99,0.1188687828,2.828427125
0,2300,0.5,1251,1.01,0.119407894,2.828427125
0,2300,0.5,1251,1.07,0.127556173,1.414213562
0,2300,0.5,1251,1.09,0.1207673503,2
0,2300,0.5,1251,1.11,0.1285538601,2
0,2300,0.5,1251,1.15,0.1373313981,2.828427125
0,2300,0.5,1251,1.17,0.1503033238,2.828427125
0,2300,0.5,1251,1.18,0.1366078262,3.464101615
0,2300,0.5,1251,1.23,0.1484841875,4.242640687
0,2300,0.5,1251,1.27,0.1398527171,1.414213562
0,2300,0.5,1251,1.28,0.1546067442,2
0,2300,0.5,1251,1.3,0.153874724,2
0,2300,0.5,1251,1.32,0.1782564627,2
0,2300,0.5,1251,1.34,0.1631286229,2
0,2300,0.5,1251,1.35,0.1761796215,3.464101615
0,2300,0.5,1251,1.37,0.1667517983,2
0,2300,0.5,1251,1.38,0.173084085,4
0,2300,0.5,1251,1.42,0.1937227749,3.464101615
0,2300,0.5,1251,1.43,0.1954227697,3.16227766
0,2300,0.5,1251,1.46,0.2163464442,2
0,2300,0.5,1251,1.48,0.2056725721,2.828427125
0,2300,0.5,1251,1.49,0.214435587,3.464101615
0,2300,0.5,1251,1.51,0.2271528957,2
0,2300,0.5,1251,1.52,0.2167534156,2.828427125
0,2300,0.5,1251,1.53,0.2219857781,2.828427125
0,2300,0.5,1251,1.55,0.2249435359,2.828427125
0,2300,0.5,1251,1.56,0.2224040517,2.828427125
0,2300,0.5,1251,1.59,0.2437787585,2.828427125
0,2300,0.5,1251,1.63,0.2441480074,2
0,2300,0.5,1251,1.64,0.2362686066,1.414213562
0,2300,0.5,1251,1.65,0.2600386193,3.464101615
0,2300,0.5,1251,1.66,0.2501808267,2
0,2300,0.5,1251,1.67,0.2629197111,4
0,2300,0.5,1251,1.68,0.2744626767,2.828427125
0,2300,0.5,1251,1.69,0.2725003874,2
0,2300,0.5,1251,1.7,0.2657761078,3.16227766
0,2300,0.5,1251,1.71,0.2760387774,2.828427125
0,2300,0.5,1251,1.72,0.3022646151,2.828427125
0,2300,0.5,1251,1.73,0.283569666,2.828427125
0,2300,0.5,1251,1.74,0.2555083023,2
0,2300,0.5,1251,1.75,0.2947651284,2
0,2300,0.5,1251,1.77,0.2995438471,2
0,2300,0.5,1251,1.78,0.2881094571,2.828427125
0,2300,0.5,1251,1.79,0.3164610049,2
0,2300,0.5,1251,1.8,0.2955417543,2.828427125
0,2300,0.5,1251,1.83,0.3114103886,2.828427125
0,2300,0.5,1251,1.84,0.3246068984,4
0,2300,0.5,1251,1.85,0.3030729846,2.828427125
0,2300,0.5,1251,1.86,0.3230518382,2.828427125
0,2300,0.5,1251,1.88,0.3237934074,3.464101615
0,2300,0.5,1251,1.89,0.3251774008,3.464101615
0,2300,0.5,1251,1.91,0.3247005974,2.828427125
0,2300,0.5,1251,1.92,0.3373476536,3.464101615
0,2300,0.5,1251,1.93,0.3274229326,2.828427125
0,2300,0.5,1251,1.96,0.3464481817,3.464101615
0,2300,0.5,1251,1.98,0.360165134,2.828427125
0,2300,0.5,1251,2,0.3506063081,2.828427125
0,2300,0.5,1251,2.01,0.3839109187,2
0,2300,0.5,1251,2.02,0.3482759993,2.828427125
0,2300,0.5,1251,2.05,0.3747228824,2.828427125
0,2300,0.5,1251,2.07,0.3673234812,4.472135955
0,2300,0.5,1251,2.08,0.3700545265,2.828427125
0,2300,0.5,1251,2.09,0.354170397,2
0,2300,0.5,1251,2.1,0.3836512081,2.828427125
0,2300,0.5,1251,2.12,0.3691632865,2.828427125
0,2300,0.5,1251,2.13,0.3534722291,2.828427125
0,2300,0.5,1251,2.17,0.3587477913,3.464101615
0,2300,0.5,1251,2.19,0.3757880366,2.828427125
0,2300,0.5,1251,2.21,0.3836124942,4
0,2300,0.5,1251,2.22,0.352878041,2
0,2300,0.5,1251,2.26,0.3590611749,2.828427125
0,2300,0.5,1251,2.28,0.3711548399,2.828427125
0,2300,0.5,1251,2.33,0.3542754398,4
0,2300,0.5,1251,2.35,0.3729197127,2.828427125
0,2300,0.5,1251,2.36,0.3718545957,2
0,2300,0.5,1251,2.37,0.3807274285,2.828427125
0,2300,0.5,1251,2.38,0.3521676261,2.828427125
0,2300,0.5,1251,2.46,0.3561435799,2.828427125
0,2300,0.5,1251,2.52,0.3450054587,2.828427125
0,2300,0.5,1251,2.54,0.3542159623,2.828427125
0,2300,0.5,1251,2.59,0.34409402,2.828427125
0,2300,0.5,1251,2.76,0.3068298859,2.828427125
0,2300,0.6,1251,0.36,0.1038681208,1.414213562
0,2300,0.6,1251,0.42,0.07796767002,1.414213562
0,2300,0.6,1251,0.43,0.116232909,1.414213562
0,2300,0.6,1251,0.55,0.0778532481,2
0,2300,0.6,1251,0.56,0.09194395379,2
0,2300,0.6,1251,0.6,0.08525918213,2
0,2300,0.6,1251,0.7,0.09197132156,2.828427125
0,2300,0.6,1251,0.72,0.0745062875,1.414213562
0,2300,0.6,1251,0.83,0.1013542167,2.449489743
0,2300,0.6,1251,0.84,0.1053561892,2
0,2300,0.6,1251,0.87,0.08483938296,1.414213562
0,2300,0.6,1251,0.91,0.1042427431,2
0,2300,0.6,1251,0.94,0.1140937619,4
0,2300,0.6,1251,0.96,0.1131244778,2
0,2300,0.6,1251,1,0.1176827128,2.828427125
0,2300,0.6,1251,1.03,0.126606756,2.828427125
0,2300,0.6,1251,1.08,0.1324462277,1.414213562
0,2300,0.6,1251,1.1,0.1293124507,2
0,2300,0.6,1251,1.13,0.1253989704,2
0,2300,0.6,1251,1.16,0.1309810656,2
0,2300,0.6,1251,1.17,0.1369327124,2
0,2300,0.6,1251,1.18,0.1419566282,2.828427125
0,2300,0.6,1251,1.2,0.1468807992,3.464101615
0,2300,0.6,1251,1.24,0.1539848493,2.828427125
0,2300,0.6,1251,1.25,0.1484016735,3.16227766
0,2300,0.6,1251,1.3,0.1579615361,2.449489743
0,2300,0.6,1251,1.32,0.163108404,2
0,2300,0.6,1251,1.35,0.1690839799,2
0,2300,0.6,1251,1.36,0.1824094664,2
0,2300,0.6,1251,1.37,0.1812506468,3.464101615
0,2300,0.6,1251,1.39,0.1950342327,2
0,2300,0.6,1251,1.4,0.1883778108,2.828427125
0,2300,0.6,1251,1.41,0.1932570175,2.828427125
0,2300,0.6,1251,1.43,0.1859487292,2.828427125
0,2300,0.6,1251,1.44,0.1936808469,2.449489743
0,2300,0.6,1251,1.45,0.2067373542,2.828427125
0,2300,0.6,1251,1.49,0.1872150925,2
0,2300,0.6,1251,1.5,0.2198333898,3.464101615
0,2300,0.6,1251,1.51,0.2354872999,2
0,2300,0.6,1251,1.52,0.2140741294,2
0,2300,0.6,1251,1.55,0.2282853693,3.464101615
0,2300,0.6,1251,1.56,0.2309380992,4
0,2300,0.6,1251,1.59,0.2349268798,2.828427125
0,2300,0.6,1251,1.62,0.245852391,2.828427125
0,2300,0.6,1251,1.65,0.2597059001,2
0,2300,0.6,1251,1.66,0.2833396501,1.414213562
0,2300,0.6,1251,1.67,0.2456675244,2
0,2300,0.6,1251,1.68,0.2782146766,3.464101615
0,2300,0.6,1251,1.69,0.2678289583,2
0,2300,0.6,1251,1.7,0.2628304199,2
0,2300,0.6,1251,1.71,0.274290628,4
0,2300,0.6,1251,1.72,0.2714975431,3.464101615
0,2300,0.6,1251,1.73,0.2769504381,2.828427125
0,2300,0.6,1251,1.74,0.2674384504,3.16227766
0,2300,0.6,1251,1.75,0.2906461003,2.828427125
0,2300,0.6,1251,1.77,0.303290637,2
0,2300,0.6,1251,1.79,0.2844345656,2
0,2300,0.6,1251,1.8,0.2882386948,2
0,2300,0.6,1251,1.81,0.2981065459,2
0,2300,0.6,1251,1.82,0.2925053613,2.828427125
0,2300,0.6,1251,1.84,0.2943264943,2.828427125
0,2300,0.6,1251,1.86,0.3229561816,2.828427125
0,2300,0.6,1251,1.87,0.3115203442,3.464101615
0,2300,0.6,1251,1.88,0.3283711735,3.464101615
0,2300,0.6,1251,1.89,0.3236336082,2.828427125
0,2300,0.6,1251,1.91,0.3108938968,3.464101615
0,2300,0.6,1251,1.93,0.3152298837,3.464101615
0,2300,0.6,1251,1.94,0.3295166401,3.464101615
0,2300,0.6,1251,1.96,0.3219023882,4
0,2300,0.6,1251,1.98,0.3194662307,2
0,2300,0.6,1251,1.99,0.3251856426,2.828427125
0,2300,0.6,1251,2.01,0.3503512151,2.828427125
0,2300,0.6,1251,2.03,0.3503878471,2.828427125
0,2300,0.6,1251,2.05,0.3448611758,2
0,2300,0.6,1251,2.06,0.3258745524,2.828427125
0,2300,0.6,1251,2.09,0.3531258811,2.828427125
0,2300,0.6,1251,2.1,0.3475035645,4
0,2300,0.6,1251,2.11,0.3568852982,3.464101615
0,2300,0.6,1251,2.14,0.3595840129,3.464101615
0,2300,0.6,1251,2.16,0.3340522605,2.828427125
0,2300,0.6,1251,2.17,0.3619566947,2.828427125
0,2300,0.6,1251,2.2,0.3443640644,2
0,2300,0.6,1251,2.21,0.3451053365,2.828427125
0,2300,0.6,1251,2.23,0.3414539256,2.828427125
0,2300,0.6,1251,2.24,0.3696627889,2.828427125
0,2300,0.6,1251,2.26,0.3435454763,3.464101615
0,2300,0.6,1251,2.3,0.3392799328,2.828427125
0,2300,0.6,1251,2.31,0.349142066,2.828427125
0,2300,0.6,1251,2.37,0.3451516183,4
0,2300,0.6,1251,2.4,0.3404746608,3.464101615
0,2300,0.6,1251,2.41,0.340147446,2.828427125
0,2300,0.6,1251,2.43,0.3329261591,2.828427125
0,2300,0.6,1251,2.51,0.316648793,2.828427125
0,2300,0.6,1251,2.56,0.3125806308,2.828427125
0,2300,0.6,1251,2.58,0.3089114466,2.828427125
0,2300,0.6,1251,2.64,0.285021762,2.828427125
0,2300,0.6,1251,2.8,0.2678750967,2.828427125
0,2300,0.7,1251,0.39,0.08961935592,1.414213562
0,2300,0.7,1251,0.41,0.09671663028,1.414213562
0,2300,0.7,1251,0.42,0.09626142717,1.414213562
0,2300,0.7,1251,0.57,0.09631243598,2.828427125
0,2300,0.7,1251,0.59,0.08287740703,2
0,2300,0.7,1251,0.71,0.09807991354,2.828427125
0,2300,0.7,1251,0.79,0.1107602459,1.414213562
0,2300,0.7,1251,0.82,0.1257424097,1.414213562
0,2300,0.7,1251,0.83,0.08842237198,1.414213562
0,2300,0.7,1251,0.89,0.1049018326,2.828427125
0,2300,0.7,1251,0.91,0.1037727799,2
0,2300,0.7,1251,0.92,0.1090191004,2.828427125
0,2300,0.7,1251,0.93,0.1246017442,2
0,2300,0.7,1251,0.98,0.1159351459,2.828427125
0,2300,0.7,1251,1,0.1243106191,2.828427125
0,2300,0.7,1251,1.01,0.1195916921,2.828427125
0,2300,0.7,1251,1.14,0.1378687675,2
0,2300,0.7,1251,1.15,0.1465383692,2
0,2300,0.7,1251,1.17,0.1422750457,2
0,2300,0.7,1251,1.18,0.1439804646,1.414213562
0,2300,0.7,1251,1.21,0.1435208934,2.828427125
0,2300,0.7,1251,1.22,0.1529085539,2.828427125
0,2300,0.7,1251,1.24,0.1447246832,3.16227766
0,2300,0.7,1251,1.25,0.1548574631,3.16227766
0,2300,0.7,1251,1.3,0.1669173421,2.828427125
0,2300,0.7,1251,1.31,0.1655198504,2
0,2300,0.7,1251,1.32,0.1606823749,3.464101615
0,2300,0.7,1251,1.36,0.1693997513,2.828427125
0,2300,0.7,1251,1.37,0.1685215398,2.828427125
0,2300,0.7,1251,1.41,0.1884362092,2.828427125
0,2300,0.7,1251,1.44,0.1721635465,2
0,2300,0.7,1251,1.45,0.1997619958,2
0,2300,0.7,1251,1.47,0.192952409,2
0,2300,0.7,1251,1.48,0.1724630665,2
0,2300,0.7,1251,1.49,0.2049653998,2
0,2300,0.7,1251,1.5,0.1929242628,4.472135955
0,2300,0.7,1251,1.52,0.213505192,2.828427125
0,2300,0.7,1251,1.53,0.2078299292,2.828427125
0,2300,0.7,1251,1.54,0.2056312131,2.828427125
0,2300,0.7,1251,1.55,0.201216001,2.828427125
0,2300,0.7,1251,1.58,0.2079850701,1.414213562
0,2300,0.7,1251,1.63,0.2247203236,2.828427125
0,2300,0.7,1251,1.65,0.2123918035,1.414213562
0,2300,0.7,1251,1.66,0.2227462154,2.828427125
0,2300,0.7,1251,1.67,0.2150263,1.414213562
0,2300,0.7,1251,1.68,0.2456051929,2.828427125
0,2300,0.7,1251,1.69,0.2318205162,4.472135955
0,2300,0.7,1251,1.7,0.2438517619,2
0,2300,0.7,1251,1.71,0.2408442025,2.828427125
0,2300,0.7,1251,1.72,0.2455995891,2.828427125
0,2300,0.7,1251,1.74,0.2609538827,2.828427125
0,2300,0.7,1251,1.76,0.2471162899,4.472135955
0,2300,0.7,1251,1.77,0.2512484249,2.828427125
0,2300,0.7,1251,1.78,0.2604717972,2.828427125
0,2300,0.7,1251,1.8,0.263449566,2.828427125
0,2300,0.7,1251,1.83,0.2651376778,4.472135955
0,2300,0.7,1251,1.84,0.2559848042,2
0,2300,0.7,1251,1.85,0.2719191273,2
0,2300,0.7,1251,1.86,0.2521997737,2
0,2300,0.7,1251,1.87,0.2838734999,2.828427125
0,2300,0.7,1251,1.89,0.2685325726,4
0,2300,0.7,1251,1.9,0.2830451086,4
0,2300,0.7,1251,1.91,0.2709658549,2.828427125
0,2300,0.7,1251,1.93,0.2616146523,2.828427125
0,2300,0.7,1251,1.96,0.2925652101,2.828427125
0,2300,0.7,1251,2,0.2734812447,2
0,2300,0.7,1251,2.01,0.2877903166,3.464101615
0,2300,0.7,1251,2.02,0.2754391802,2.828427125
0,2300,0.7,1251,2.03,0.2960264672,2
0,2300,0.7,1251,2.04,0.2964424194,2
0,2300,0.7,1251,2.05,0.2789028604,4
0,2300,0.7,1251,2.07,0.2804090959,4
0,2300,0.7,1251,2.08,0.2948399375,2.828427125
0,2300,0.7,1251,2.1,0.2957106681,2.828427125
0,2300,0.7,1251,2.11,0.2749252604,2.828427125
0,2300,0.7,1251,2.12,0.2937544801,2.828427125
0,2300,0.7,1251,2.17,0.2940813081,4
0,2300,0.7,1251,2.19,0.2786084806,2.828427125
0,2300,0.7,1251,2.2,0.2944636652,2.828427125
0,2300,0.7,1251,2.21,0.2876063957,2.828427125
0,2300,0.7,1251,2.22,0.2957300258,2.828427125
0,2300,0.7,1251,2.28,0.2538756353,2
0,2300,0.7,1251,2.29,0.2622629112,2
0,2300,0.7,1251,2.32,0.2871756469,2.828427125
0,2300,0.7,1251,2.33,0.2811723002,2.828427125
0,2300,0.7,1251,2.34,0.2795189762,2
0,2300,0.7,1251,2.36,0.2831850269,2.828427125
0,2300,0.7,1251,2.38,0.276468099,4
0,2300,0.7,1251,2.39,0.2714165362,2.828427125
0,2300,0.7,1251,2.43,0.2626760351,2.828427125
0,2300,0.7,1251,2.44,0.2624981229,2.828427125
0,2300,0.7,1251,2.47,0.2653672206,2.828427125
0,2300,0.7,1251,2.6,0.256622902,4
0,2300,0.7,1251,2.62,0.2500988476,2.828427125
0,2300,0.7,1251,2.82,0.2321071045,2.828427125
0,2300,0.75,1251,0.34,0.1139573651,1.414213562
0,2300,0.75,1251,0.36,0.07216797552,1.414213562
0,2300,0.75,1251,0.42,0.07716833519,1.414213562
0,2300,0.75,1251,0.49,0.09383600144,2
0,2300,0.75,1251,0.54,0.08813715937,2
0,2300,0.75,1251,0.55,0.1086905891,2
0,2300,0.75,1251,0.65,0.09800724328,2.828427125
0,2300,0.75,1251,0.67,0.09063614642,1.414213562
0,2300,0.75,1251,0.72,0.09986463698,1.414213562
0,2300,0.75,1251,0.76,0.1041980647,2
0,2300,0.75,1251,0.79,0.1124509875,2
0,2300,0.75,1251,0.8,0.1083705803,2
0,2300,0.75,1251,0.84,0.09292209804,2.449489743
0,2300,0.75,1251,0.87,0.1093573209,2.828427125
0,2300,0.75,1251,0.9,0.1014199877,3.464101615
0,2300,0.75,1251,0.91,0.1190755875,2
0,2300,0.75,1251,0.97,0.1210468212,2.828427125
0,2300,0.75,1251,0.99,0.1161387612,2
0,2300,0.75,1251,1.01,0.1223453846,1.414213562
0,2300,0.75,1251,1.07,0.1306038109,4
0,2300,0.75,1251,1.09,0.131544443,2.449489743
0,2300,0.75,1251,1.11,0.1203094293,2
0,2300,0.75,1251,1.13,0.1412851011,2.828427125
0,2300,0.75,1251,1.14,0.1324543411,2
0,2300,0.75,1251,1.15,0.1341640745,2.828427125
0,2300,0.75,1251,1.16,0.1283937418,3.464101615
0,2300,0.75,1251,1.21,0.1404012495,2.828427125
0,2300,0.75,1251,1.24,0.1572793862,2
0,2300,0.75,1251,1.26,0.1483123496,1.414213562
0,2300,0.75,1251,1.28,0.1521615509,2
0,2300,0.75,1251,1.29,0.1485352164,2.828427125
0,2300,0.75,1251,1.3,0.1550764561,2
0,2300,0.75,1251,1.31,0.1480099757,4
0,2300,0.75,1251,1.34,0.1551074952,3.16227766
0,2300,0.75,1251,1.35,0.1670083121,2.828427125
0,2300,0.75,1251,1.36,0.1587723568,2.828427125
0,2300,0.75,1251,1.37,0.1548769867,2
0,2300,0.75,1251,1.39,0.1791943162,2
0,2300,0.75,1251,1.41,0.1704183579,3.464101615
0,2300,0.75,1251,1.42,0.1571957377,2
0,2300,0.75,1251,1.45,0.1708615692,3.741657387
0,2300,0.75,1251,1.47,0.1726212305,2.828427125
0,2300,0.75,1251,1.48,0.1790898947,2
0,2300,0.75,1251,1.49,0.1824849623,3.464101615
0,2300,0.75,1251,1.5,0.1706987839,2.828427125
0,2300,0.75,1251,1.51,0.1818704174,2
0,2300,0.75,1251,1.53,0.1808563841,3.464101615
0,2300,0.75,1251,1.54,0.1885019285,4
0,2300,0.75,1251,1.58,0.1895017096,3.464101615
0,2300,0.75,1251,1.59,0.2077594128,2
0,2300,0.75,1251,1.6,0.192549623,2.828427125
0,2300,0.75,1251,1.61,0.1971165259,2
0,2300,0.75,1251,1.62,0.2071310613,2.828427125
0,2300,0.75,1251,1.65,0.2017461013,4
0,2300,0.75,1251,1.66,0.2223744412,2
0,2300,0.75,1251,1.67,0.2015291861,2.449489743
0,2300,0.75,1251,1.69,0.2287918358,2.828427125
0,2300,0.75,1251,1.7,0.2091750586,2.828427125
0,2300,0.75,1251,1.71,0.2182004212,4
0,2300,0.75,1251,1.73,0.2219470316,2
0,2300,0.75,1251,1.74,0.2015632784,2.828427125
0,2300,0.75,1251,1.75,0.2133962445,2.828427125
0,2300,0.75,1251,1.76,0.22288778,3.464101615
0,2300,0.75,1251,1.78,0.2171974487,2.828427125
0,2300,0.75,1251,1.79,0.2240112226,2.828427125
0,2300,0.75,1251,1.8,0.2215637115,3.464101615
0,2300,0.75,1251,1.81,0.2344943968,2.828427125
0,2300,0.75,1251,1.82,0.2348638358,2
0,2300,0.75,1251,1.84,0.2303114991,3.464101615
0,2300,0.75,1251,1.85,0.2289131071,2.828427125
0,2300,0.75,1251,1.87,0.2249905536,2.828427125
0,2300,0.75,1251,1.92,0.2429277866,3.464101615
0,2300,0.75,1251,1.94,0.2422658135,4
0,2300,0.75,1251,1.95,0.2433867401,4.472135955
0,2300,0.75,1251,1.97,0.24982062,2
0,2300,0.75,1251,1.98,0.2384845888,2.828427125
0,2300,0.75,1251,1.99,0.2358300418,2.828427125
0,2300,0.75,1251,2,0.2348462363,2
0,2300,0.75,1251,2.02,0.2503310052,4
0,2300,0.75,1251,2.03,0.2413215934,2.828427125
0,2300,0.75,1251,2.08,0.2606697742,2.828427125
0,2300,0.75,1251,2.11,0.2654206703,2.828427125
0,2300,0.75,1251,2.13,0.2471514397,2.828427125
0,2300,0.75,1251,2.14,0.2424137103,2.828427125
0,2300,0.75,1251,2.15,0.2570672656,2
0,2300,0.75,1251,2.16,0.2419436959,2.828427125
0,2300,0.75,1251,2.18,0.2553923516,2.828427125
0,2300,0.75,1251,2.21,0.2344551145,2
0,2300,0.75,1251,2.24,0.2418793389,4
0,2300,0.75,1251,2.26,0.2486379404,2.828427125
0,2300,0.75,1251,2.31,0.2352743304,2.828427125
0,2300,0.75,1251,2.34,0.2277672936,2.828427125
0,2300,0.75,1251,2.4,0.2395627888,2.828427125
0,2300,0.75,1251,2.43,0.2320753974,2.828427125
0,2300,0.75,1251,2.59,0.2087820349,2.828427125
0,2300,0.8,1251,0.28,0.06626383418,1.414213562
0,2300,0.8,1251,0.52,0.09905203246,1.414213562
0,2300,0.8,1251,0.54,0.09458194411,1.414213562
0,2300,0.8,1251,0.55,0.07942603243,1.414213562
0,2300,0.8,1251,0.59,0.09719953048,2
0,2300,0.8,1251,0.6,0.1001282755,2
0,2300,0.8,1251,0.75,0.09277207235,2
0,2300,0.8,1251,0.76,0.09993198006,2
0,2300,0.8,1251,0.77,0.0995466574,2
0,2300,0.8,1251,0.8,0.1081108801,2.828427125
0,2300,0.8,1251,0.83,0.1034837577,1.414213562
0,2300,0.8,1251,0.93,0.1013869963,2.828427125
0,2300,0.8,1251,0.98,0.1180017248,2
0,2300,0.8,1251,0.99,0.1121168951,2
0,2300,0.8,1251,1.04,0.09263229584,1.414213562
0,2300,0.8,1251,1.08,0.1226843209,2.449489743
0,2300,0.8,1251,1.11,0.1175835751,2.449489743
0,2300,0.8,1251,1.12,0.1181904432,2.828427125
0,2300,0.8,1251,1.17,0.1361226873,2
0,2300,0.8,1251,1.18,0.1212877992,2
0,2300,0.8,1251,1.19,0.136652412,2
0,2300,0.8,1251,1.2,0.1296003805,2.828427125
0,2300,0.8,1251,1.21,0.1217745725,2
0,2300,0.8,1251,1.22,0.1273324699,2
0,2300,0.8,1251,1.23,0.1372306226,3.464101615
0,2300,0.8,1251,1.29,0.131186229,2.828427125
0,2300,0.8,1251,1.32,0.1439477818,2.828427125
0,2300,0.8,1251,1.33,0.1484091545,2
0,2300,0.8,1251,1.34,0.1411743848,2.828427125
0,2300,0.8,1251,1.36,0.1362958186,2
0,2300,0.8,1251,1.43,0.1513849646,2.828427125
0,2300,0.8,1251,1.45,0.150986386,2.828427125
0,2300,0.8,1251,1.5,0.1615354658,2
0,2300,0.8,1251,1.52,0.1632418747,3.464101615
0,2300,0.8,1251,1.54,0.1550981696,2
0,2300,0.8,1251,1.56,0.1569300539,1.414213562
0,2300,0.8,1251,1.58,0.1657467865,2
0,2300,0.8,1251,1.59,0.1640420189,2.828427125
0,2300,0.8,1251,1.61,0.1663578154,3.16227766
0,2300,0.8,1251,1.63,0.1699186327,2.828427125
0,2300,0.8,1251,1.64,0.1574183308,2
0,2300,0.8,1251,1.65,0.1754028387,2.828427125
0,2300,0.8,1251,1.67,0.1735758076,2.828427125
0,2300,0.8,1251,1.69,0.1702702433,2
0,2300,0.8,1251,1.71,0.1801486536,3.464101615
0,2300,0.8,1251,1.72,0.192894406,2.828427125
0,2300,0.8,1251,1.74,0.1799073463,2.828427125
0,2300,0.8,1251,1.77,0.1791882742,2
0,2300,0.8,1251,1.78,0.1834844556,2.828427125
0,2300,0.8,1251,1.81,0.1930180407,2
0,2300,0.8,1251,1.85,0.1920504651,2.828427125
0,2300,0.8,1251,1.86,0.1985489492,2.828427125
0,2300,0.8,1251,1.89,0.1963516408,3.464101615
0,2300,0.8,1251,1.91,0.2014893641,3.464101615
0,2300,0.8,1251,1.92,0.2032580156,2
0,2300,0.8,1251,1.94,0.2032579274,2.828427125
0,2300,0.8,1251,1.96,0.1979670855,2
0,2300,0.8,1251,1.97,0.1947927067,2.828427125
0,2300,0.8,1251,1.99,0.2081729903,2.828427125
0,2300,0.8,1251,2,0.198901207,2.828427125
0,2300,0.8,1251,2.02,0.211453768,2.828427125
0,2300,0.8,1251,2.07,0.1971797455,2.828427125
0,2300,0.8,1251,2.08,0.2348345034,1.414213562
0,2300,0.8,1251,2.09,0.2008346328,2.828427125
0,2300,0.8,1251,2.1,0.1927675651,2
0,2300,0.8,1251,2.15,0.204383713,3.16227766
0,2300,0.8,1251,2.16,0.2004063248,2.828427125
0,2300,0.8,1251,2.17,0.1961836062,2
0,2300,0.8,1251,2.19,0.2021818497,2.828427125
0,2300,0.8,1251,2.21,0.1967130374,2
0,2300,0.8,1251,2.22,0.2033383461,4.472135955
0,2300,0.8,1251,2.23,0.2020741602,2.828427125
0,2300,0.8,1251,2.24,0.2075161783,2.828427125
0,2300,0.8,1251,2.26,0.1952887106,2.828427125
0,2300,0.8,1251,2.28,0.203311866,2.828427125
0,2300,0.8,1251,2.3,0.1948874693,2.828427125
0,2300,0.8,1251,2.31,0.1916984267,3.464101615
0,2300,0.8,1251,2.34,0.189933015,2
0,2300,0.8,1251,2.35,0.195481113,2
0,2300,0.8,1251,2.36,0.1883722543,4
0,2300,0.8,1251,2.39,0.1899931777,3.464101615
0,2300,0.8,1251,2.4,0.185825616,4
0,2300,0.8,1251,2.42,0.1852877856,3.464101615
0,2300,0.8,1251,2.45,0.1862342209,2.828427125
0,2300,0.8,1251,2.47,0.1883758691,2.828427125
0,2300,0.8,1251,2.48,0.1879543623,2.828427125
0,2300,0.8,1251,2.5,0.1762201095,2.828427125
0,2300,0.8,1251,2.53,0.1786509619,2.828427125
0,2300,0.8,1251,2.59,0.1798796028,2.828427125
0,2300,0.8,1251,2.63,0.1809887779,3.464101615
0,2300,0.8,1251,2.64,0.1726689898,2.828427125
0,2300,0.8,1251,2.66,0.1748206794,2
0,2300,0.8,1251,2.67,0.1718879954,2.828427125
0,2300,0.8,1251,2.69,0.1730913376,2.828427125
0,2300,0.8,1251,2.71,0.1687143883,2.828427125
0,2300,0.8,1251,2.76,0.1722821222,2.828427125
0,2300,0.8,1251,2.78,0.1671037653,2.828427125
0,2300,0.8,1251,2.85,0.1607924065,2.828427125
0,2300,0.8,1251,2.88,0.1672144448,2.828427125
0,2300,0.8,1251,2.99,0.1664970907,2
0,2300,0.8,1251,3,0.1587011112,2.828427125
0,2300,0.8,1251,3.04,0.1546632747,2.828427125
0,2300,0.8,1251,3.1,0.1514642195,2.828427125
0,2300,0.8,1251,3.19,0.1428605768,2.828427125
0,2300,0.85,1251,0.33,0.126065583,1.414213562
0,2300,0.85,1251,0.38,0.05825850266,1.414213562
0,2300,0.85,1251,0.42,0.07124985825,1.414213562
0,2300,0.85,1251,0.5,0.0949785906,2
0,2300,0.85,1251,0.53,0.07311053509,2
0,2300,0.85,1251,0.57,0.08346545256,2
0,2300,0.85,1251,0.65,0.08684912689,2.828427125
0,2300,0.85,1251,0.66,0.06447629015,1.414213562
0,2300,0.85,1251,0.76,0.08986251045,2.449489743
0,2300,0.85,1251,0.78,0.09455886728,2
0,2300,0.85,1251,0.83,0.08330771615,2.449489743
0,2300,0.85,1251,0.87,0.09660034375,3.464101615
0,2300,0.85,1251,0.9,0.07719500145,2
0,2300,0.85,1251,0.92,0.0846214753,2
0,2300,0.85,1251,0.93,0.09211285783,2.828427125
0,2300,0.85,1251,0.97,0.09983794616,2.828427125
0,2300,0.85,1251,0.98,0.0887800625,1.414213562
0,2300,0.85,1251,1.01,0.0979826794,2
0,2300,0.85,1251,1.06,0.1037934773,2.828427125
0,2300,0.85,1251,1.07,0.1038031839,2
0,2300,0.85,1251,1.09,0.1115273571,2.828427125
0,2300,0.85,1251,1.13,0.1019189122,3.464101615
0,2300,0.85,1251,1.14,0.1024529526,2.828427125
0,2300,0.85,1251,1.15,0.1003464106,1.414213562
0,2300,0.85,1251,1.18,0.1131784652,2.828427125
0,2300,0.85,1251,1.19,0.1012008573,2
0,2300,0.85,1251,1.22,0.1059448783,2
0,2300,0.85,1251,1.25,0.1182457728,2.449489743
0,2300,0.85,1251,1.26,0.1093928816,2.828427125
0,2300,0.85,1251,1.29,0.1169138056,2.828427125
0,2300,0.85,1251,1.31,0.1131817113,4.69041576
0,2300,0.85,1251,1.32,0.1107901829,2
0,2300,0.85,1251,1.35,0.1201000802,4
0,2300,0.85,1251,1.37,0.1128781176,2
0,2300,0.85,1251,1.38,0.1201162851,3.464101615
0,2300,0.85,1251,1.41,0.1198725062,2
0,2300,0.85,1251,1.42,0.1273283785,2
0,2300,0.85,1251,1.43,0.1180051951,2.828427125
0,2300,0.85,1251,1.45,0.1185107557,2.828427125
0,2300,0.85,1251,1.46,0.1275694729,2.828427125
0,2300,0.85,1251,1.47,0.1434633009,2
0,2300,0.85,1251,1.5,0.1330753552,4
0,2300,0.85,1251,1.51,0.1352755648,2
0,2300,0.85,1251,1.52,0.1281092576,2
0,2300,0.85,1251,1.53,0.1258858834,1.414213562
0,2300,0.85,1251,1.56,0.1293767645,4
0,2300,0.85,1251,1.57,0.1338577873,4
0,2300,0.85,1251,1.58,0.1522260901,2
0,2300,0.85,1251,1.59,0.1344633057,2
0,2300,0.85,1251,1.6,0.1343526295,2.828427125
0,2300,0.85,1251,1.61,0.136424629,2.828427125
0,2300,0.85,1251,1.62,0.1424093212,2.828427125
0,2300,0.85,1251,1.64,0.1404211131,2.828427125
0,2300,0.85,1251,1.66,0.130895817,2
0,2300,0.85,1251,1.67,0.1559915417,1.414213562
0,2300,0.85,1251,1.7,0.1442140764,2.828427125
0,2300,0.85,1251,1.71,0.1397345203,3.464101615
0,2300,0.85,1251,1.73,0.1430030679,4.898979486
0,2300,0.85,1251,1.74,0.1432669417,4
0,2300,0.85,1251,1.77,0.1472939213,4
0,2300,0.85,1251,1.79,0.144651468,3.464101615
0,2300,0.85,1251,1.81,0.1568754576,2
0,2300,0.85,1251,1.82,0.1491576926,3.464101615
0,2300,0.85,1251,1.83,0.1512959182,3.464101615
0,2300,0.85,1251,1.85,0.1535205338,2.828427125
0,2300,0.85,1251,1.86,0.1505716824,4.898979486
0,2300,0.85,1251,1.93,0.1466992049,2.828427125
0,2300,0.85,1251,1.94,0.1527848524,2
0,2300,0.85,1251,1.95,0.1544355302,2.828427125
0,2300,0.85,1251,1.96,0.1538637382,2.828427125
0,2300,0.85,1251,1.97,0.1544138261,4.472135955
0,2300,0.85,1251,2,0.152082651,4
0,2300,0.85,1251,2.01,0.1511262596,2
0,2300,0.85,1251,2.02,0.1604027195,2
0,2300,0.85,1251,2.05,0.1610723852,2.828427125
0,2300,0.85,1251,2.06,0.1504216513,2.828427125
0,2300,0.85,1251,2.08,0.1520360988,4
0,2300,0.85,1251,2.12,0.1596758889,2
0,2300,0.85,1251,2.13,0.1480157526,2.828427125
0,2300,0.85,1251,2.14,0.158559386,2.828427125
0,2300,0.85,1251,2.16,0.1489836102,2.828427125
0,2300,0.85,1251,2.18,0.1511231279,2.828427125
0,2300,0.85,1251,2.21,0.145338576,2.828427125
0,2300,0.85,1251,2.25,0.1428705439,2.828427125
0,2300,0.85,1251,2.26,0.145674499,3.464101615
0,2300,0.85,1251,2.29,0.1538126613,2.828427125
0,2300,0.85,1251,2.35,0.1468165564,2.828427125
0,2300,0.85,1251,2.37,0.1461890818,2.828427125
0,2300,0.85,1251,2.41,0.1471365552,2.828427125
0,2300,0.85,1251,2.47,0.1465502228,2.828427125
0,2300,0.85,1251,2.61,0.1369212098,2.828427125
0,2300,0.9,1251,0.33,0.04743104928,1.414213562
0,2300,0.9,1251,0.38,0.1100759192,1.414213562
0,2300,0.9,1251,0.42,0.06975163126,1.414213562
0,2300,0.9,1251,0.5,0.05517234992,2
0,2300,0.9,1251,0.54,0.08209487097,2
0,2300,0.9,1251,0.57,0.06311966368,2
0,2300,0.9,1251,0.66,0.06680946675,3.16227766
0,2300,0.9,1251,0.76,0.06864623175,2.449489743
0,2300,0.9,1251,0.78,0.07705680023,2
0,2300,0.9,1251,0.83,0.07096676103,2
0,2300,0.9,1251,0.84,0.0596375925,1.414213562
0,2300,0.9,1251,0.87,0.0743507485,3.464101615
0,2300,0.9,1251,0.91,0.07918344201,2
0,2300,0.9,1251,0.93,0.07481576285,3.464101615
0,2300,0.9,1251,0.98,0.07567926065,2.828427125
0,2300,0.9,1251,0.99,0.07100364853,1.414213562
0,2300,0.9,1251,1.01,0.07704532457,2
0,2300,0.9,1251,1.06,0.08768502816,2
0,2300,0.9,1251,1.07,0.07758765261,2.828427125
0,2300,0.9,1251,1.09,0.07808832097,2.828427125
0,2300,0.9,1251,1.14,0.08191442831,4.69041576
0,2300,0.9,1251,1.18,0.0835277174,2.828427125
0,2300,0.9,1251,1.19,0.08102151188,2
0,2300,0.9,1251,1.22,0.08151326118,2
0,2300,0.9,1251,1.25,0.08211551234,2
0,2300,0.9,1251,1.26,0.08465406574,2.828427125
0,2300,0.9,1251,1.27,0.09501866601,1.414213562
0,2300,0.9,1251,1.3,0.08834916075,2
0,2300,0.9,1251,1.31,0.08233527695,3.464101615
0,2300,0.9,1251,1.32,0.08439956232,4.242640687
0,2300,0.9,1251,1.35,0.08433189828,2.828427125
0,2300,0.9,1251,1.36,0.08707307963,2.828427125
0,2300,0.9,1251,1.37,0.08517871539,2
0,2300,0.9,1251,1.38,0.08970328126,3.464101615
0,2300,0.9,1251,1.42,0.09193506633,2
0,2300,0.9,1251,1.43,0.08822064613,3.464101615
0,2300,0.9,1251,1.46,0.08437627025,2.828427125
0,2300,0.9,1251,1.48,0.09492612713,3.464101615
0,2300,0.9,1251,1.5,0.09166830762,2.828427125
0,2300,0.9,1251,1.51,0.09452727638,3.464101615
0,2300,0.9,1251,1.52,0.09479021907,2.449489743
0,2300,0.9,1251,1.56,0.0909182021,4
0,2300,0.9,1251,1.57,0.09118431935,2.828427125
0,2300,0.9,1251,1.58,0.09282324669,3.464101615
0,2300,0.9,1251,1.61,0.09333594752,4.472135955
0,2300,0.9,1251,1.62,0.09682869244,2.828427125
0,2300,0.9,1251,1.65,0.09608396736,2.828427125
0,2300,0.9,1251,1.66,0.09099487575,2
0,2300,0.9,1251,1.69,0.09681719276,1.414213562
0,2300,0.9,1251,1.7,0.1025668015,2
0,2300,0.9,1251,1.71,0.09425941349,2.828427125
0,2300,0.9,1251,1.72,0.09669376199,2
0,2300,0.9,1251,1.73,0.1021270464,3.464101615
0,2300,0.9,1251,1.74,0.09699215115,4.898979486
0,2300,0.9,1251,1.76,0.1054377956,2.828427125
0,2300,0.9,1251,1.77,0.09575527541,2.828427125
0,2300,0.9,1251,1.78,0.1038852267,2.828427125
0,2300,0.9,1251,1.79,0.09239051638,2.828427125
0,2300,0.9,1251,1.81,0.09586828712,2.828427125
0,2300,0.9,1251,1.83,0.09904292993,3.464101615
0,2300,0.9,1251,1.85,0.09752409779,3.464101615
0,2300,0.9,1251,1.86,0.09743891752,4
0,2300,0.9,1251,1.87,0.1015213712,2.828427125
0,2300,0.9,1251,1.88,0.09931027473,2.828427125
0,2300,0.9,1251,1.94,0.1011068984,2.828427125
0,2300,0.9,1251,1.96,0.1015248672,3.464101615
0,2300,0.9,1251,1.97,0.09908143265,2.828427125
0,2300,0.9,1251,1.98,0.1003176657,3.464101615
0,2300,0.9,1251,1.99,0.1069596415,2.828427125
0,2300,0.9,1251,2,0.1017705595,2.828427125
0,2300,0.9,1251,2.01,0.1036312883,3.464101615
0,2300,0.9,1251,2.04,0.1043308842,2
0,2300,0.9,1251,2.06,0.1020688819,4
0,2300,0.9,1251,2.09,0.1027870898,2.828427125
0,2300,0.9,1251,2.1,0.1004475526,2.828427125
0,2300,0.9,1251,2.14,0.1010205879,3.464101615
0,2300,0.9,1251,2.15,0.09851427155,2.828427125
0,2300,0.9,1251,2.17,0.09665775571,2.828427125
0,2300,0.9,1251,2.18,0.1042607855,2.828427125
0,2300,0.9,1251,2.21,0.09958244246,2.828427125
0,2300,0.9,1251,2.26,0.1012069464,2.828427125
0,2300,0.9,1251,2.27,0.0989272232,3.464101615
0,2300,0.9,1251,2.3,0.09596844241,2.828427125
0,2300,0.9,1251,2.37,0.1011224607,2.828427125
0,2300,0.9,1251,2.38,0.09508948658,2.828427125
0,2300,0.9,1251,2.43,0.09700023988,2.828427125
0,2300,0.9,1251,2.48,0.09741153772,2.828427125
0,2300,0.9,1251,2.63,0.09168356272,2.828427125
10,2300,0.1,1251,0.27,0.04856131101,1.414213562
10,2300,0.1,1251,0.43,0.04454624824,1.414213562
10,2300,0.1,1251,0.5,0.04887339837,1.414213562
10,2300,0.1,1251,0.51,0.04897438977,2
10,2300,0.1,1251,0.55,0.05097123517,1.414213562
10,2300,0.1,1251,0.57,0.0601074674,2
10,2300,0.1,1251,0.65,0.07750672055,2
10,2300,0.1,1251,0.69,0.06171130183,2
10,2300,0.1,1251,0.71,0.07889615809,2.828427125
10,2300,0.1,1251,0.74,0.06330458563,2
10,2300,0.1,1251,0.82,0.05864442051,1.414213562
10,2300,0.1,1251,0.85,0.0602721006,3.16227766
10,2300,0.1,1251,0.89,0.06699512062,2
10,2300,0.1,1251,0.93,0.07220069788,2
10,2300,0.1,1251,0.96,0.06481353384,2
10,2300,0.1,1251,0.99,0.05749925293,2
10,2300,0.1,1251,1,0.06212654607,1.414213562
10,2300,0.1,1251,1.01,0.08412283432,2
10,2300,0.1,1251,1.02,0.06612394379,2.828427125
10,2300,0.1,1251,1.03,0.06825449401,2
10,2300,0.1,1251,1.05,0.06433358225,2.828427125
10,2300,0.1,1251,1.08,0.08005902712,2
10,2300,0.1,1251,1.1,0.07811445242,1.414213562
10,2300,0.1,1251,1.12,0.0755534234,2.828427125
10,2300,0.1,1251,1.13,0.0811073582,2.828427125
10,2300,0.1,1251,1.14,0.08090094092,2
10,2300,0.1,1251,1.18,0.07402285497,2.828427125
10,2300,0.1,1251,1.2,0.07687560701,2
10,2300,0.1,1251,1.21,0.07967488219,2.828427125
10,2300,0.1,1251,1.28,0.07803119991,4.242640687
10,2300,0.1,1251,1.29,0.07992929144,2
10,2300,0.1,1251,1.31,0.07759820487,2.828427125
10,2300,0.1,1251,1.34,0.07621138276,2.828427125
10,2300,0.1,1251,1.36,0.08975232377,2.828427125
10,2300,0.1,1251,1.37,0.08549984879,2
10,2300,0.1,1251,1.39,0.0799514368,2.828427125
10,2300,0.1,1251,1.4,0.07624007284,2.828427125
10,2300,0.1,1251,1.42,0.07809777638,2.828427125
10,2300,0.1,1251,1.47,0.08403047116,2.828427125
10,2300,0.1,1251,1.48,0.08329241835,3.464101615
10,2300,0.1,1251,1.49,0.08312917899,1.414213562
10,2300,0.1,1251,1.52,0.07868536364,2.828427125
10,2300,0.1,1251,1.54,0.08146818992,2.828427125
10,2300,0.1,1251,1.55,0.08754767546,3.464101615
10,2300,0.1,1251,1.58,0.0879496724,2.828427125
10,2300,0.1,1251,1.59,0.09149993081,2
10,2300,0.1,1251,1.6,0.0823288307,2.828427125
10,2300,0.1,1251,1.62,0.08953842772,2
10,2300,0.1,1251,1.64,0.08390895942,2.828427125
10,2300,0.1,1251,1.65,0.08480793109,2.828427125
10,2300,0.1,1251,1.68,0.0920856819,2
10,2300,0.1,1251,1.7,0.0942166151,1.414213562
10,2300,0.1,1251,1.71,0.09006840763,4.472135955
10,2300,0.1,1251,1.72,0.09271946666,2.828427125
10,2300,0.1,1251,1.74,0.08778865249,2.828427125
10,2300,0.1,1251,1.75,0.09201156611,2.828427125
10,2300,0.1,1251,1.76,0.08741042653,2.828427125
10,2300,0.1,1251,1.77,0.1022840246,2
10,2300,0.1,1251,1.79,0.0951203089,3.464101615
10,2300,0.1,1251,1.8,0.09485872207,2.828427125
10,2300,0.1,1251,1.82,0.09373690268,2.828427125
10,2300,0.1,1251,1.85,0.09812714453,2
10,2300,0.1,1251,1.86,0.09285819544,2.828427125
10,2300,0.1,1251,1.89,0.09273382433,2
10,2300,0.1,1251,1.9,0.09838147612,2.828427125
10,2300,0.1,1251,1.91,0.09224387312,2.828427125
10,2300,0.1,1251,1.95,0.09551113598,2.828427125
10,2300,0.1,1251,1.96,0.0918349199,3.464101615
10,2300,0.1,1251,1.97,0.1013041049,2
10,2300,0.1,1251,1.98,0.1069471704,2.828427125
10,2300,0.1,1251,1.99,0.09449651953,3.16227766
10,2300,0.1,1251,2.01,0.09801833012,2
10,2300,0.1,1251,2.02,0.09585866587,2
10,2300,0.1,1251,2.04,0.09783863445,4.472135955
10,2300,0.1,1251,2.05,0.09614067053,2.828427125
10,2300,0.1,1251,2.06,0.09528471411,2.828427125
10,2300,0.1,1251,2.07,0.1001353248,2
10,2300,0.1,1251,2.08,0.09770938926,2.828427125
10,2300,0.1,1251,2.11,0.09433328197,2.828427125
10,2300,0.1,1251,2.13,0.1034350383,2.828427125
10,2300,0.1,1251,2.14,0.1002505287,2.828427125
10,2300,0.1,1251,2.16,0.1047583179,2
10,2300,0.1,1251,2.17,0.09920875179,2
10,2300,0.1,1251,2.18,0.1003092597,2.828427125
10,2300,0.1,1251,2.2,0.09787721458,2.828427125
10,2300,0.1,1251,2.23,0.09923566788,2.828427125
10,2300,0.1,1251,2.25,0.0956595682,2.828427125
10,2300,0.1,1251,2.26,0.097336763,3.464101615
10,2300,0.1,1251,2.27,0.1031840182,2
10,2300,0.1,1251,2.28,0.09878371868,2.828427125
10,2300,0.1,1251,2.31,0.1028586673,2.828427125
10,2300,0.1,1251,2.32,0.09543343131,2.828427125
10,2300,0.1,1251,2.33,0.09922259817,2.828427125
10,2300,0.1,1251,2.37,0.1006328957,2
10,2300,0.1,1251,2.38,0.1063519291,2.828427125
10,2300,0.1,1251,2.41,0.1045970452,2.828427125
10,2300,0.1,1251,2.43,0.1063833697,4
10,2300,0.1,1251,2.5,0.104666293,2.828427125
10,2300,0.1,1251,2.52,0.1043199971,2.828427125
10,2300,0.1,1251,2.61,0.1080078876,2.828427125
10,2300,0.1,1251,2.62,0.1032269802,2
10,2300,0.1,1251,2.63,0.1047341709,2.828427125
10,2300,0.1,1251,2.68,0.1107379521,2.828427125
10,2300,0.1,1251,2.75,0.1108907913,2.828427125
10,2300,0.1,1251,2.84,0.1125280557,2.828427125
10,2300,0.2,1251,0.51,0.08752174583,1.414213562
10,2300,0.2,1251,0.52,0.1153498215,1.414213562
10,2300,0.2,1251,0.53,0.04939540818,1.414213562
10,2300,0.2,1251,0.73,0.08672146318,2
10,2300,0.2,1251,0.74,0.07332589339,2.828427125
10,2300,0.2,1251,0.9,0.08875188706,2.828427125
10,2300,0.2,1251,1.02,0.106064448,1.414213562
10,2300,0.2,1251,1.03,0.1037252022,1.414213562
10,2300,0.2,1251,1.07,0.1050044044,1.414213562
10,2300,0.2,1251,1.14,0.1070430953,2
10,2300,0.2,1251,1.15,0.109551802,2.828427125
10,2300,0.2,1251,1.16,0.1146246856,2
10,2300,0.2,1251,1.18,0.1205079275,2.828427125
10,2300,0.2,1251,1.26,0.1114351603,2.828427125
10,2300,0.2,1251,1.27,0.1124725988,2.828427125
10,2300,0.2,1251,1.29,0.1101057238,2.828427125
10,2300,0.2,1251,1.45,0.1277196597,2
10,2300,0.2,1251,1.47,0.1373039999,2
10,2300,0.2,1251,1.48,0.1395247384,2
10,2300,0.2,1251,1.53,0.1357693163,1.414213562
10,2300,0.2,1251,1.55,0.1457652034,3.16227766
10,2300,0.2,1251,1.56,0.1497196176,2.828427125
10,2300,0.2,1251,1.57,0.145683058,2.828427125
10,2300,0.2,1251,1.6,0.1775626459,1.414213562
10,2300,0.2,1251,1.61,0.1382918191,2
10,2300,0.2,1251,1.62,0.1432547278,2
10,2300,0.2,1251,1.63,0.1518094749,2
10,2300,0.2,1251,1.64,0.1377360994,2
10,2300,0.2,1251,1.68,0.166027942,2.828427125
10,2300,0.2,1251,1.7,0.1539225636,2.828427125
10,2300,0.2,1251,1.72,0.1427333264,2.828427125
10,2300,0.2,1251,1.75,0.174886148,2.828427125
10,2300,0.2,1251,1.8,0.170901309,2.828427125
10,2300,0.2,1251,1.84,0.1770464139,2
10,2300,0.2,1251,1.85,0.1830854015,2
10,2300,0.2,1251,1.86,0.1650183386,2
10,2300,0.2,1251,1.88,0.1559104758,2
10,2300,0.2,1251,1.89,0.17298935,2
10,2300,0.2,1251,1.9,0.1859023003,2
10,2300,0.2,1251,1.92,0.1789841972,2.828427125
10,2300,0.2,1251,1.93,0.1702858592,4
10,2300,0.2,1251,1.95,0.1846755573,2.828427125
10,2300,0.2,1251,1.96,0.194653586,2.828427125
10,2300,0.2,1251,1.97,0.1881855669,2.828427125
10,2300,0.2,1251,2.04,0.173098763,1.414213562
10,2300,0.2,1251,2.07,0.1725961689,1.414213562
10,2300,0.2,1251,2.1,0.1893752768,2.828427125
10,2300,0.2,1251,2.13,0.1922944218,4.242640687
10,2300,0.2,1251,2.14,0.1898395075,2.828427125
10,2300,0.2,1251,2.16,0.1975883985,2.828427125
10,2300,0.2,1251,2.17,0.1868343984,2.828427125
10,2300,0.2,1251,2.18,0.1836706826,2
10,2300,0.2,1251,2.19,0.1967034814,4
10,2300,0.2,1251,2.21,0.2080326486,2
10,2300,0.2,1251,2.23,0.2136417725,2
10,2300,0.2,1251,2.24,0.1932127087,2.828427125
10,2300,0.2,1251,2.25,0.2126838189,2.828427125
10,2300,0.2,1251,2.27,0.1949850067,2.828427125
10,2300,0.2,1251,2.28,0.1890791939,3.464101615
10,2300,0.2,1251,2.3,0.2064763545,2.828427125
10,2300,0.2,1251,2.33,0.1907970679,2
10,2300,0.2,1251,2.34,0.2054114296,2.828427125
10,2300,0.2,1251,2.36,0.2057892916,3.464101615
10,2300,0.2,1251,2.37,0.2084964987,3.464101615
10,2300,0.2,1251,2.38,0.2036348501,2.828427125
10,2300,0.2,1251,2.42,0.2044530404,4.898979486
10,2300,0.2,1251,2.44,0.2171211382,2.828427125
10,2300,0.2,1251,2.45,0.2169896599,2.828427125
10,2300,0.2,1251,2.52,0.2125535752,2.828427125
10,2300,0.2,1251,2.54,0.2044406774,2.828427125
10,2300,0.2,1251,2.56,0.2257070264,2
10,2300,0.2,1251,2.57,0.2262330237,2
10,2300,0.2,1251,2.58,0.2174806485,2.828427125
10,2300,0.2,1251,2.59,0.1954722938,2
10,2300,0.2,1251,2.61,0.2224151871,3.464101615
10,2300,0.2,1251,2.62,0.228306738,3.464101615
10,2300,0.2,1251,2.64,0.207519139,3.464101615
10,2300,0.2,1251,2.66,0.2135627271,2.828427125
10,2300,0.2,1251,2.67,0.2089196898,2.828427125
10,2300,0.2,1251,2.68,0.2250813841,2.828427125
10,2300,0.2,1251,2.7,0.2192035848,2.828427125
10,2300,0.2,1251,2.77,0.2192819493,2.828427125
10,2300,0.2,1251,2.78,0.2088110376,2.828427125
10,2300,0.2,1251,2.79,0.2099317845,2.828427125
10,2300,0.2,1251,2.8,0.2164722064,2.828427125
10,2300,0.2,1251,2.82,0.1957561569,4
10,2300,0.2,1251,2.9,0.1927670267,2
10,2300,0.2,1251,2.95,0.1914634138,3.464101615
10,2300,0.2,1251,2.97,0.1838629848,2
10,2300,0.2,1251,2.99,0.1756628676,2.828427125
10,2300,0.2,1251,3.01,0.163564052,2.828427125
10,2300,0.2,1251,3.02,0.1750520886,2.828427125
10,2300,0.2,1251,3.03,0.1670263464,2.828427125
10,2300,0.2,1251,3.05,0.1540066451,2.828427125
10,2300,0.2,1251,3.09,0.1493844219,2.828427125
10,2300,0.2,1251,3.12,0.1400836622,2.828427125
10,2300,0.2,1251,3.14,0.1345784227,2.828427125
10,2300,0.2,1251,3.31,0.1199904319,2.828427125
10,2300,0.2,1251,3.33,0.1168331784,2.828427125
10,2300,0.2,1251,3.34,0.1161229499,2.828427125
10,2300,0.2,1251,3.6,0.1229580125,2.828427125
10,2300,0.3,1251,0.34,0.05548011811,1.414213562
10,2300,0.3,1251,0.41,0.06054083511,1.414213562
10,2300,0.3,1251,0.49,0.07852654456,1.414213562
10,2300,0.3,1251,0.53,0.06472487938,2
10,2300,0.3,1251,0.59,0.07385679257,2
10,2300,0.3,1251,0.64,0.06918198738,2
10,2300,0.3,1251,0.67,0.06297236351,1.414213562
10,2300,0.3,1251,0.72,0.07187636868,2.828427125
10,2300,0.3,1251,0.79,0.08382737631,2
10,2300,0.3,1251,0.81,0.09727357833,1.414213562
10,2300,0.3,1251,0.83,0.08407666394,2
10,2300,0.3,1251,0.88,0.08344654918,2
10,2300,0.3,1251,0.93,0.09950703099,2.828427125
10,2300,0.3,1251,0.95,0.1051734877,2
10,2300,0.3,1251,0.98,0.09611787211,1.414213562
10,2300,0.3,1251,1.01,0.1026038447,3.16227766
10,2300,0.3,1251,1.04,0.1015131743,2
10,2300,0.3,1251,1.05,0.1048592215,2
10,2300,0.3,1251,1.06,0.1113668805,2
10,2300,0.3,1251,1.09,0.1126180535,2
10,2300,0.3,1251,1.11,0.1074465976,2.828427125
10,2300,0.3,1251,1.12,0.120582413,2
10,2300,0.3,1251,1.16,0.1050440057,2.828427125
10,2300,0.3,1251,1.19,0.1158252512,3.464101615
10,2300,0.3,1251,1.22,0.1149627079,1.414213562
10,2300,0.3,1251,1.26,0.1276737694,3.464101615
10,2300,0.3,1251,1.27,0.1267902746,2
10,2300,0.3,1251,1.29,0.1296717408,2
10,2300,0.3,1251,1.31,0.1353129075,2
10,2300,0.3,1251,1.32,0.1355385056,2.828427125
10,2300,0.3,1251,1.34,0.136579187,1.414213562
10,2300,0.3,1251,1.35,0.1373812115,2.828427125
10,2300,0.3,1251,1.38,0.1550598684,2.828427125
10,2300,0.3,1251,1.39,0.1407263644,2
10,2300,0.3,1251,1.4,0.1414219258,2
10,2300,0.3,1251,1.41,0.1545226534,2
10,2300,0.3,1251,1.43,0.1593700321,2
10,2300,0.3,1251,1.44,0.1575273598,2.828427125
10,2300,0.3,1251,1.46,0.1772254649,2.828427125
10,2300,0.3,1251,1.47,0.1607136966,3.16227766
10,2300,0.3,1251,1.49,0.1752884108,2.828427125
10,2300,0.3,1251,1.51,0.156662638,2
10,2300,0.3,1251,1.52,0.1901359929,2
10,2300,0.3,1251,1.56,0.1836586497,3.464101615
10,2300,0.3,1251,1.57,0.1737121945,2
10,2300,0.3,1251,1.58,0.1905594071,2
10,2300,0.3,1251,1.6,0.1758259476,2.828427125
10,2300,0.3,1251,1.62,0.1915030089,3.741657387
10,2300,0.3,1251,1.64,0.1949257406,2.828427125
10,2300,0.3,1251,1.65,0.1791270954,2.828427125
10,2300,0.3,1251,1.66,0.192785227,2.828427125
10,2300,0.3,1251,1.67,0.1907370316,2.828427125
10,2300,0.3,1251,1.68,0.1975916523,2
10,2300,0.3,1251,1.69,0.2203907636,2
10,2300,0.3,1251,1.7,0.2071966961,2.828427125
10,2300,0.3,1251,1.71,0.2090493615,4
10,2300,0.3,1251,1.73,0.2214101149,2.828427125
10,2300,0.3,1251,1.76,0.2306787307,2
10,2300,0.3,1251,1.78,0.2120907701,2
10,2300,0.3,1251,1.81,0.2258293298,3.464101615
10,2300,0.3,1251,1.82,0.2572675774,2.828427125
10,2300,0.3,1251,1.83,0.2186643873,2.828427125
10,2300,0.3,1251,1.85,0.2176501603,2.828427125
10,2300,0.3,1251,1.86,0.2237880425,2.828427125
10,2300,0.3,1251,1.88,0.2459469907,2.828427125
10,2300,0.3,1251,1.9,0.2420314697,2
10,2300,0.3,1251,1.91,0.2314454849,2.828427125
10,2300,0.3,1251,1.93,0.2476750415,2.828427125
10,2300,0.3,1251,1.94,0.2424579451,2.828427125
10,2300,0.3,1251,1.96,0.2608479797,3.16227766
10,2300,0.3,1251,1.97,0.2529143209,2.828427125
10,2300,0.3,1251,1.99,0.2559428501,2.828427125
10,2300,0.3,1251,2,0.2519725796,2
10,2300,0.3,1251,2.01,0.2669726452,2.828427125
10,2300,0.3,1251,2.02,0.2552107367,2.828427125
10,2300,0.3,1251,2.03,0.2620314444,4
10,2300,0.3,1251,2.06,0.26492904,2.828427125
10,2300,0.3,1251,2.07,0.280240271,2
10,2300,0.3,1251,2.11,0.2660075092,3.464101615
10,2300,0.3,1251,2.12,0.2770640237,2
10,2300,0.3,1251,2.15,0.2843644515,4.898979486
10,2300,0.3,1251,2.16,0.2953703232,4
10,2300,0.3,1251,2.19,0.3046007148,2
10,2300,0.3,1251,2.2,0.3024266479,2
10,2300,0.3,1251,2.21,0.2734368589,2.828427125
10,2300,0.3,1251,2.23,0.2908262249,2.828427125
10,2300,0.3,1251,2.24,0.2784810624,2.828427125
10,2300,0.3,1251,2.29,0.3052071794,2.828427125
10,2300,0.3,1251,2.31,0.2967269623,2
10,2300,0.3,1251,2.32,0.3205825066,2.828427125
10,2300,0.3,1251,2.33,0.286299766,4
10,2300,0.3,1251,2.35,0.2962802601,2.828427125
10,2300,0.3,1251,2.38,0.2958043328,2
10,2300,0.3,1251,2.4,0.2932910511,2.828427125
10,2300,0.3,1251,2.41,0.306010503,4
10,2300,0.3,1251,2.51,0.295640404,2.828427125
10,2300,0.3,1251,2.52,0.3142205255,2.828427125
10,2300,0.3,1251,2.54,0.3081157236,2
10,2300,0.3,1251,2.57,0.3076554881,4
10,2300,0.3,1251,2.63,0.3168557856,2.828427125
10,2300,0.3,1251,2.67,0.302237648,2.828427125
10,2300,0.3,1251,2.74,0.2805689312,2.828427125
10,2300,0.3,1251,2.88,0.2750115709,2.828427125
10,2300,0.4,1251,0.36,0.04105043144,1.414213562
10,2300,0.4,1251,0.39,0.03634673895,1.414213562
10,2300,0.4,1251,0.51,0.06036989574,1.414213562
10,2300,0.4,1251,0.53,0.06140200005,2
10,2300,0.4,1251,0.62,0.07465572811,2
10,2300,0.4,1251,0.64,0.08061716043,2
10,2300,0.4,1251,0.72,0.09295541205,1.414213562
10,2300,0.4,1251,0.74,0.06424497978,2.828427125
10,2300,0.4,1251,0.78,0.0787887651,1.414213562
10,2300,0.4,1251,0.82,0.08520350387,2
10,2300,0.4,1251,0.86,0.07598908766,2
10,2300,0.4,1251,0.88,0.06109975598,2
10,2300,0.4,1251,0.93,0.08545311645,2
10,2300,0.4,1251,0.96,0.09190768961,2.828427125
10,2300,0.4,1251,1,0.1003978134,2.828427125
10,2300,0.4,1251,1.02,0.09387125909,1.414213562
10,2300,0.4,1251,1.06,0.102803792,2
10,2300,0.4,1251,1.08,0.09759325758,2.449489743
10,2300,0.4,1251,1.09,0.1214652403,2
10,2300,0.4,1251,1.14,0.1201490947,2
10,2300,0.4,1251,1.15,0.1105993286,2.828427125
10,2300,0.4,1251,1.18,0.1170649162,3.16227766
10,2300,0.4,1251,1.19,0.1067856696,2
10,2300,0.4,1251,1.23,0.1253205827,2
10,2300,0.4,1251,1.24,0.1229547822,2
10,2300,0.4,1251,1.25,0.1274762295,2.828427125
10,2300,0.4,1251,1.28,0.1419842747,2.828427125
10,2300,0.4,1251,1.31,0.1482002365,2.828427125
10,2300,0.4,1251,1.33,0.1480340969,4.472135955
10,2300,0.4,1251,1.38,0.1451404848,2
10,2300,0.4,1251,1.42,0.1715897979,2.828427125
10,2300,0.4,1251,1.43,0.1690479885,1.414213562
10,2300,0.4,1251,1.47,0.1822601279,4
10,2300,0.4,1251,1.48,0.1645441944,2
10,2300,0.4,1251,1.49,0.1864865198,2
10,2300,0.4,1251,1.52,0.1767920724,2
10,2300,0.4,1251,1.53,0.1895638785,3.16227766
10,2300,0.4,1251,1.55,0.195323154,2
10,2300,0.4,1251,1.57,0.1922414053,3.741657387
10,2300,0.4,1251,1.58,0.196078138,2
10,2300,0.4,1251,1.59,0.1905847665,2
10,2300,0.4,1251,1.6,0.2084997252,2.828427125
10,2300,0.4,1251,1.61,0.2338365279,2
10,2300,0.4,1251,1.62,0.2055875115,2.828427125
10,2300,0.4,1251,1.63,0.198260686,2
10,2300,0.4,1251,1.65,0.2014484657,2
10,2300,0.4,1251,1.67,0.2254625323,2.828427125
10,2300,0.4,1251,1.68,0.2289272489,2.828427125
10,2300,0.4,1251,1.69,0.2210499763,3.464101615
10,2300,0.4,1251,1.71,0.2367444359,4
10,2300,0.4,1251,1.72,0.2274934444,2.828427125
10,2300,0.4,1251,1.73,0.2653520197,2.828427125
10,2300,0.4,1251,1.75,0.2617880916,2.828427125
10,2300,0.4,1251,1.76,0.2771093597,2
10,2300,0.4,1251,1.8,0.260991971,4
10,2300,0.4,1251,1.85,0.2754330468,2
10,2300,0.4,1251,1.86,0.2605315489,2.828427125
10,2300,0.4,1251,1.87,0.3149898745,2.828427125
10,2300,0.4,1251,1.89,0.2803373217,2.828427125
10,2300,0.4,1251,1.9,0.2903300487,3.464101615
10,2300,0.4,1251,1.91,0.3079152806,2.828427125
10,2300,0.4,1251,1.92,0.3041368698,2.828427125
10,2300,0.4,1251,1.93,0.3001967428,3.464101615
10,2300,0.4,1251,1.96,0.3116985221,2.828427125
10,2300,0.4,1251,1.97,0.3272281522,2.828427125
10,2300,0.4,1251,2,0.3193282053,2.828427125
10,2300,0.4,1251,2.03,0.3302161329,2.828427125
10,2300,0.4,1251,2.04,0.3573597486,1.414213562
10,2300,0.4,1251,2.06,0.3406787008,2.828427125
10,2300,0.4,1251,2.07,0.3349124236,2.828427125
10,2300,0.4,1251,2.09,0.3605206178,2
10,2300,0.4,1251,2.1,0.3456475391,2.828427125
10,2300,0.4,1251,2.12,0.3304372145,3.464101615
10,2300,0.4,1251,2.13,0.3367018126,2.828427125
10,2300,0.4,1251,2.16,0.3543525538,3.464101615
10,2300,0.4,1251,2.18,0.3739858751,3.464101615
10,2300,0.4,1251,2.19,0.359516123,3.464101615
10,2300,0.4,1251,2.21,0.350933989,4
10,2300,0.4,1251,2.22,0.3535237697,2.828427125
10,2300,0.4,1251,2.24,0.3688414288,2.828427125
10,2300,0.4,1251,2.3,0.3571605135,4.472135955
10,2300,0.4,1251,2.34,0.3653415459,2.828427125
10,2300,0.4,1251,2.35,0.3910510999,2
10,2300,0.4,1251,2.36,0.3763493729,2.828427125
10,2300,0.4,1251,2.38,0.3750153676,2.828427125
10,2300,0.4,1251,2.4,0.3686047554,2.828427125
10,2300,0.4,1251,2.43,0.3462484759,2.828427125
10,2300,0.4,1251,2.44,0.3555155912,2.828427125
10,2300,0.4,1251,2.46,0.3710016652,2.828427125
10,2300,0.4,1251,2.49,0.3745834967,2
10,2300,0.4,1251,2.52,0.3719317436,2.828427125
10,2300,0.4,1251,2.57,0.3242528191,2
10,2300,0.4,1251,2.58,0.3512617695,2.828427125
10,2300,0.4,1251,2.59,0.3578321576,2.828427125
10,2300,0.4,1251,2.61,0.3475772672,2.828427125
10,2300,0.4,1251,2.62,0.3354322689,2.828427125
10,2300,0.4,1251,2.67,0.3500357781,2.828427125
10,2300,0.4,1251,2.75,0.3179232563,2.828427125
10,2300,0.4,1251,2.79,0.3080301263,2.828427125
10,2300,0.4,1251,2.94,0.2785734007,2.828427125
10,2300,0.5,1251,0.37,0.07370662522,1.414213562
10,2300,0.5,1251,0.42,0.0658939552,1.414213562
10,2300,0.5,1251,0.44,0.06766477213,1.414213562
10,2300,0.5,1251,0.56,0.06116372334,2
10,2300,0.5,1251,0.57,0.06012985982,2
10,2300,0.5,1251,0.61,0.0535789729,2
10,2300,0.5,1251,0.71,0.06855991138,2.828427125
10,2300,0.5,1251,0.74,0.0719305783,1.414213562
10,2300,0.5,1251,0.84,0.07324302305,1.414213562
10,2300,0.5,1251,0.85,0.07813282326,2
10,2300,0.5,1251,0.86,0.08392476476,2
10,2300,0.5,1251,0.88,0.07926382099,1.414213562
10,2300,0.5,1251,0.92,0.09591163116,2
10,2300,0.5,1251,0.95,0.09232868749,2.828427125
10,2300,0.5,1251,0.96,0.08050723559,2.828427125
10,2300,0.5,1251,0.97,0.08106916956,2
10,2300,0.5,1251,1.02,0.09354386087,2.828427125
10,2300,0.5,1251,1.04,0.09991067406,2.828427125
10,2300,0.5,1251,1.11,0.1119477426,1.414213562
10,2300,0.5,1251,1.12,0.1037644763,2
10,2300,0.5,1251,1.15,0.1218401173,2
10,2300,0.5,1251,1.19,0.108172278,2.828427125
10,2300,0.5,1251,1.21,0.1188941438,2.828427125
10,2300,0.5,1251,1.22,0.1129226166,3.464101615
10,2300,0.5,1251,1.27,0.1308616413,4.242640687
10,2300,0.5,1251,1.32,0.142699152,2.449489743
10,2300,0.5,1251,1.34,0.1342966404,2
10,2300,0.5,1251,1.37,0.1317465316,2
10,2300,0.5,1251,1.38,0.1572588121,2
10,2300,0.5,1251,1.39,0.1572305049,3.464101615
10,2300,0.5,1251,1.41,0.1567941411,2
10,2300,0.5,1251,1.43,0.1610214619,4
10,2300,0.5,1251,1.46,0.1656996143,2.828427125
10,2300,0.5,1251,1.47,0.1682387285,2
10,2300,0.5,1251,1.48,0.1765174674,3.16227766
10,2300,0.5,1251,1.51,0.1929675368,2
10,2300,0.5,1251,1.53,0.1948209691,2.828427125
10,2300,0.5,1251,1.54,0.1990375943,3.464101615
10,2300,0.5,1251,1.56,0.2001041566,2
10,2300,0.5,1251,1.57,0.1884652517,2.828427125
10,2300,0.5,1251,1.59,0.1953392126,2.828427125
10,2300,0.5,1251,1.6,0.2112635893,2.828427125
10,2300,0.5,1251,1.61,0.2041988503,2.828427125
10,2300,0.5,1251,1.65,0.2161384872,2.828427125
10,2300,0.5,1251,1.68,0.2465587173,2
10,2300,0.5,1251,1.69,0.2462265576,1.414213562
10,2300,0.5,1251,1.7,0.2360701143,2
10,2300,0.5,1251,1.71,0.2406791534,2.828427125
10,2300,0.5,1251,1.72,0.26648913,2.828427125
10,2300,0.5,1251,1.73,0.2420288782,3.464101615
10,2300,0.5,1251,1.74,0.2373287836,2.828427125
10,2300,0.5,1251,1.75,0.2549245042,2.449489743
10,2300,0.5,1251,1.76,0.2570237656,2.828427125
10,2300,0.5,1251,1.77,0.2663783777,4
10,2300,0.5,1251,1.78,0.2801987015,2.828427125
10,2300,0.5,1251,1.79,0.2573171751,2
10,2300,0.5,1251,1.8,0.2526624794,2
10,2300,0.5,1251,1.83,0.2761714554,2
10,2300,0.5,1251,1.84,0.3097493201,3.464101615
10,2300,0.5,1251,1.86,0.3311576088,2.828427125
10,2300,0.5,1251,1.9,0.3053141829,4.898979486
10,2300,0.5,1251,1.92,0.3155488196,4
10,2300,0.5,1251,1.94,0.3293897692,2.828427125
10,2300,0.5,1251,1.95,0.3405766765,4
10,2300,0.5,1251,1.97,0.3200702486,2.828427125
10,2300,0.5,1251,1.98,0.3470946308,3.464101615
10,2300,0.5,1251,2,0.3636931499,2.828427125
10,2300,0.5,1251,2.02,0.3646853381,3.464101615
10,2300,0.5,1251,2.04,0.389926075,2.828427125
10,2300,0.5,1251,2.07,0.4020748099,2.828427125
10,2300,0.5,1251,2.08,0.3841910252,3.464101615
10,2300,0.5,1251,2.12,0.3722616239,2.828427125
10,2300,0.5,1251,2.14,0.3806788159,4.472135955
10,2300,0.5,1251,2.15,0.3999470337,2.828427125
10,2300,0.5,1251,2.16,0.4558641274,2
10,2300,0.5,1251,2.17,0.4228894993,2.828427125
10,2300,0.5,1251,2.2,0.4008791072,4
10,2300,0.5,1251,2.24,0.4193950845,2.828427125
10,2300,0.5,1251,2.25,0.3790158235,2
10,2300,0.5,1251,2.27,0.3991354193,2.828427125
10,2300,0.5,1251,2.29,0.4068873327,4
10,2300,0.5,1251,2.3,0.4007614332,2
10,2300,0.5,1251,2.33,0.4074975144,2.828427125
10,2300,0.5,1251,2.35,0.4177001693,2.828427125
10,2300,0.5,1251,2.41,0.3782616862,4
10,2300,0.5,1251,2.43,0.4076878821,2.828427125
10,2300,0.5,1251,2.44,0.3813732448,2
10,2300,0.5,1251,2.45,0.3862093179,2.828427125
10,2300,0.5,1251,2.46,0.3840371565,2.828427125
10,2300,0.5,1251,2.55,0.3669998394,2.828427125
10,2300,0.5,1251,2.6,0.3361808534,2.828427125
10,2300,0.5,1251,2.62,0.362296521,2.828427125
10,2300,0.5,1251,2.68,0.3553256785,2.828427125
10,2300,0.5,1251,2.85,0.3114182327,2.828427125
10,2300,0.6,1251,0.37,0.05217543013,1.414213562
10,2300,0.6,1251,0.43,0.07121270137,1.414213562
10,2300,0.6,1251,0.45,0.04824018831,1.414213562
10,2300,0.6,1251,0.57,0.08125043051,2
10,2300,0.6,1251,0.58,0.0656355705,2
10,2300,0.6,1251,0.62,0.06362561581,2
10,2300,0.6,1251,0.73,0.07894708871,2.828427125
10,2300,0.6,1251,0.75,0.06857983539,1.414213562
10,2300,0.6,1251,0.86,0.07495212939,2.449489743
10,2300,0.6,1251,0.87,0.0743569075,2
10,2300,0.6,1251,0.9,0.08537159049,1.414213562
10,2300,0.6,1251,0.94,0.08159973995,2
10,2300,0.6,1251,0.97,0.08889414116,4
10,2300,0.6,1251,1,0.09572553182,2
10,2300,0.6,1251,1.04,0.09872713077,2.828427125
10,2300,0.6,1251,1.07,0.1023604153,2.828427125
10,2300,0.6,1251,1.12,0.09576098442,1.414213562
10,2300,0.6,1251,1.14,0.1131621779,2
10,2300,0.6,1251,1.17,0.1064070152,2
10,2300,0.6,1251,1.2,0.1087923312,2
10,2300,0.6,1251,1.21,0.1076189566,2
10,2300,0.6,1251,1.23,0.1183011994,2.828427125
10,2300,0.6,1251,1.25,0.1272923535,3.464101615
10,2300,0.6,1251,1.28,0.1291809166,2.828427125
10,2300,0.6,1251,1.29,0.1271373438,1.414213562
10,2300,0.6,1251,1.3,0.1323239361,2.828427125
10,2300,0.6,1251,1.34,0.1458024149,2
10,2300,0.6,1251,1.35,0.1404720335,1.414213562
10,2300,0.6,1251,1.37,0.1471580769,2
10,2300,0.6,1251,1.4,0.1542146423,2
10,2300,0.6,1251,1.41,0.1562855597,2
10,2300,0.6,1251,1.42,0.1575979378,3.464101615
10,2300,0.6,1251,1.44,0.1537054123,2
10,2300,0.6,1251,1.45,0.1653509384,2.828427125
10,2300,0.6,1251,1.47,0.1709599565,2.828427125
10,2300,0.6,1251,1.48,0.1601591602,2.828427125
10,2300,0.6,1251,1.49,0.1778091341,2
10,2300,0.6,1251,1.5,0.1850746783,3.16227766
10,2300,0.6,1251,1.54,0.1992583625,2
10,2300,0.6,1251,1.56,0.1975472481,4
10,2300,0.6,1251,1.57,0.1943536698,2
10,2300,0.6,1251,1.6,0.2146187641,3.464101615
10,2300,0.6,1251,1.62,0.2082577788,4
10,2300,0.6,1251,1.64,0.2359733098,2.828427125
10,2300,0.6,1251,1.68,0.2205408466,2.828427125
10,2300,0.6,1251,1.71,0.2568000203,2
10,2300,0.6,1251,1.72,0.2571962767,1.414213562
10,2300,0.6,1251,1.73,0.2663206903,2
10,2300,0.6,1251,1.74,0.2522150242,3.464101615
10,2300,0.6,1251,1.75,0.2589991106,2
10,2300,0.6,1251,1.76,0.2325506359,2
10,2300,0.6,1251,1.77,0.2731381726,4
10,2300,0.6,1251,1.78,0.2712526631,3.464101615
10,2300,0.6,1251,1.8,0.2705786424,3.16227766
10,2300,0.6,1251,1.81,0.297082703,2.828427125
10,2300,0.6,1251,1.82,0.2790598226,2.828427125
10,2300,0.6,1251,1.84,0.2855371409,2
10,2300,0.6,1251,1.85,0.2709944594,2
10,2300,0.6,1251,1.87,0.3250974766,2
10,2300,0.6,1251,1.88,0.2755230173,2
10,2300,0.6,1251,1.89,0.3168294878,2.828427125
10,2300,0.6,1251,1.9,0.306814946,2.828427125
10,2300,0.6,1251,1.93,0.3228115008,4
10,2300,0.6,1251,1.94,0.3290882037,2
10,2300,0.6,1251,1.95,0.3381456142,4.472135955
10,2300,0.6,1251,1.98,0.3547574896,3.464101615
10,2300,0.6,1251,2,0.330625214,3.464101615
10,2300,0.6,1251,2.01,0.3498352119,3.464101615
10,2300,0.6,1251,2.03,0.3514729592,4
10,2300,0.6,1251,2.05,0.3479467208,2
10,2300,0.6,1251,2.06,0.3524334684,2.828427125
10,2300,0.6,1251,2.08,0.3801321561,2.828427125
10,2300,0.6,1251,2.1,0.3860566279,2.828427125
10,2300,0.6,1251,2.12,0.3939046325,2
10,2300,0.6,1251,2.13,0.3787949094,2.828427125
10,2300,0.6,1251,2.16,0.3656547673,2.828427125
10,2300,0.6,1251,2.17,0.3765087852,2.828427125
10,2300,0.6,1251,2.18,0.3836249135,2.828427125
10,2300,0.6,1251,2.19,0.3984911294,3.464101615
10,2300,0.6,1251,2.21,0.3485869815,2
10,2300,0.6,1251,2.22,0.3759828674,2.828427125
10,2300,0.6,1251,2.24,0.3764277032,2.828427125
10,2300,0.6,1251,2.25,0.3853703005,2.828427125
10,2300,0.6,1251,2.28,0.3960845537,2
10,2300,0.6,1251,2.29,0.3919905891,2.828427125
10,2300,0.6,1251,2.31,0.3881472939,2.828427125
10,2300,0.6,1251,2.32,0.3883413439,2.828427125
10,2300,0.6,1251,2.34,0.3746663807,3.464101615
10,2300,0.6,1251,2.38,0.3761406586,2.828427125
10,2300,0.6,1251,2.39,0.3752824222,2.828427125
10,2300,0.6,1251,2.45,0.3763267724,2.828427125
10,2300,0.6,1251,2.46,0.3615725556,2.828427125
10,2300,0.6,1251,2.48,0.3620901628,2.828427125
10,2300,0.6,1251,2.49,0.3514855795,3.464101615
10,2300,0.6,1251,2.52,0.3473124025,2.828427125
10,2300,0.6,1251,2.6,0.3134855609,2.828427125
10,2300,0.6,1251,2.65,0.3166234865,2.828427125
10,2300,0.6,1251,2.67,0.307224178,2.828427125
10,2300,0.6,1251,2.73,0.2983285773,2.828427125
10,2300,0.6,1251,2.9,0.2637875646,2.828427125
10,2300,0.7,1251,0.41,0.1303896546,1.414213562
10,2300,0.7,1251,0.43,0.08231375223,2
10,2300,0.7,1251,0.59,0.08272118289,2
10,2300,0.7,1251,0.6,0.06202005472,2
10,2300,0.7,1251,0.61,0.08138318391,2
10,2300,0.7,1251,0.73,0.0833382833,2.828427125
10,2300,0.7,1251,0.82,0.07583785736,1.414213562
10,2300,0.7,1251,0.86,0.08512858175,2
10,2300,0.7,1251,0.92,0.1077700851,2
10,2300,0.7,1251,0.93,0.09658212789,2
10,2300,0.7,1251,0.95,0.09646615349,2
10,2300,0.7,1251,0.96,0.09625634532,3.464101615
10,2300,0.7,1251,1.02,0.1024934074,2.828427125
10,2300,0.7,1251,1.04,0.1055547411,2.828427125
10,2300,0.7,1251,1.05,0.09436417679,2.828427125
10,2300,0.7,1251,1.18,0.1086033504,2
10,2300,0.7,1251,1.19,0.1145228063,2
10,2300,0.7,1251,1.22,0.1414449629,2
10,2300,0.7,1251,1.23,0.1260340427,1.414213562
10,2300,0.7,1251,1.26,0.1235256041,4
10,2300,0.7,1251,1.28,0.1287339399,3.16227766
10,2300,0.7,1251,1.3,0.1290336617,3.16227766
10,2300,0.7,1251,1.35,0.1495081204,2.828427125
10,2300,0.7,1251,1.36,0.137672699,2
10,2300,0.7,1251,1.37,0.1391056459,3.464101615
10,2300,0.7,1251,1.41,0.1550003022,2.828427125
10,2300,0.7,1251,1.43,0.1494111337,2.828427125
10,2300,0.7,1251,1.47,0.1671188275,2.828427125
10,2300,0.7,1251,1.5,0.1755139523,2.828427125
10,2300,0.7,1251,1.52,0.1610260401,2
10,2300,0.7,1251,1.53,0.181388424,2
10,2300,0.7,1251,1.55,0.1875356923,2.828427125
10,2300,0.7,1251,1.56,0.1834896973,4
10,2300,0.7,1251,1.58,0.196801827,2.828427125
10,2300,0.7,1251,1.59,0.1869301096,2.828427125
10,2300,0.7,1251,1.6,0.1916306869,2.828427125
10,2300,0.7,1251,1.61,0.2091182084,2.828427125
10,2300,0.7,1251,1.64,0.2291732308,1.414213562
10,2300,0.7,1251,1.69,0.2234014332,2.828427125
10,2300,0.7,1251,1.71,0.2262493514,1.414213562
10,2300,0.7,1251,1.73,0.2304814917,3.16227766
10,2300,0.7,1251,1.75,0.2375507651,4
10,2300,0.7,1251,1.76,0.2230613561,4
10,2300,0.7,1251,1.78,0.2469972459,3.464101615
10,2300,0.7,1251,1.79,0.2487771611,2
10,2300,0.7,1251,1.81,0.2521946758,2.828427125
10,2300,0.7,1251,1.82,0.2534816829,2
10,2300,0.7,1251,1.83,0.2480200556,4
10,2300,0.7,1251,1.84,0.2411732147,2.828427125
10,2300,0.7,1251,1.85,0.2700736191,2.828427125
10,2300,0.7,1251,1.87,0.2722800235,2.828427125
10,2300,0.7,1251,1.9,0.2645377864,4.472135955
10,2300,0.7,1251,1.91,0.2840366051,2
10,2300,0.7,1251,1.92,0.2617017265,2
10,2300,0.7,1251,1.93,0.2881176655,2
10,2300,0.7,1251,1.94,0.2729881196,2.828427125
10,2300,0.7,1251,1.96,0.290607558,4
10,2300,0.7,1251,1.97,0.2848665182,4
10,2300,0.7,1251,1.98,0.2974461314,2.828427125
10,2300,0.7,1251,2,0.283159088,2.828427125
10,2300,0.7,1251,2.04,0.3021632749,2.828427125
10,2300,0.7,1251,2.08,0.3047623771,3.464101615
10,2300,0.7,1251,2.09,0.2666162697,2
10,2300,0.7,1251,2.1,0.306760543,2.828427125
10,2300,0.7,1251,2.11,0.3135514971,2
10,2300,0.7,1251,2.12,0.3141688939,3.464101615
10,2300,0.7,1251,2.13,0.3323532649,2.828427125
10,2300,0.7,1251,2.15,0.3049316651,4
10,2300,0.7,1251,2.16,0.3059205049,2.828427125
10,2300,0.7,1251,2.19,0.3196899189,4
10,2300,0.7,1251,2.2,0.3024832782,2.828427125
10,2300,0.7,1251,2.25,0.3029649759,2.828427125
10,2300,0.7,1251,2.26,0.302169764,2.828427125
10,2300,0.7,1251,2.28,0.3212088738,2.828427125
10,2300,0.7,1251,2.29,0.3239113393,2.828427125
10,2300,0.7,1251,2.3,0.3171200162,4
10,2300,0.7,1251,2.37,0.2672730596,2
10,2300,0.7,1251,2.38,0.3265302794,2
10,2300,0.7,1251,2.41,0.3055667755,2.828427125
10,2300,0.7,1251,2.42,0.2973123022,2.828427125
10,2300,0.7,1251,2.43,0.3063354784,2
10,2300,0.7,1251,2.45,0.2932362241,2.828427125
10,2300,0.7,1251,2.47,0.2869781918,4
10,2300,0.7,1251,2.48,0.2987104438,2.828427125
10,2300,0.7,1251,2.52,0.2745360005,2.828427125
10,2300,0.7,1251,2.53,0.2788687066,2.828427125
10,2300,0.7,1251,2.57,0.2814096417,2.828427125
10,2300,0.7,1251,2.7,0.2622356678,4
10,2300,0.7,1251,2.72,0.2567832932,2.828427125
10,2300,0.7,1251,2.93,0.2230823167,2.828427125
10,2300,0.75,1251,0.35,0.07606430569,1.414213562
10,2300,0.75,1251,0.38,0.06513399292,1.414213562
10,2300,0.75,1251,0.44,0.06591357518,1.414213562
10,2300,0.75,1251,0.51,0.08170585656,2
10,2300,0.75,1251,0.56,0.09259942717,2
10,2300,0.75,1251,0.58,0.07902345534,2
10,2300,0.75,1251,0.67,0.08557185091,2.828427125
10,2300,0.75,1251,0.7,0.08424194892,1.414213562
10,2300,0.75,1251,0.75,0.07286846967,1.414213562
10,2300,0.75,1251,0.79,0.09550081335,2
10,2300,0.75,1251,0.82,0.09474804241,2
10,2300,0.75,1251,0.83,0.08664621483,2
10,2300,0.75,1251,0.87,0.08725843126,2.449489743
10,2300,0.75,1251,0.9,0.09649325605,2.828427125
10,2300,0.75,1251,0.94,0.09736211241,3.464101615
10,2300,0.75,1251,0.95,0.09995732324,2
10,2300,0.75,1251,1.01,0.1035114323,2.828427125
10,2300,0.75,1251,1.03,0.1021535967,2
10,2300,0.75,1251,1.05,0.1140791699,1.414213562
10,2300,0.75,1251,1.11,0.113526196,3.464101615
10,2300,0.75,1251,1.12,0.1000370155,2
10,2300,0.75,1251,1.13,0.1101215712,2.449489743
10,2300,0.75,1251,1.15,0.1083110411,2
10,2300,0.75,1251,1.18,0.1087037172,3.464101615
10,2300,0.75,1251,1.19,0.1276752159,2.828427125
10,2300,0.75,1251,1.2,0.113710535,2.828427125
10,2300,0.75,1251,1.21,0.1222223124,2
10,2300,0.75,1251,1.26,0.1302957249,2.828427125
10,2300,0.75,1251,1.29,0.1230329449,2
10,2300,0.75,1251,1.31,0.1166083918,1.414213562
10,2300,0.75,1251,1.33,0.1331953843,2
10,2300,0.75,1251,1.35,0.1361692766,3.464101615
10,2300,0.75,1251,1.36,0.1366227735,4
10,2300,0.75,1251,1.4,0.1459869533,4.242640687
10,2300,0.75,1251,1.41,0.1511034269,2.828427125
10,2300,0.75,1251,1.42,0.1494552112,2
10,2300,0.75,1251,1.45,0.1413797083,2
10,2300,0.75,1251,1.46,0.1652974115,2
10,2300,0.75,1251,1.47,0.1538332335,2.828427125
10,2300,0.75,1251,1.48,0.1523928674,2
10,2300,0.75,1251,1.5,0.1483551924,1.414213562
10,2300,0.75,1251,1.51,0.1609780211,3.464101615
10,2300,0.75,1251,1.53,0.1697904351,2.828427125
10,2300,0.75,1251,1.54,0.1655567597,2.828427125
10,2300,0.75,1251,1.55,0.1721562525,4
10,2300,0.75,1251,1.57,0.1721206448,2
10,2300,0.75,1251,1.59,0.1768743192,3.464101615
10,2300,0.75,1251,1.6,0.1806590589,4
10,2300,0.75,1251,1.64,0.1892926546,3.464101615
10,2300,0.75,1251,1.66,0.1858315938,3.464101615
10,2300,0.75,1251,1.67,0.1753111323,2
10,2300,0.75,1251,1.69,0.1911645817,2.828427125
10,2300,0.75,1251,1.71,0.202677284,4
10,2300,0.75,1251,1.73,0.2110457301,2
10,2300,0.75,1251,1.74,0.223143562,2.449489743
10,2300,0.75,1251,1.76,0.2196578994,2.828427125
10,2300,0.75,1251,1.77,0.2175552482,4.472135955
10,2300,0.75,1251,1.78,0.225204764,2
10,2300,0.75,1251,1.79,0.2166307425,2
10,2300,0.75,1251,1.81,0.2200250669,4
10,2300,0.75,1251,1.83,0.2242187208,3.464101615
10,2300,0.75,1251,1.85,0.2137833621,2.828427125
10,2300,0.75,1251,1.86,0.2313562839,2.828427125
10,2300,0.75,1251,1.87,0.2430596437,3.464101615
10,2300,0.75,1251,1.88,0.2424368692,2.828427125
10,2300,0.75,1251,1.9,0.2290512238,2
10,2300,0.75,1251,1.91,0.2432195263,3.464101615
10,2300,0.75,1251,1.93,0.2363766531,2.828427125
10,2300,0.75,1251,1.95,0.242687777,2.828427125
10,2300,0.75,1251,1.99,0.2533396097,3.464101615
10,2300,0.75,1251,2.02,0.2560135868,4.898979486
10,2300,0.75,1251,2.03,0.2542399198,3.464101615
10,2300,0.75,1251,2.05,0.2609591157,3.464101615
10,2300,0.75,1251,2.07,0.274865896,3.464101615
10,2300,0.75,1251,2.1,0.2555056583,4
10,2300,0.75,1251,2.11,0.2597556519,2.828427125
10,2300,0.75,1251,2.17,0.2605456494,2.828427125
10,2300,0.75,1251,2.19,0.281585891,2.828427125
10,2300,0.75,1251,2.22,0.2625033077,2.828427125
10,2300,0.75,1251,2.23,0.257902587,3.464101615
10,2300,0.75,1251,2.25,0.261801399,2.828427125
10,2300,0.75,1251,2.26,0.2724673401,2.828427125
10,2300,0.75,1251,2.3,0.2615009822,2
10,2300,0.75,1251,2.32,0.2704322476,2.828427125
10,2300,0.75,1251,2.33,0.2465791228,2.828427125
10,2300,0.75,1251,2.35,0.2541067477,2.828427125
10,2300,0.75,1251,2.4,0.241871551,2.828427125
10,2300,0.75,1251,2.43,0.2431330349,2.828427125
10,2300,0.75,1251,2.5,0.2369823046,2.828427125
10,2300,0.75,1251,2.53,0.2334782756,2.828427125
10,2300,0.75,1251,2.69,0.2171214546,2.828427125
10,2300,0.8,1251,0.29,0.05596896602,1.414213562
10,2300,0.8,1251,0.54,0.0808317667,1.414213562
10,2300,0.8,1251,0.56,0.06392831294,1.414213562
10,2300,0.8,1251,0.58,0.06140104142,1.414213562
10,2300,0.8,1251,0.61,0.07908762557,2
10,2300,0.8,1251,0.63,0.09352994824,2
10,2300,0.8,1251,0.78,0.0917934505,2
10,2300,0.8,1251,0.79,0.07803698707,2
10,2300,0.8,1251,0.8,0.08102269764,2
10,2300,0.8,1251,0.83,0.08348611384,2.828427125
10,2300,0.8,1251,0.86,0.08455318305,1.414213562
10,2300,0.8,1251,0.97,0.1016749961,2.828427125
10,2300,0.8,1251,1.02,0.101814832,2
10,2300,0.8,1251,1.03,0.08781338352,2
10,2300,0.8,1251,1.08,0.1055511609,1.414213562
10,2300,0.8,1251,1.12,0.1139244436,2.449489743
10,2300,0.8,1251,1.15,0.1196713316,1.414213562
10,2300,0.8,1251,1.16,0.1107753787,3.464101615
10,2300,0.8,1251,1.22,0.1192364245,2.828427125
10,2300,0.8,1251,1.24,0.1059411328,2
10,2300,0.8,1251,1.25,0.1149328174,2.828427125
10,2300,0.8,1251,1.26,0.1163140026,2
10,2300,0.8,1251,1.27,0.106318193,2
10,2300,0.8,1251,1.28,0.1162687371,3.464101615
10,2300,0.8,1251,1.35,0.1365942871,2.828427125
10,2300,0.8,1251,1.37,0.1273747604,2.828427125
10,2300,0.8,1251,1.38,0.1288659977,2
10,2300,0.8,1251,1.39,0.1354134682,2.828427125
10,2300,0.8,1251,1.41,0.1286922467,2
10,2300,0.8,1251,1.49,0.149208916,2.828427125
10,2300,0.8,1251,1.51,0.1533852885,2.828427125
10,2300,0.8,1251,1.56,0.1426619867,2
10,2300,0.8,1251,1.58,0.1666491237,3.464101615
10,2300,0.8,1251,1.61,0.1571605402,2
10,2300,0.8,1251,1.62,0.1693528517,1.414213562
10,2300,0.8,1251,1.65,0.1683849471,2
10,2300,0.8,1251,1.66,0.1714071706,2.828427125
10,2300,0.8,1251,1.68,0.1679437921,3.16227766
10,2300,0.8,1251,1.69,0.1809984284,2.828427125
10,2300,0.8,1251,1.7,0.1714528736,2
10,2300,0.8,1251,1.71,0.179513981,2
10,2300,0.8,1251,1.72,0.1977766117,2
10,2300,0.8,1251,1.74,0.1880987152,2.828427125
10,2300,0.8,1251,1.76,0.1935700957,2
10,2300,0.8,1251,1.77,0.1911237085,2
10,2300,0.8,1251,1.78,0.1740006372,2.828427125
10,2300,0.8,1251,1.79,0.1899215938,2.828427125
10,2300,0.8,1251,1.81,0.189060724,2.828427125
10,2300,0.8,1251,1.84,0.1877889734,2
10,2300,0.8,1251,1.85,0.1888093331,2.828427125
10,2300,0.8,1251,1.89,0.1945141001,2
10,2300,0.8,1251,1.92,0.2049009059,2.828427125
10,2300,0.8,1251,1.94,0.1989984818,2.828427125
10,2300,0.8,1251,1.96,0.1954616874,2.828427125
10,2300,0.8,1251,1.97,0.2067927957,2
10,2300,0.8,1251,1.99,0.2040354681,3.464101615
10,2300,0.8,1251,2,0.2222290778,2
10,2300,0.8,1251,2.02,0.2073434899,2.828427125
10,2300,0.8,1251,2.04,0.2037504055,2
10,2300,0.8,1251,2.05,0.2266505091,2.828427125
10,2300,0.8,1251,2.07,0.2079257803,2.828427125
10,2300,0.8,1251,2.08,0.2137788697,2.828427125
10,2300,0.8,1251,2.11,0.2115865026,2.828427125
10,2300,0.8,1251,2.15,0.200663977,2.828427125
10,2300,0.8,1251,2.16,0.223413794,1.414213562
10,2300,0.8,1251,2.18,0.2096915703,3.464101615
10,2300,0.8,1251,2.23,0.1979572804,2
10,2300,0.8,1251,2.24,0.2207505417,2.449489743
10,2300,0.8,1251,2.25,0.2275593789,2.828427125
10,2300,0.8,1251,2.26,0.2027155795,2
10,2300,0.8,1251,2.28,0.2191605591,2.828427125
10,2300,0.8,1251,2.3,0.2191763658,3.464101615
10,2300,0.8,1251,2.31,0.2163562618,3.464101615
10,2300,0.8,1251,2.32,0.2066676691,2.828427125
10,2300,0.8,1251,2.33,0.2025371852,2.828427125
10,2300,0.8,1251,2.35,0.2044297888,2.828427125
10,2300,0.8,1251,2.37,0.2065841444,2.828427125
10,2300,0.8,1251,2.39,0.2036390313,2.828427125
10,2300,0.8,1251,2.4,0.2000657491,3.464101615
10,2300,0.8,1251,2.43,0.218575155,2
10,2300,0.8,1251,2.45,0.1988575309,3.464101615
10,2300,0.8,1251,2.46,0.2037755654,2.828427125
10,2300,0.8,1251,2.48,0.2078000962,2
10,2300,0.8,1251,2.49,0.1953433556,2.828427125
10,2300,0.8,1251,2.5,0.1923519053,4
10,2300,0.8,1251,2.51,0.1971692122,2.828427125
10,2300,0.8,1251,2.52,0.2040294101,2
10,2300,0.8,1251,2.55,0.1919503808,2.828427125
10,2300,0.8,1251,2.57,0.1891084313,2.828427125
10,2300,0.8,1251,2.58,0.1922327048,2.828427125
10,2300,0.8,1251,2.6,0.1842187156,2.828427125
10,2300,0.8,1251,2.63,0.1926608207,2.828427125
10,2300,0.8,1251,2.69,0.1851805919,2.828427125
10,2300,0.8,1251,2.74,0.1721250716,3.464101615
10,2300,0.8,1251,2.75,0.1745416547,2.828427125
10,2300,0.8,1251,2.76,0.1753628314,2
10,2300,0.8,1251,2.78,0.1767514721,2.828427125
10,2300,0.8,1251,2.8,0.1708754011,2.828427125
10,2300,0.8,1251,2.82,0.1679055203,2.828427125
10,2300,0.8,1251,2.87,0.1638275455,2.828427125
10,2300,0.8,1251,2.89,0.1625735428,2.828427125
10,2300,0.8,1251,2.97,0.1676907335,2.828427125
10,2300,0.8,1251,2.99,0.155696126,2.828427125
10,2300,0.8,1251,3.11,0.1517193741,2
10,2300,0.8,1251,3.12,0.1501013269,2.828427125
10,2300,0.8,1251,3.16,0.1481594471,2.828427125
10,2300,0.8,1251,3.23,0.1467890902,2.828427125
10,2300,0.8,1251,3.32,0.1410342464,2.828427125
10,2300,0.85,1251,0.34,0.07373547495,1.414213562
10,2300,0.85,1251,0.4,0.05890413554,1.414213562
10,2300,0.85,1251,0.43,0.08159179397,1.414213562
10,2300,0.85,1251,0.52,0.07013848812,2
10,2300,0.85,1251,0.55,0.08120894565,2
10,2300,0.85,1251,0.59,0.06570853349,2
10,2300,0.85,1251,0.68,0.08092363746,3.16227766
10,2300,0.85,1251,0.79,0.07470915948,2.449489743
10,2300,0.85,1251,0.81,0.07084708084,2
10,2300,0.85,1251,0.87,0.07572526078,2.449489743
10,2300,0.85,1251,0.9,0.0777436942,2.828427125
10,2300,0.85,1251,0.91,0.09167167135,2
10,2300,0.85,1251,0.93,0.09507968841,2
10,2300,0.85,1251,0.96,0.08464954098,2
10,2300,0.85,1251,0.97,0.08781251304,2.828427125
10,2300,0.85,1251,1.01,0.08457365984,2.828427125
10,2300,0.85,1251,1.02,0.08915398811,1.414213562
10,2300,0.85,1251,1.05,0.0859610854,2
10,2300,0.85,1251,1.1,0.1020568175,2
10,2300,0.85,1251,1.11,0.09342847033,2.828427125
10,2300,0.85,1251,1.13,0.0909513829,2.828427125
10,2300,0.85,1251,1.17,0.1000331571,2.828427125
10,2300,0.85,1251,1.18,0.0956988634,3.464101615
10,2300,0.85,1251,1.19,0.1072089006,1.414213562
10,2300,0.85,1251,1.23,0.09858612959,2.828427125
10,2300,0.85,1251,1.24,0.09923315575,2
10,2300,0.85,1251,1.27,0.1026601428,2
10,2300,0.85,1251,1.3,0.1083196638,2.449489743
10,2300,0.85,1251,1.31,0.1051450571,2.828427125
10,2300,0.85,1251,1.34,0.1244019951,2
10,2300,0.85,1251,1.35,0.107745384,2
10,2300,0.85,1251,1.36,0.1116567539,3.464101615
10,2300,0.85,1251,1.37,0.1084560835,3.741657387
10,2300,0.85,1251,1.4,0.113982136,4
10,2300,0.85,1251,1.42,0.1253836698,2
10,2300,0.85,1251,1.43,0.133661072,2
10,2300,0.85,1251,1.44,0.1206590476,2.828427125
10,2300,0.85,1251,1.47,0.1156187673,2.828427125
10,2300,0.85,1251,1.49,0.1176892052,2.828427125
10,2300,0.85,1251,1.51,0.1187296735,2.828427125
10,2300,0.85,1251,1.52,0.1234952162,2.828427125
10,2300,0.85,1251,1.53,0.1109379334,2
10,2300,0.85,1251,1.56,0.1306862882,4
10,2300,0.85,1251,1.57,0.1245846358,2
10,2300,0.85,1251,1.58,0.1424162835,2
10,2300,0.85,1251,1.59,0.1314279841,1.414213562
10,2300,0.85,1251,1.62,0.1336220309,2
10,2300,0.85,1251,1.63,0.1385926205,4.472135955
10,2300,0.85,1251,1.64,0.1306906501,2.828427125
10,2300,0.85,1251,1.65,0.1474653417,2
10,2300,0.85,1251,1.66,0.1346797555,2
10,2300,0.85,1251,1.67,0.1377543084,4
10,2300,0.85,1251,1.68,0.1431374452,2.828427125
10,2300,0.85,1251,1.7,0.1511616068,2.828427125
10,2300,0.85,1251,1.73,0.140418158,2
10,2300,0.85,1251,1.74,0.1312744544,1.414213562
10,2300,0.85,1251,1.77,0.1411840496,2.828427125
10,2300,0.85,1251,1.78,0.149291282,3.464101615
10,2300,0.85,1251,1.8,0.1522913955,4.898979486
10,2300,0.85,1251,1.81,0.1452496231,4
10,2300,0.85,1251,1.84,0.1502529509,4
10,2300,0.85,1251,1.86,0.1444116172,2.828427125
10,2300,0.85,1251,1.87,0.1554621076,2
10,2300,0.85,1251,1.89,0.1489432697,4
10,2300,0.85,1251,1.91,0.1547679243,3.464101615
10,2300,0.85,1251,1.93,0.1533613084,2.828427125
10,2300,0.85,1251,1.94,0.1505418585,4.898979486
10,2300,0.85,1251,2.01,0.1604507466,2.828427125
10,2300,0.85,1251,2.02,0.1599105102,2
10,2300,0.85,1251,2.03,0.1550378831,2.828427125
10,2300,0.85,1251,2.04,0.1604967528,2.828427125
10,2300,0.85,1251,2.05,0.1581294929,2.828427125
10,2300,0.85,1251,2.06,0.1600569894,3.464101615
10,2300,0.85,1251,2.08,0.1536310575,4
10,2300,0.85,1251,2.1,0.1536738336,2
10,2300,0.85,1251,2.11,0.1536948688,2
10,2300,0.85,1251,2.13,0.1540134928,2.828427125
10,2300,0.85,1251,2.14,0.1484682427,2.828427125
10,2300,0.85,1251,2.17,0.1595127346,4
10,2300,0.85,1251,2.21,0.1594144015,3.464101615
10,2300,0.85,1251,2.23,0.1684172768,2.828427125
10,2300,0.85,1251,2.25,0.156215088,2.828427125
10,2300,0.85,1251,2.27,0.1660459815,2.828427125
10,2300,0.85,1251,2.3,0.1526913225,2.828427125
10,2300,0.85,1251,2.34,0.1545745647,2.828427125
10,2300,0.85,1251,2.35,0.1478756736,3.464101615
10,2300,0.85,1251,2.38,0.1498044263,2.828427125
10,2300,0.85,1251,2.45,0.1545844835,2.828427125
10,2300,0.85,1251,2.47,0.1503114331,2.828427125
10,2300,0.85,1251,2.51,0.1524373751,2.828427125
10,2300,0.85,1251,2.57,0.1548238414,2.828427125
10,2300,0.85,1251,2.72,0.1373600164,2.828427125
10,2300,0.9,1251,0.34,0.03406954856,1.414213562
10,2300,0.9,1251,0.4,0.0547912535,1.414213562
10,2300,0.9,1251,0.44,0.06747520432,1.414213562
10,2300,0.9,1251,0.52,0.0519125308,2
10,2300,0.9,1251,0.56,0.07211715145,2
10,2300,0.9,1251,0.59,0.05243736682,2
10,2300,0.9,1251,0.68,0.05971671152,2.828427125
10,2300,0.9,1251,0.69,0.07095845793,1.414213562
10,2300,0.9,1251,0.79,0.06427495956,2.449489743
10,2300,0.9,1251,0.81,0.06817013194,2
10,2300,0.9,1251,0.86,0.07524627233,2
10,2300,0.9,1251,0.88,0.07858017847,1.414213562
10,2300,0.9,1251,0.91,0.0655274323,3.464101615
10,2300,0.9,1251,0.94,0.06579154918,2
10,2300,0.9,1251,0.96,0.07048776372,2
10,2300,0.9,1251,0.97,0.07890452653,2.828427125
10,2300,0.9,1251,1.02,0.07234544953,2.828427125
10,2300,0.9,1251,1.03,0.08349828193,1.414213562
10,2300,0.9,1251,1.05,0.06833154777,2
10,2300,0.9,1251,1.1,0.06776395195,2
10,2300,0.9,1251,1.12,0.07282306499,2.828427125
10,2300,0.9,1251,1.14,0.07919449225,2.828427125
10,2300,0.9,1251,1.18,0.07370974488,3.464101615
10,2300,0.9,1251,1.19,0.0768071304,3.16227766
10,2300,0.9,1251,1.23,0.08190437134,2.828427125
10,2300,0.9,1251,1.24,0.07875324279,2
10,2300,0.9,1251,1.27,0.08776910441,2
10,2300,0.9,1251,1.3,0.09295467119,2
10,2300,0.9,1251,1.31,0.08306128497,2.828427125
10,2300,0.9,1251,1.32,0.0759540017,1.414213562
10,2300,0.9,1251,1.35,0.0906226852,2
10,2300,0.9,1251,1.36,0.08748885789,2
10,2300,0.9,1251,1.37,0.08457607744,4.69041576
10,2300,0.9,1251,1.38,0.08124997665,2
10,2300,0.9,1251,1.41,0.08344671525,2.828427125
10,2300,0.9,1251,1.42,0.0909150608,2.828427125
10,2300,0.9,1251,1.43,0.07339193764,2
10,2300,0.9,1251,1.44,0.08929658014,3.464101615
10,2300,0.9,1251,1.48,0.09124506113,2
10,2300,0.9,1251,1.49,0.09138831171,3.464101615
10,2300,0.9,1251,1.52,0.0865312841,2.828427125
10,2300,0.9,1251,1.54,0.09358310337,3.464101615
10,2300,0.9,1251,1.57,0.0940909111,3.464101615
10,2300,0.9,1251,1.58,0.09373289182,3.741657387
10,2300,0.9,1251,1.62,0.09897837704,2
10,2300,0.9,1251,1.63,0.09265954424,4.472135955
10,2300,0.9,1251,1.64,0.09395232122,3.464101615
10,2300,0.9,1251,1.67,0.1062488401,2
10,2300,0.9,1251,1.68,0.09638398122,4.898979486
10,2300,0.9,1251,1.72,0.09941622291,2.828427125
10,2300,0.9,1251,1.73,0.09998095526,2
10,2300,0.9,1251,1.76,0.09888989777,1.414213562
10,2300,0.9,1251,1.78,0.1006425049,3.464101615
10,2300,0.9,1251,1.79,0.09461185604,2
10,2300,0.9,1251,1.8,0.1044128613,3.464101615
10,2300,0.9,1251,1.81,0.09881167787,4.472135955
10,2300,0.9,1251,1.82,0.09557164087,2
10,2300,0.9,1251,1.84,0.0955683967,4
10,2300,0.9,1251,1.85,0.1044294823,2.828427125
10,2300,0.9,1251,1.87,0.1001563697,2.828427125
10,2300,0.9,1251,1.89,0.1006117278,2.828427125
10,2300,0.9,1251,1.9,0.1035418611,3.464101615
10,2300,0.9,1251,1.93,0.09839095182,3.464101615
10,2300,0.9,1251,1.94,0.1031552455,4.898979486
10,2300,0.9,1251,1.96,0.105106724,2.828427125
10,2300,0.9,1251,2.02,0.1014866141,2.828427125
10,2300,0.9,1251,2.04,0.1052483968,2
10,2300,0.9,1251,2.05,0.1020825812,4
10,2300,0.9,1251,2.06,0.1018261837,3.464101615
10,2300,0.9,1251,2.08,0.1051224199,4
10,2300,0.9,1251,2.09,0.09737719001,2.828427125
10,2300,0.9,1251,2.1,0.09648014756,2
10,2300,0.9,1251,2.12,0.1006466299,2
10,2300,0.9,1251,2.14,0.104702572,2.828427125
10,2300,0.9,1251,2.15,0.105889896,2.828427125
10,2300,0.9,1251,2.17,0.1012588485,2.828427125
10,2300,0.9,1251,2.19,0.09884742998,2.828427125
10,2300,0.9,1251,2.23,0.103846068,3.464101615
10,2300,0.9,1251,2.24,0.1035030641,2.828427125
10,2300,0.9,1251,2.27,0.1025178296,4
10,2300,0.9,1251,2.3,0.09681755093,2.828427125
10,2300,0.9,1251,2.36,0.105117729,2.828427125
10,2300,0.9,1251,2.37,0.1049944238,3.464101615
10,2300,0.9,1251,2.39,0.1029127096,2.828427125
10,2300,0.9,1251,2.47,0.1007085786,2.828427125
10,2300,0.9,1251,2.48,0.09861031617,2.828427125
10,2300,0.9,1251,2.53,0.09024199455,2.828427125
10,2300,0.9,1251,2.58,0.09974228029,2.828427125
10,2300,0.9,1251,2.74,0.09444644993,2.828427125
0,2600,0.1,1251,0.26,0.08959378682,1.414213562
0,2600,0.1,1251,0.41,0.06669170336,1.414213562
0,2600,0.1,1251,0.48,0.06807664907,1.414213562
0,2600,0.1,1251,0.49,0.07018098482,2
0,2600,0.1,1251,0.53,0.07366665511,1.414213562
0,2600,0.1,1251,0.55,0.06971176305,2
0,2600,0.1,1251,0.63,0.06485703571,2
0,2600,0.1,1251,0.67,0.07627263465,2
0,2600,0.1,1251,0.68,0.08048735661,2.828427125
0,2600,0.1,1251,0.71,0.07551182301,2
0,2600,0.1,1251,0.79,0.06222627251,1.414213562
0,2600,0.1,1251,0.82,0.06874417434,3.16227766
0,2600,0.1,1251,0.86,0.07362411942,2
0,2600,0.1,1251,0.89,0.07045841448,2
0,2600,0.1,1251,0.92,0.07572550874,2
0,2600,0.1,1251,0.95,0.07473767269,2
0,2600,0.1,1251,0.96,0.06797100079,1.414213562
0,2600,0.1,1251,0.97,0.07245601101,2
0,2600,0.1,1251,0.98,0.0741289989,2.828427125
0,2600,0.1,1251,0.99,0.07427545602,2
0,2600,0.1,1251,1.01,0.07425864441,2.828427125
0,2600,0.1,1251,1.04,0.08389438781,2
0,2600,0.1,1251,1.05,0.08118063505,1.414213562
0,2600,0.1,1251,1.07,0.07348614814,2.828427125
0,2600,0.1,1251,1.08,0.07719886698,2.828427125
0,2600,0.1,1251,1.09,0.07932520926,2
0,2600,0.1,1251,1.13,0.07635492271,2
0,2600,0.1,1251,1.14,0.07962188848,2
0,2600,0.1,1251,1.16,0.07818490562,2
0,2600,0.1,1251,1.17,0.08275881009,2.828427125
0,2600,0.1,1251,1.23,0.08094552182,4.242640687
0,2600,0.1,1251,1.24,0.0815424861,2
0,2600,0.1,1251,1.25,0.07650956038,2
0,2600,0.1,1251,1.26,0.08021234457,2
0,2600,0.1,1251,1.28,0.08361338476,2.828427125
0,2600,0.1,1251,1.31,0.07921573587,2.828427125
0,2600,0.1,1251,1.32,0.07890572017,2
0,2600,0.1,1251,1.33,0.0796577221,2.828427125
0,2600,0.1,1251,1.34,0.08413773681,2.828427125
0,2600,0.1,1251,1.36,0.08521252286,2.828427125
0,2600,0.1,1251,1.42,0.08508212926,4.472135955
0,2600,0.1,1251,1.43,0.09667692611,1.414213562
0,2600,0.1,1251,1.46,0.08755815023,2.828427125
0,2600,0.1,1251,1.48,0.08333537716,4
0,2600,0.1,1251,1.49,0.08093026036,2
0,2600,0.1,1251,1.51,0.08348880439,2.828427125
0,2600,0.1,1251,1.53,0.08798736592,3.464101615
0,2600,0.1,1251,1.55,0.09157055409,2
0,2600,0.1,1251,1.58,0.08778307798,4
0,2600,0.1,1251,1.62,0.0875405746,2
0,2600,0.1,1251,1.63,0.08349158481,1.414213562
0,2600,0.1,1251,1.64,0.0889735782,4.472135955
0,2600,0.1,1251,1.65,0.08599672542,2.828427125
0,2600,0.1,1251,1.67,0.09033295823,2.828427125
0,2600,0.1,1251,1.68,0.08865061659,2.828427125
0,2600,0.1,1251,1.69,0.08815909562,2.828427125
0,2600,0.1,1251,1.7,0.09305804352,2
0,2600,0.1,1251,1.72,0.08699989812,3.464101615
0,2600,0.1,1251,1.73,0.09108713414,2.828427125
0,2600,0.1,1251,1.74,0.09039454535,2.828427125
0,2600,0.1,1251,1.78,0.09450853546,3.464101615
0,2600,0.1,1251,1.81,0.09431627249,2
0,2600,0.1,1251,1.83,0.09409328955,4
0,2600,0.1,1251,1.88,0.09668518166,4
0,2600,0.1,1251,1.89,0.09258758171,2.828427125
0,2600,0.1,1251,1.9,0.09324965267,2.828427125
0,2600,0.1,1251,1.91,0.0940147708,3.16227766
0,2600,0.1,1251,1.93,0.09978067916,2
0,2600,0.1,1251,1.94,0.09162539676,2
0,2600,0.1,1251,1.96,0.09629595837,5.291502622
0,2600,0.1,1251,1.97,0.09436814479,2.828427125
0,2600,0.1,1251,1.98,0.1000385572,2
0,2600,0.1,1251,2,0.09323346255,2.828427125
0,2600,0.1,1251,2.02,0.09700620919,2.828427125
0,2600,0.1,1251,2.04,0.09683379303,2.828427125
0,2600,0.1,1251,2.05,0.0969877828,2.828427125
0,2600,0.1,1251,2.07,0.09790264542,2
0,2600,0.1,1251,2.08,0.09662035964,2
0,2600,0.1,1251,2.1,0.09494694248,2.828427125
0,2600,0.1,1251,2.11,0.101644224,2.828427125
0,2600,0.1,1251,2.14,0.09778825668,2.828427125
0,2600,0.1,1251,2.16,0.09912340913,2.828427125
0,2600,0.1,1251,2.17,0.09636279915,3.464101615
0,2600,0.1,1251,2.18,0.0944646407,2
0,2600,0.1,1251,2.19,0.1029964746,2.828427125
0,2600,0.1,1251,2.22,0.1009196394,4
0,2600,0.1,1251,2.24,0.09799199836,2.828427125
0,2600,0.1,1251,2.27,0.1009790937,2
0,2600,0.1,1251,2.29,0.1019496691,2.828427125
0,2600,0.1,1251,2.31,0.09556791101,2.828427125
0,2600,0.1,1251,2.33,0.1021929954,4
0,2600,0.1,1251,2.4,0.1019012333,2.828427125
0,2600,0.1,1251,2.42,0.1022253353,2.828427125
0,2600,0.1,1251,2.5,0.1073591282,2.828427125
0,2600,0.1,1251,2.52,0.09803374771,2
0,2600,0.1,1251,2.53,0.1037066891,2.828427125
0,2600,0.1,1251,2.57,0.1026533611,2.828427125
0,2600,0.1,1251,2.64,0.1063914509,2.828427125
0,2600,0.1,1251,2.73,0.1030557531,2.828427125
0,2600,0.2,1251,0.49,0.1008203591,1.414213562
0,2600,0.2,1251,0.5,0.1085137745,1.414213562
0,2600,0.2,1251,0.51,0.1056594442,1.414213562
0,2600,0.2,1251,0.7,0.1040350653,2
0,2600,0.2,1251,0.71,0.1040071601,2.828427125
0,2600,0.2,1251,0.86,0.1062291715,2.828427125
0,2600,0.2,1251,0.98,0.1188857783,1.414213562
0,2600,0.2,1251,0.99,0.1291440118,1.414213562
0,2600,0.2,1251,1.02,0.122091988,1.414213562
0,2600,0.2,1251,1.1,0.1182307257,2.828427125
0,2600,0.2,1251,1.11,0.11753079,2
0,2600,0.2,1251,1.12,0.1211225464,2
0,2600,0.2,1251,1.13,0.1188195723,2
0,2600,0.2,1251,1.14,0.1145628065,2
0,2600,0.2,1251,1.21,0.1313646293,2.828427125
0,2600,0.2,1251,1.22,0.127230504,2.828427125
0,2600,0.2,1251,1.24,0.1342502367,2.828427125
0,2600,0.2,1251,1.39,0.1441493166,2
0,2600,0.2,1251,1.42,0.138151522,2
0,2600,0.2,1251,1.43,0.138075278,2
0,2600,0.2,1251,1.47,0.1484395295,1.414213562
0,2600,0.2,1251,1.49,0.1467247353,3.16227766
0,2600,0.2,1251,1.5,0.154949346,2.828427125
0,2600,0.2,1251,1.51,0.1586944616,2.828427125
0,2600,0.2,1251,1.54,0.149876964,1.414213562
0,2600,0.2,1251,1.55,0.1459384736,2.828427125
0,2600,0.2,1251,1.57,0.1568185418,2
0,2600,0.2,1251,1.58,0.1511674087,2
0,2600,0.2,1251,1.61,0.1519843085,2.828427125
0,2600,0.2,1251,1.63,0.1548100633,2.828427125
0,2600,0.2,1251,1.65,0.1655859614,2.828427125
0,2600,0.2,1251,1.69,0.1602566259,2.828427125
0,2600,0.2,1251,1.73,0.1692224315,2.828427125
0,2600,0.2,1251,1.77,0.1666599619,2
0,2600,0.2,1251,1.78,0.1617281487,2
0,2600,0.2,1251,1.79,0.1707559684,2
0,2600,0.2,1251,1.81,0.1678329573,2
0,2600,0.2,1251,1.82,0.1659634806,2
0,2600,0.2,1251,1.83,0.1771768824,2
0,2600,0.2,1251,1.84,0.1681163136,2.828427125
0,2600,0.2,1251,1.85,0.1745465489,2.828427125
0,2600,0.2,1251,1.86,0.1715508594,2.828427125
0,2600,0.2,1251,1.87,0.1726346085,2.828427125
0,2600,0.2,1251,1.89,0.1734433827,4
0,2600,0.2,1251,1.96,0.1780332071,1.414213562
0,2600,0.2,1251,1.99,0.1751955996,1.414213562
0,2600,0.2,1251,2.02,0.1882241231,2.828427125
0,2600,0.2,1251,2.05,0.180258334,4.242640687
0,2600,0.2,1251,2.06,0.186423157,2.828427125
0,2600,0.2,1251,2.07,0.1818628107,2.828427125
0,2600,0.2,1251,2.08,0.1831344471,2.828427125
0,2600,0.2,1251,2.09,0.1840823037,2
0,2600,0.2,1251,2.11,0.1867879024,4
0,2600,0.2,1251,2.12,0.1840076357,2
0,2600,0.2,1251,2.14,0.1863981535,2
0,2600,0.2,1251,2.15,0.1945994966,2.828427125
0,2600,0.2,1251,2.16,0.1929165261,2.828427125
0,2600,0.2,1251,2.18,0.1892169186,2.828427125
0,2600,0.2,1251,2.19,0.1899261465,3.464101615
0,2600,0.2,1251,2.21,0.1918556212,2.828427125
0,2600,0.2,1251,2.23,0.1790325712,2
0,2600,0.2,1251,2.25,0.1882783727,2.828427125
0,2600,0.2,1251,2.26,0.1895408204,2.828427125
0,2600,0.2,1251,2.27,0.1947886948,3.464101615
0,2600,0.2,1251,2.28,0.1882028472,2
0,2600,0.2,1251,2.29,0.188214709,2.828427125
0,2600,0.2,1251,2.32,0.2022745907,2.828427125
0,2600,0.2,1251,2.33,0.1993750146,4
0,2600,0.2,1251,2.34,0.2021873535,2.828427125
0,2600,0.2,1251,2.35,0.2117659004,2.828427125
0,2600,0.2,1251,2.42,0.1949818956,2.828427125
0,2600,0.2,1251,2.44,0.2021258731,2.828427125
0,2600,0.2,1251,2.46,0.1948505158,2
0,2600,0.2,1251,2.47,0.223237181,2
0,2600,0.2,1251,2.48,0.2070207549,2.828427125
0,2600,0.2,1251,2.49,0.204400443,2
0,2600,0.2,1251,2.51,0.2036866365,3.464101615
0,2600,0.2,1251,2.52,0.2009568063,3.464101615
0,2600,0.2,1251,2.53,0.1978777721,2
0,2600,0.2,1251,2.54,0.202490648,2.828427125
0,2600,0.2,1251,2.56,0.2068251217,2.828427125
0,2600,0.2,1251,2.57,0.2149772047,2.828427125
0,2600,0.2,1251,2.58,0.2014051118,2.828427125
0,2600,0.2,1251,2.59,0.2024704911,2.828427125
0,2600,0.2,1251,2.66,0.2045522986,2.828427125
0,2600,0.2,1251,2.67,0.2052140174,2.828427125
0,2600,0.2,1251,2.68,0.2000086787,2.828427125
0,2600,0.2,1251,2.69,0.1939488762,2.828427125
0,2600,0.2,1251,2.71,0.1992531773,4
0,2600,0.2,1251,2.79,0.193544592,2
0,2600,0.2,1251,2.83,0.1870176863,3.464101615
0,2600,0.2,1251,2.85,0.192190686,2
0,2600,0.2,1251,2.87,0.1735011567,2.828427125
0,2600,0.2,1251,2.89,0.1740158961,2.828427125
0,2600,0.2,1251,2.9,0.1732339951,2.828427125
0,2600,0.2,1251,2.91,0.1677870879,2.828427125
0,2600,0.2,1251,2.93,0.1639474414,2.828427125
0,2600,0.2,1251,2.97,0.1572730099,2.828427125
0,2600,0.2,1251,3,0.1517103397,2.828427125
0,2600,0.2,1251,3.02,0.1476708051,2.828427125
0,2600,0.2,1251,3.18,0.1324395134,2.828427125
0,2600,0.2,1251,3.2,0.131248574,2.828427125
0,2600,0.2,1251,3.21,0.1266308393,2.828427125
0,2600,0.2,1251,3.46,0.1270778164,2.828427125
0,2600,0.3,1251,0.32,0.1298795524,1.414213562
0,2600,0.3,1251,0.39,0.08996009923,1.414213562
0,2600,0.3,1251,0.47,0.08608998042,1.414213562
0,2600,0.3,1251,0.51,0.1007814273,2
0,2600,0.3,1251,0.57,0.09362216212,2
0,2600,0.3,1251,0.61,0.1022865077,2
0,2600,0.3,1251,0.65,0.1022423963,1.414213562
0,2600,0.3,1251,0.69,0.1052020073,2.828427125
0,2600,0.3,1251,0.75,0.1092082886,2
0,2600,0.3,1251,0.78,0.09254135425,1.414213562
0,2600,0.3,1251,0.8,0.1183187561,2
0,2600,0.3,1251,0.84,0.1010249262,2
0,2600,0.3,1251,0.89,0.1246318593,2.828427125
0,2600,0.3,1251,0.91,0.1208182432,2
0,2600,0.3,1251,0.94,0.1269991102,1.414213562
0,2600,0.3,1251,0.97,0.1272923065,3.16227766
0,2600,0.3,1251,1,0.1312584658,2
0,2600,0.3,1251,1.01,0.1290212141,2
0,2600,0.3,1251,1.02,0.1504724572,2
0,2600,0.3,1251,1.04,0.1383555916,2
0,2600,0.3,1251,1.07,0.1355739168,2.828427125
0,2600,0.3,1251,1.08,0.1424253611,2
0,2600,0.3,1251,1.12,0.1554900701,2.828427125
0,2600,0.3,1251,1.14,0.1396000151,2
0,2600,0.3,1251,1.15,0.138340582,2.828427125
0,2600,0.3,1251,1.17,0.1854054935,1.414213562
0,2600,0.3,1251,1.21,0.1516652837,3.464101615
0,2600,0.3,1251,1.22,0.1492229984,2
0,2600,0.3,1251,1.24,0.1638165644,2
0,2600,0.3,1251,1.26,0.1734140474,2
0,2600,0.3,1251,1.27,0.1536324065,2.828427125
0,2600,0.3,1251,1.29,0.1672228513,1.414213562
0,2600,0.3,1251,1.3,0.1632831159,2.828427125
0,2600,0.3,1251,1.33,0.1714470262,2.828427125
0,2600,0.3,1251,1.34,0.1814072288,2
0,2600,0.3,1251,1.35,0.1694129671,2.828427125
0,2600,0.3,1251,1.38,0.1714769798,3.464101615
0,2600,0.3,1251,1.41,0.1764889089,3.16227766
0,2600,0.3,1251,1.42,0.1832277255,2.828427125
0,2600,0.3,1251,1.43,0.1835922524,2.828427125
0,2600,0.3,1251,1.45,0.1710032355,2
0,2600,0.3,1251,1.47,0.1928350712,2
0,2600,0.3,1251,1.5,0.1869641186,3.464101615
0,2600,0.3,1251,1.51,0.1768360176,2
0,2600,0.3,1251,1.52,0.1819579015,2
0,2600,0.3,1251,1.54,0.2019523432,2.828427125
0,2600,0.3,1251,1.55,0.2030766859,2
0,2600,0.3,1251,1.56,0.1997332753,3.16227766
0,2600,0.3,1251,1.58,0.1997583464,2.828427125
0,2600,0.3,1251,1.59,0.2010911948,3.464101615
0,2600,0.3,1251,1.6,0.1989335437,3.464101615
0,2600,0.3,1251,1.61,0.2134153784,2
0,2600,0.3,1251,1.63,0.2059926497,2
0,2600,0.3,1251,1.64,0.2032232855,2.828427125
0,2600,0.3,1251,1.65,0.2151091726,4
0,2600,0.3,1251,1.66,0.2177682857,2.828427125
0,2600,0.3,1251,1.69,0.2106524024,2
0,2600,0.3,1251,1.71,0.2273069243,2
0,2600,0.3,1251,1.74,0.2229678442,3.464101615
0,2600,0.3,1251,1.75,0.2197892524,2.828427125
0,2600,0.3,1251,1.76,0.2142936782,2.828427125
0,2600,0.3,1251,1.78,0.2235262922,2.828427125
0,2600,0.3,1251,1.79,0.2319756678,2.828427125
0,2600,0.3,1251,1.81,0.2307245181,2.828427125
0,2600,0.3,1251,1.82,0.2599027378,2
0,2600,0.3,1251,1.83,0.2523133856,2
0,2600,0.3,1251,1.84,0.2364755293,2
0,2600,0.3,1251,1.85,0.2382054424,2.828427125
0,2600,0.3,1251,1.86,0.2466668782,2.828427125
0,2600,0.3,1251,1.88,0.2373308873,3.16227766
0,2600,0.3,1251,1.9,0.2379012566,2.828427125
0,2600,0.3,1251,1.91,0.2404186113,2
0,2600,0.3,1251,1.92,0.2559539546,2.828427125
0,2600,0.3,1251,1.93,0.2307356542,2.828427125
0,2600,0.3,1251,1.95,0.2492146343,4.898979486
0,2600,0.3,1251,1.98,0.2426107721,2.828427125
0,2600,0.3,1251,1.99,0.2533985463,2
0,2600,0.3,1251,2.03,0.2610866143,3.464101615
0,2600,0.3,1251,2.04,0.2686847347,2
0,2600,0.3,1251,2.06,0.2609171781,4
0,2600,0.3,1251,2.07,0.2600934649,2.828427125
0,2600,0.3,1251,2.08,0.268799447,4
0,2600,0.3,1251,2.1,0.25513704,2
0,2600,0.3,1251,2.12,0.2596709108,2
0,2600,0.3,1251,2.13,0.2659682649,2.828427125
0,2600,0.3,1251,2.14,0.2833305893,2.828427125
0,2600,0.3,1251,2.15,0.2703474773,2.828427125
0,2600,0.3,1251,2.2,0.2679250794,2.828427125
0,2600,0.3,1251,2.22,0.2750637077,2
0,2600,0.3,1251,2.23,0.277236599,2.828427125
0,2600,0.3,1251,2.24,0.2734914307,4
0,2600,0.3,1251,2.26,0.2831120157,2.828427125
0,2600,0.3,1251,2.29,0.2829065705,2
0,2600,0.3,1251,2.31,0.2906322226,2.828427125
0,2600,0.3,1251,2.32,0.2734989353,4
0,2600,0.3,1251,2.41,0.2947388451,2.828427125
0,2600,0.3,1251,2.42,0.278501835,2.828427125
0,2600,0.3,1251,2.45,0.268387909,2
0,2600,0.3,1251,2.47,0.281807342,4
0,2600,0.3,1251,2.53,0.2896404025,2.828427125
0,2600,0.3,1251,2.57,0.2860861888,2.828427125
0,2600,0.3,1251,2.63,0.2845329911,2.828427125
0,2600,0.3,1251,2.77,0.2580512665,2.828427125
0,2600,0.4,1251,0.34,0.09036248598,1.414213562
0,2600,0.4,1251,0.38,0.08059896248,1.414213562
0,2600,0.4,1251,0.49,0.08908889707,1.414213562
0,2600,0.4,1251,0.51,0.08025917091,2
0,2600,0.4,1251,0.6,0.09819485644,2
0,2600,0.4,1251,0.62,0.09218890949,2
0,2600,0.4,1251,0.69,0.1098632051,1.414213562
0,2600,0.4,1251,0.71,0.10271075,2.828427125
0,2600,0.4,1251,0.75,0.1011799493,1.414213562
0,2600,0.4,1251,0.79,0.1010961788,2
0,2600,0.4,1251,0.83,0.1038834256,2
0,2600,0.4,1251,0.84,0.118741502,2
0,2600,0.4,1251,0.9,0.1189001324,2
0,2600,0.4,1251,0.93,0.1225814139,2.828427125
0,2600,0.4,1251,0.96,0.1203619196,2.828427125
0,2600,0.4,1251,0.98,0.1301406107,1.414213562
0,2600,0.4,1251,1.02,0.1299681852,2
0,2600,0.4,1251,1.03,0.1383096572,1.414213562
0,2600,0.4,1251,1.04,0.139410387,2
0,2600,0.4,1251,1.05,0.1263715578,2
0,2600,0.4,1251,1.1,0.1445506347,3.464101615
0,2600,0.4,1251,1.13,0.1487009348,3.16227766
0,2600,0.4,1251,1.14,0.1597612341,2
0,2600,0.4,1251,1.18,0.1615514775,2
0,2600,0.4,1251,1.2,0.1584484085,3.464101615
0,2600,0.4,1251,1.23,0.1599859503,2.828427125
0,2600,0.4,1251,1.25,0.1699847852,2.828427125
0,2600,0.4,1251,1.28,0.1670899026,4.472135955
0,2600,0.4,1251,1.32,0.1684532698,2
0,2600,0.4,1251,1.37,0.1992162857,2.828427125
0,2600,0.4,1251,1.38,0.2075105089,1.414213562
0,2600,0.4,1251,1.41,0.2017965495,4
0,2600,0.4,1251,1.42,0.1936780962,2
0,2600,0.4,1251,1.43,0.2185492472,2
0,2600,0.4,1251,1.46,0.2292118493,2
0,2600,0.4,1251,1.47,0.2116214439,3.16227766
0,2600,0.4,1251,1.49,0.2016168274,2
0,2600,0.4,1251,1.51,0.2180955681,4.242640687
0,2600,0.4,1251,1.53,0.2167658006,3.464101615
0,2600,0.4,1251,1.54,0.2246372618,2
0,2600,0.4,1251,1.55,0.2274002264,2.828427125
0,2600,0.4,1251,1.57,0.2148765444,2
0,2600,0.4,1251,1.58,0.2418978657,2
0,2600,0.4,1251,1.61,0.2414408366,4
0,2600,0.4,1251,1.62,0.2385621815,3.464101615
0,2600,0.4,1251,1.64,0.2465337743,2.828427125
0,2600,0.4,1251,1.65,0.2438578221,3.464101615
0,2600,0.4,1251,1.66,0.251244111,3.464101615
0,2600,0.4,1251,1.68,0.2539242797,2.828427125
0,2600,0.4,1251,1.69,0.2475455205,2
0,2600,0.4,1251,1.73,0.2698053762,4
0,2600,0.4,1251,1.78,0.2755387517,2
0,2600,0.4,1251,1.79,0.2783266651,3.464101615
0,2600,0.4,1251,1.8,0.2583757063,2
0,2600,0.4,1251,1.82,0.2642759748,2.828427125
0,2600,0.4,1251,1.83,0.276213018,4.472135955
0,2600,0.4,1251,1.85,0.2836199716,4.472135955
0,2600,0.4,1251,1.88,0.2997304386,2.828427125
0,2600,0.4,1251,1.89,0.2892576568,2.828427125
0,2600,0.4,1251,1.92,0.2817333124,2.828427125
0,2600,0.4,1251,1.95,0.293660773,2.828427125
0,2600,0.4,1251,1.96,0.2917079354,1.414213562
0,2600,0.4,1251,1.98,0.3061225778,2.828427125
0,2600,0.4,1251,1.99,0.3054142685,2.828427125
0,2600,0.4,1251,2.01,0.2985756664,2
0,2600,0.4,1251,2.02,0.3095097804,2.828427125
0,2600,0.4,1251,2.03,0.3261912214,2.828427125
0,2600,0.4,1251,2.04,0.2875453991,2
0,2600,0.4,1251,2.05,0.3225842431,2.828427125
0,2600,0.4,1251,2.07,0.3254737934,3.464101615
0,2600,0.4,1251,2.1,0.3238472332,4
0,2600,0.4,1251,2.11,0.3206480797,2.828427125
0,2600,0.4,1251,2.12,0.3292245723,4
0,2600,0.4,1251,2.13,0.336675665,2.828427125
0,2600,0.4,1251,2.15,0.3435266848,2.828427125
0,2600,0.4,1251,2.21,0.3302625838,4.472135955
0,2600,0.4,1251,2.24,0.3398293491,2.828427125
0,2600,0.4,1251,2.26,0.3300917381,3.464101615
0,2600,0.4,1251,2.28,0.3384860873,2.828427125
0,2600,0.4,1251,2.31,0.3154706351,2.828427125
0,2600,0.4,1251,2.34,0.3379397583,4
0,2600,0.4,1251,2.36,0.3327942598,2.828427125
0,2600,0.4,1251,2.39,0.332309262,2
0,2600,0.4,1251,2.42,0.3412533529,2.828427125
0,2600,0.4,1251,2.47,0.3567554689,2
0,2600,0.4,1251,2.48,0.3446777454,2.828427125
0,2600,0.4,1251,2.49,0.3321501586,2.828427125
0,2600,0.4,1251,2.51,0.3373713882,4
0,2600,0.4,1251,2.56,0.3200322007,2.828427125
0,2600,0.4,1251,2.65,0.3160504157,2.828427125
0,2600,0.4,1251,2.68,0.2940430055,2.828427125
0,2600,0.4,1251,2.83,0.2824336289,2.828427125
0,2600,0.5,1251,0.35,0.0678719657,1.414213562
0,2600,0.5,1251,0.41,0.07510192008,1.414213562
0,2600,0.5,1251,0.42,0.07405516458,1.414213562
0,2600,0.5,1251,0.54,0.09653145391,2
0,2600,0.5,1251,0.55,0.08238324538,2
0,2600,0.5,1251,0.58,0.08753690149,2
0,2600,0.5,1251,0.68,0.09618837371,2.828427125
0,2600,0.5,1251,0.71,0.0984023312,1.414213562
0,2600,0.5,1251,0.81,0.108407184,1.414213562
0,2600,0.5,1251,0.82,0.1082524424,2
0,2600,0.5,1251,0.83,0.1178555676,2
0,2600,0.5,1251,0.84,0.1051408251,1.414213562
0,2600,0.5,1251,0.88,0.09483550462,2
0,2600,0.5,1251,0.91,0.1180738579,2.828427125
0,2600,0.5,1251,0.92,0.1144869446,2.828427125
0,2600,0.5,1251,0.93,0.1175981967,2
0,2600,0.5,1251,0.98,0.1336528761,2.828427125
0,2600,0.5,1251,1,0.1361350856,2.828427125
0,2600,0.5,1251,1.06,0.1428182312,1.414213562
0,2600,0.5,1251,1.08,0.1422853951,2
0,2600,0.5,1251,1.1,0.1465891258,2
0,2600,0.5,1251,1.14,0.1544718738,2.828427125
0,2600,0.5,1251,1.16,0.1631928817,2.828427125
0,2600,0.5,1251,1.17,0.1586556137,3.464101615
0,2600,0.5,1251,1.21,0.165094934,2.828427125
0,2600,0.5,1251,1.22,0.1668885993,3.16227766
0,2600,0.5,1251,1.26,0.1657447854,1.414213562
0,2600,0.5,1251,1.27,0.1624675008,2
0,2600,0.5,1251,1.29,0.1886173589,2
0,2600,0.5,1251,1.31,0.1810901048,2
0,2600,0.5,1251,1.33,0.1889581788,3.464101615
0,2600,0.5,1251,1.34,0.181183395,2
0,2600,0.5,1251,1.36,0.2004634378,2
0,2600,0.5,1251,1.37,0.193848009,4
0,2600,0.5,1251,1.4,0.201403199,2.828427125
0,2600,0.5,1251,1.41,0.2065759999,2
0,2600,0.5,1251,1.42,0.2003851561,3.16227766
0,2600,0.5,1251,1.45,0.2037569979,2
0,2600,0.5,1251,1.47,0.2121611243,2.828427125
0,2600,0.5,1251,1.48,0.2258132944,3.464101615
0,2600,0.5,1251,1.5,0.2196889383,3.464101615
0,2600,0.5,1251,1.52,0.2498484288,2.828427125
0,2600,0.5,1251,1.54,0.2332298249,4
0,2600,0.5,1251,1.58,0.2491134454,2.828427125
0,2600,0.5,1251,1.62,0.2506715556,2.449489743
0,2600,0.5,1251,1.63,0.268886026,2
0,2600,0.5,1251,1.64,0.2559786974,2.828427125
0,2600,0.5,1251,1.65,0.2579222969,2.828427125
0,2600,0.5,1251,1.66,0.2643769608,3.464101615
0,2600,0.5,1251,1.67,0.2553122888,2.828427125
0,2600,0.5,1251,1.68,0.2943449259,2.449489743
0,2600,0.5,1251,1.69,0.2726219376,2.828427125
0,2600,0.5,1251,1.7,0.2838594639,4
0,2600,0.5,1251,1.71,0.2888580698,2.828427125
0,2600,0.5,1251,1.72,0.2715712954,2
0,2600,0.5,1251,1.73,0.2786634166,2
0,2600,0.5,1251,1.75,0.2820767221,2
0,2600,0.5,1251,1.77,0.2916733612,3.464101615
0,2600,0.5,1251,1.79,0.2890384084,2.828427125
0,2600,0.5,1251,1.82,0.3001884894,4
0,2600,0.5,1251,1.83,0.3141598187,2.828427125
0,2600,0.5,1251,1.84,0.3062480665,4
0,2600,0.5,1251,1.86,0.3029380417,2.828427125
0,2600,0.5,1251,1.87,0.3225397419,4
0,2600,0.5,1251,1.89,0.3088314293,2.828427125
0,2600,0.5,1251,1.9,0.3195750518,3.464101615
0,2600,0.5,1251,1.92,0.3197562616,2.828427125
0,2600,0.5,1251,1.94,0.3227645018,3.464101615
0,2600,0.5,1251,1.96,0.3272510162,2.828427125
0,2600,0.5,1251,1.98,0.3338859772,2.828427125
0,2600,0.5,1251,1.99,0.3416275097,2
0,2600,0.5,1251,2,0.330780937,2.828427125
0,2600,0.5,1251,2.03,0.3340460953,2.828427125
0,2600,0.5,1251,2.05,0.3537732519,4.472135955
0,2600,0.5,1251,2.07,0.3459040243,2.828427125
0,2600,0.5,1251,2.08,0.339375153,2
0,2600,0.5,1251,2.09,0.3502363357,2.828427125
0,2600,0.5,1251,2.11,0.3562379002,4
0,2600,0.5,1251,2.15,0.3621089581,2.828427125
0,2600,0.5,1251,2.16,0.3440517287,2
0,2600,0.5,1251,2.17,0.3644448172,2.828427125
0,2600,0.5,1251,2.19,0.3583993716,2.828427125
0,2600,0.5,1251,2.2,0.3578275464,3.464101615
0,2600,0.5,1251,2.24,0.3659176159,2.828427125
0,2600,0.5,1251,2.26,0.349517236,2.828427125
0,2600,0.5,1251,2.31,0.3485359694,4
0,2600,0.5,1251,2.33,0.3691717816,2.828427125
0,2600,0.5,1251,2.34,0.3422575743,2
0,2600,0.5,1251,2.35,0.3364609,2.828427125
0,2600,0.5,1251,2.36,0.3625116787,2.828427125
0,2600,0.5,1251,2.44,0.3509806131,2.828427125
0,2600,0.5,1251,2.5,0.3359263714,2.828427125
0,2600,0.5,1251,2.52,0.3306886101,2.828427125
0,2600,0.5,1251,2.57,0.3282272499,2.828427125
0,2600,0.5,1251,2.73,0.299014767,2.828427125
0,2600,0.6,1251,0.36,0.07786029355,1.414213562
0,2600,0.6,1251,0.41,0.0754515205,1.414213562
0,2600,0.6,1251,0.43,0.09336681238,1.414213562
0,2600,0.6,1251,0.55,0.0842025942,2
0,2600,0.6,1251,0.56,0.09722482476,2
0,2600,0.6,1251,0.6,0.09666178022,2
0,2600,0.6,1251,0.7,0.1078127825,2.828427125
0,2600,0.6,1251,0.72,0.09882109844,1.414213562
0,2600,0.6,1251,0.82,0.1147949778,1.414213562
0,2600,0.6,1251,0.83,0.1190130709,2
0,2600,0.6,1251,0.84,0.1067002247,2
0,2600,0.6,1251,0.86,0.107667764,1.414213562
0,2600,0.6,1251,0.9,0.1084562334,2
0,2600,0.6,1251,0.93,0.1261735883,4
0,2600,0.6,1251,0.96,0.1181469759,2
0,2600,0.6,1251,1,0.1268102777,2.828427125
0,2600,0.6,1251,1.02,0.1283672278,2.828427125
0,2600,0.6,1251,1.07,0.1405389606,1.414213562
0,2600,0.6,1251,1.09,0.1381004422,2
0,2600,0.6,1251,1.12,0.1391549387,2
0,2600,0.6,1251,1.15,0.1532243062,2
0,2600,0.6,1251,1.16,0.1447116912,2
0,2600,0.6,1251,1.17,0.1500909017,2.828427125
0,2600,0.6,1251,1.19,0.1619313151,3.464101615
0,2600,0.6,1251,1.23,0.1624311103,2.828427125
0,2600,0.6,1251,1.24,0.170318477,3.16227766
0,2600,0.6,1251,1.29,0.1716372319,2.449489743
0,2600,0.6,1251,1.31,0.1735631756,2
0,2600,0.6,1251,1.34,0.1820470749,2
0,2600,0.6,1251,1.35,0.1874700737,2
0,2600,0.6,1251,1.36,0.185455702,3.464101615
0,2600,0.6,1251,1.38,0.186560324,2
0,2600,0.6,1251,1.39,0.1914851919,2.828427125
0,2600,0.6,1251,1.4,0.1914555252,2.828427125
0,2600,0.6,1251,1.42,0.2085248217,2.828427125
0,2600,0.6,1251,1.43,0.2112046116,2.449489743
0,2600,0.6,1251,1.44,0.2105034692,2.828427125
0,2600,0.6,1251,1.48,0.2217070709,2
0,2600,0.6,1251,1.49,0.2242031963,4
0,2600,0.6,1251,1.51,0.2156535685,2
0,2600,0.6,1251,1.53,0.2329138134,3.464101615
0,2600,0.6,1251,1.55,0.2322214721,4
0,2600,0.6,1251,1.57,0.2371475322,2.828427125
0,2600,0.6,1251,1.6,0.2535370163,2.828427125
0,2600,0.6,1251,1.64,0.2591847395,2
0,2600,0.6,1251,1.65,0.2663497367,2.449489743
0,2600,0.6,1251,1.67,0.2626623521,3.464101615
0,2600,0.6,1251,1.68,0.2552220063,2
0,2600,0.6,1251,1.69,0.2682990237,4.472135955
0,2600,0.6,1251,1.7,0.2564034818,2
0,2600,0.6,1251,1.71,0.2558138009,2.828427125
0,2600,0.6,1251,1.72,0.2727335671,3.16227766
0,2600,0.6,1251,1.73,0.2816156629,2.828427125
0,2600,0.6,1251,1.74,0.274560601,2.828427125
0,2600,0.6,1251,1.76,0.3158721204,2
0,2600,0.6,1251,1.77,0.2710915361,2
0,2600,0.6,1251,1.79,0.3054474806,2
0,2600,0.6,1251,1.8,0.2851625109,2
0,2600,0.6,1251,1.81,0.2953874848,2.828427125
0,2600,0.6,1251,1.82,0.3110394765,2.828427125
0,2600,0.6,1251,1.85,0.311064225,4
0,2600,0.6,1251,1.86,0.3170505647,3.464101615
0,2600,0.6,1251,1.87,0.3121881549,3.464101615
0,2600,0.6,1251,1.89,0.3022386508,3.464101615
0,2600,0.6,1251,1.91,0.3206071465,3.464101615
0,2600,0.6,1251,1.93,0.3352994444,3.464101615
0,2600,0.6,1251,1.94,0.3142786588,4
0,2600,0.6,1251,1.97,0.3203459321,3.464101615
0,2600,0.6,1251,1.99,0.3258283871,2.828427125
0,2600,0.6,1251,2.01,0.3346174759,2.828427125
0,2600,0.6,1251,2.03,0.3293989967,2
0,2600,0.6,1251,2.04,0.3402529014,2.828427125
0,2600,0.6,1251,2.07,0.3338915223,2.828427125
0,2600,0.6,1251,2.08,0.3216374212,2.828427125
0,2600,0.6,1251,2.09,0.3333994975,3.464101615
0,2600,0.6,1251,2.1,0.3389624682,2.828427125
0,2600,0.6,1251,2.12,0.3409551661,3.464101615
0,2600,0.6,1251,2.15,0.335703623,4
0,2600,0.6,1251,2.18,0.3339836169,2
0,2600,0.6,1251,2.19,0.3245658274,2.828427125
0,2600,0.6,1251,2.21,0.3262119193,2.828427125
0,2600,0.6,1251,2.22,0.3308992588,2.828427125
0,2600,0.6,1251,2.24,0.3320523717,3.464101615
0,2600,0.6,1251,2.28,0.3262610033,2.828427125
0,2600,0.6,1251,2.29,0.342269067,2.828427125
0,2600,0.6,1251,2.35,0.3188701706,4
0,2600,0.6,1251,2.38,0.3295630186,3.464101615
0,2600,0.6,1251,2.39,0.317463874,2.828427125
0,2600,0.6,1251,2.41,0.3180556294,2.828427125
0,2600,0.6,1251,2.49,0.311942257,2.828427125
0,2600,0.6,1251,2.54,0.3128950231,2.828427125
0,2600,0.6,1251,2.56,0.3026906694,2.828427125
0,2600,0.6,1251,2.61,0.2902843754,2.828427125
0,2600,0.6,1251,2.78,0.2670803156,2.828427125
0,2600,0.7,1251,0.39,0.1059763601,1.414213562
0,2600,0.7,1251,0.41,0.09816622197,2
0,2600,0.7,1251,0.57,0.09651718159,2.828427125
0,2600,0.7,1251,0.58,0.1144594094,2
0,2600,0.7,1251,0.7,0.1068738652,2.828427125
0,2600,0.7,1251,0.78,0.1134942397,1.414213562
0,2600,0.7,1251,0.82,0.1209224462,1.414213562
0,2600,0.7,1251,0.83,0.1073458464,1.414213562
0,2600,0.7,1251,0.88,0.1151483867,2.828427125
0,2600,0.7,1251,0.91,0.1199090423,2.828427125
0,2600,0.7,1251,0.92,0.1200024666,2.828427125
0,2600,0.7,1251,0.97,0.1282976145,2.828427125
0,2600,0.7,1251,1,0.1218945818,4
0,2600,0.7,1251,1.13,0.1505340457,2
0,2600,0.7,1251,1.14,0.151792808,2
0,2600,0.7,1251,1.16,0.149411584,2
0,2600,0.7,1251,1.17,0.1299335441,1.414213562
0,2600,0.7,1251,1.2,0.1518785069,2.828427125
0,2600,0.7,1251,1.21,0.1593507475,2.828427125
0,2600,0.7,1251,1.23,0.1472193238,3.16227766
0,2600,0.7,1251,1.24,0.1543528593,3.16227766
0,2600,0.7,1251,1.29,0.1682986599,2.828427125
0,2600,0.7,1251,1.3,0.1690072003,2
0,2600,0.7,1251,1.31,0.1712875033,3.464101615
0,2600,0.7,1251,1.35,0.1685331774,2.828427125
0,2600,0.7,1251,1.36,0.1836362679,2.828427125
0,2600,0.7,1251,1.4,0.1878461781,2.828427125
0,2600,0.7,1251,1.43,0.1956108885,2.828427125
0,2600,0.7,1251,1.45,0.1961442524,2
0,2600,0.7,1251,1.47,0.1939956529,2
0,2600,0.7,1251,1.48,0.1896603342,2.828427125
0,2600,0.7,1251,1.49,0.1911679885,4
0,2600,0.7,1251,1.51,0.2023239114,2.828427125
0,2600,0.7,1251,1.52,0.2068924196,2.828427125
0,2600,0.7,1251,1.53,0.215784303,2.828427125
0,2600,0.7,1251,1.54,0.2061759932,2.828427125
0,2600,0.7,1251,1.56,0.2155695762,1.414213562
0,2600,0.7,1251,1.62,0.2108472177,2.828427125
0,2600,0.7,1251,1.64,0.2414677282,1.414213562
0,2600,0.7,1251,1.65,0.2274017895,3.16227766
0,2600,0.7,1251,1.67,0.2384049243,4
0,2600,0.7,1251,1.68,0.2371937741,3.464101615
0,2600,0.7,1251,1.69,0.252062345,2
0,2600,0.7,1251,1.7,0.2434232301,3.464101615
0,2600,0.7,1251,1.71,0.2405721607,2
0,2600,0.7,1251,1.73,0.248233371,2.828427125
0,2600,0.7,1251,1.74,0.2576469144,2
0,2600,0.7,1251,1.75,0.2487308847,4.898979486
0,2600,0.7,1251,1.76,0.2463021499,2
0,2600,0.7,1251,1.77,0.2343378919,2
0,2600,0.7,1251,1.79,0.2519770767,2.828427125
0,2600,0.7,1251,1.81,0.2448686652,3.464101615
0,2600,0.7,1251,1.82,0.2457517858,2.828427125
0,2600,0.7,1251,1.83,0.2739903097,2.828427125
0,2600,0.7,1251,1.84,0.2617684493,2
0,2600,0.7,1251,1.86,0.2784673437,2.828427125
0,2600,0.7,1251,1.87,0.2619468845,4
0,2600,0.7,1251,1.88,0.2707434846,2.828427125
0,2600,0.7,1251,1.89,0.2834999087,4
0,2600,0.7,1251,1.91,0.2713973705,2.828427125
0,2600,0.7,1251,1.95,0.2700810927,2.828427125
0,2600,0.7,1251,1.99,0.2861041056,3.464101615
0,2600,0.7,1251,2,0.2712995396,3.464101615
0,2600,0.7,1251,2.01,0.2732309737,2
0,2600,0.7,1251,2.03,0.2756209863,3.464101615
0,2600,0.7,1251,2.04,0.2859711972,2.828427125
0,2600,0.7,1251,2.05,0.2817679363,3.464101615
0,2600,0.7,1251,2.06,0.304829092,2
0,2600,0.7,1251,2.07,0.26135468,2.828427125
0,2600,0.7,1251,2.09,0.2890566451,4
0,2600,0.7,1251,2.1,0.2976662942,2.828427125
0,2600,0.7,1251,2.15,0.2802859487,2.828427125
0,2600,0.7,1251,2.16,0.2754417232,2.828427125
0,2600,0.7,1251,2.18,0.2830764888,2.828427125
0,2600,0.7,1251,2.19,0.2712798571,2.828427125
0,2600,0.7,1251,2.2,0.2746625141,4
0,2600,0.7,1251,2.26,0.2600774205,2
0,2600,0.7,1251,2.28,0.2801244322,2
0,2600,0.7,1251,2.3,0.2742992697,2.828427125
0,2600,0.7,1251,2.31,0.2765945094,2.828427125
0,2600,0.7,1251,2.32,0.2722901307,2
0,2600,0.7,1251,2.34,0.2763196023,2.828427125
0,2600,0.7,1251,2.36,0.2605074542,4
0,2600,0.7,1251,2.37,0.2729120182,2.828427125
0,2600,0.7,1251,2.41,0.2679833487,2.828427125
0,2600,0.7,1251,2.42,0.2662013202,2.828427125
0,2600,0.7,1251,2.45,0.2574064987,2.828427125
0,2600,0.7,1251,2.58,0.2575269115,4
0,2600,0.7,1251,2.6,0.2388612921,2.828427125
0,2600,0.7,1251,2.8,0.2321079879,2.828427125
0,2600,0.75,1251,0.33,0.1151205399,1.414213562
0,2600,0.75,1251,0.36,0.08386447747,1.414213562
0,2600,0.75,1251,0.42,0.1052864221,1.414213562
0,2600,0.75,1251,0.49,0.09857009098,2
0,2600,0.75,1251,0.53,0.091842051,2
0,2600,0.75,1251,0.55,0.077062371,2
0,2600,0.75,1251,0.64,0.1054026728,2.828427125
0,2600,0.75,1251,0.67,0.1005822551,1.414213562
0,2600,0.75,1251,0.72,0.1040385936,1.414213562
0,2600,0.75,1251,0.76,0.09874796128,2
0,2600,0.75,1251,0.79,0.1056823935,2.828427125
0,2600,0.75,1251,0.83,0.1125136423,2.449489743
0,2600,0.75,1251,0.86,0.1118838906,2.828427125
0,2600,0.75,1251,0.89,0.1159786568,2.828427125
0,2600,0.75,1251,0.9,0.1206098172,2
0,2600,0.75,1251,0.91,0.1129635633,2
0,2600,0.75,1251,0.96,0.11230484,2.828427125
0,2600,0.75,1251,0.98,0.1191274543,2
0,2600,0.75,1251,1,0.1438240539,1.414213562
0,2600,0.75,1251,1.06,0.1222995921,3.464101615
0,2600,0.75,1251,1.07,0.1344087712,2
0,2600,0.75,1251,1.08,0.1316105543,2.449489743
0,2600,0.75,1251,1.1,0.1459128964,2
0,2600,0.75,1251,1.12,0.1358234758,2.828427125
0,2600,0.75,1251,1.13,0.1404583847,2
0,2600,0.75,1251,1.14,0.1336070974,2.828427125
0,2600,0.75,1251,1.15,0.1439252131,3.464101615
0,2600,0.75,1251,1.2,0.150769738,2.828427125
0,2600,0.75,1251,1.23,0.1446793107,2
0,2600,0.75,1251,1.25,0.1433780516,1.414213562
0,2600,0.75,1251,1.27,0.1522371125,2
0,2600,0.75,1251,1.28,0.1556934683,2.828427125
0,2600,0.75,1251,1.29,0.1612472187,2
0,2600,0.75,1251,1.3,0.1602610088,4
0,2600,0.75,1251,1.33,0.1572697591,3.16227766
0,2600,0.75,1251,1.34,0.1637745221,2.828427125
0,2600,0.75,1251,1.35,0.1599091875,2.828427125
0,2600,0.75,1251,1.36,0.1804968991,2
0,2600,0.75,1251,1.38,0.1618873114,2
0,2600,0.75,1251,1.4,0.1730377817,3.464101615
0,2600,0.75,1251,1.41,0.179264634,2
0,2600,0.75,1251,1.44,0.1827956201,3.741657387
0,2600,0.75,1251,1.46,0.1836834369,2.828427125
0,2600,0.75,1251,1.47,0.1732022725,2.828427125
0,2600,0.75,1251,1.48,0.1816621453,4
0,2600,0.75,1251,1.49,0.1738285236,2
0,2600,0.75,1251,1.51,0.1836280822,3.464101615
0,2600,0.75,1251,1.53,0.1850615631,4
0,2600,0.75,1251,1.57,0.1861547105,3.464101615
0,2600,0.75,1251,1.58,0.2064372289,2
0,2600,0.75,1251,1.59,0.1976849178,2.828427125
0,2600,0.75,1251,1.6,0.2129192312,2
0,2600,0.75,1251,1.61,0.1979688463,2.828427125
0,2600,0.75,1251,1.64,0.2103803487,4
0,2600,0.75,1251,1.65,0.2014249288,2
0,2600,0.75,1251,1.66,0.2199282705,2.449489743
0,2600,0.75,1251,1.68,0.2240457277,2.828427125
0,2600,0.75,1251,1.69,0.2034565089,4
0,2600,0.75,1251,1.7,0.2164110516,2.828427125
0,2600,0.75,1251,1.71,0.2172316638,2
0,2600,0.75,1251,1.73,0.217486224,4
0,2600,0.75,1251,1.75,0.2279477814,3.464101615
0,2600,0.75,1251,1.76,0.2173301089,2.828427125
0,2600,0.75,1251,1.78,0.2076556146,2.828427125
0,2600,0.75,1251,1.79,0.2213608903,3.464101615
0,2600,0.75,1251,1.8,0.222160413,2.828427125
0,2600,0.75,1251,1.81,0.21771012,2
0,2600,0.75,1251,1.82,0.2282031058,2
0,2600,0.75,1251,1.83,0.2213688829,2.828427125
0,2600,0.75,1251,1.84,0.2268747036,2.828427125
0,2600,0.75,1251,1.86,0.2334462098,2.828427125
0,2600,0.75,1251,1.9,0.2292818427,3.464101615
0,2600,0.75,1251,1.93,0.2392664644,4.898979486
0,2600,0.75,1251,1.94,0.2396103273,3.464101615
0,2600,0.75,1251,1.96,0.2454348756,3.464101615
0,2600,0.75,1251,1.97,0.2295668136,2.828427125
0,2600,0.75,1251,1.98,0.2306660208,2
0,2600,0.75,1251,2,0.2407752,2.828427125
0,2600,0.75,1251,2.01,0.2455348208,4
0,2600,0.75,1251,2.07,0.2434286542,2.828427125
0,2600,0.75,1251,2.09,0.238574265,2.828427125
0,2600,0.75,1251,2.12,0.2348322727,2.828427125
0,2600,0.75,1251,2.13,0.2423996766,3.464101615
0,2600,0.75,1251,2.15,0.2394385887,2.828427125
0,2600,0.75,1251,2.16,0.2421202622,2.828427125
0,2600,0.75,1251,2.2,0.2461633382,2
0,2600,0.75,1251,2.22,0.2426716145,4
0,2600,0.75,1251,2.25,0.236357202,2.828427125
0,2600,0.75,1251,2.3,0.2366372155,2.828427125
0,2600,0.75,1251,2.32,0.2309211878,2.828427125
0,2600,0.75,1251,2.39,0.2279996325,2.828427125
0,2600,0.75,1251,2.41,0.2270204086,2.828427125
0,2600,0.75,1251,2.57,0.2170693424,2.828427125
0,2600,0.8,1251,0.27,0.07105490514,1.414213562
0,2600,0.8,1251,0.52,0.1110835583,1.414213562
0,2600,0.8,1251,0.53,0.07088714384,1.414213562
0,2600,0.8,1251,0.55,0.08390769526,1.414213562
0,2600,0.8,1251,0.58,0.08122767614,2
0,2600,0.8,1251,0.6,0.09981904111,2
0,2600,0.8,1251,0.74,0.1022804947,2
0,2600,0.8,1251,0.75,0.107977578,2
0,2600,0.8,1251,0.77,0.1075999897,2
0,2600,0.8,1251,0.79,0.1030554308,2.828427125
0,2600,0.8,1251,0.82,0.1017552306,1.414213562
0,2600,0.8,1251,0.92,0.118846352,2.828427125
0,2600,0.8,1251,0.97,0.1118081977,2
0,2600,0.8,1251,0.98,0.1203141091,2
0,2600,0.8,1251,1.03,0.1329897437,1.414213562
0,2600,0.8,1251,1.07,0.1192884335,2.449489743
0,2600,0.8,1251,1.1,0.1268810294,2.449489743
0,2600,0.8,1251,1.11,0.125395615,2.828427125
0,2600,0.8,1251,1.16,0.1382487665,2
0,2600,0.8,1251,1.17,0.1296091329,2
0,2600,0.8,1251,1.19,0.1330246461,3.464101615
0,2600,0.8,1251,1.2,0.129147946,2
0,2600,0.8,1251,1.21,0.1185429861,2
0,2600,0.8,1251,1.22,0.1298963666,3.464101615
0,2600,0.8,1251,1.28,0.133079623,2.828427125
0,2600,0.8,1251,1.31,0.1412964887,2.828427125
0,2600,0.8,1251,1.32,0.156417691,2
0,2600,0.8,1251,1.33,0.1347196794,2.828427125
0,2600,0.8,1251,1.35,0.1478111367,2
0,2600,0.8,1251,1.42,0.1487918572,2.828427125
0,2600,0.8,1251,1.44,0.1611116782,2.828427125
0,2600,0.8,1251,1.48,0.1597744126,2
0,2600,0.8,1251,1.51,0.1660369733,3.464101615
0,2600,0.8,1251,1.53,0.1698027306,2
0,2600,0.8,1251,1.55,0.1688521091,1.414213562
0,2600,0.8,1251,1.57,0.1618161629,2
0,2600,0.8,1251,1.58,0.1678224921,2.828427125
0,2600,0.8,1251,1.6,0.1744441917,3.16227766
0,2600,0.8,1251,1.62,0.1772615591,3.464101615
0,2600,0.8,1251,1.64,0.1672834128,2.828427125
0,2600,0.8,1251,1.66,0.1680769034,2.828427125
0,2600,0.8,1251,1.68,0.185579845,2
0,2600,0.8,1251,1.69,0.1835056109,2
0,2600,0.8,1251,1.7,0.1788438734,4
0,2600,0.8,1251,1.73,0.1813150317,2.828427125
0,2600,0.8,1251,1.75,0.183663761,2
0,2600,0.8,1251,1.77,0.186367991,2.828427125
0,2600,0.8,1251,1.8,0.1938013273,2
0,2600,0.8,1251,1.83,0.1855829135,2.828427125
0,2600,0.8,1251,1.85,0.1978281319,2.828427125
0,2600,0.8,1251,1.87,0.198392595,2.828427125
0,2600,0.8,1251,1.88,0.1869331996,2
0,2600,0.8,1251,1.9,0.1931446906,4
0,2600,0.8,1251,1.92,0.1893664965,2.828427125
0,2600,0.8,1251,1.94,0.1916661869,2
0,2600,0.8,1251,1.96,0.1951901543,2.828427125
0,2600,0.8,1251,1.97,0.2011181352,2.828427125
0,2600,0.8,1251,1.98,0.2039986122,2.828427125
0,2600,0.8,1251,2.01,0.2047900325,2.828427125
0,2600,0.8,1251,2.05,0.1970346891,2.828427125
0,2600,0.8,1251,2.06,0.2027437473,1.414213562
0,2600,0.8,1251,2.08,0.1998955792,3.464101615
0,2600,0.8,1251,2.13,0.2008183124,3.16227766
0,2600,0.8,1251,2.15,0.1969145306,3.464101615
0,2600,0.8,1251,2.18,0.195878343,2.828427125
0,2600,0.8,1251,2.2,0.1980676622,4.898979486
0,2600,0.8,1251,2.21,0.1938491125,2.828427125
0,2600,0.8,1251,2.22,0.1990201044,2
0,2600,0.8,1251,2.23,0.1956173962,2
0,2600,0.8,1251,2.24,0.1910004881,2.828427125
0,2600,0.8,1251,2.26,0.1885568592,2.828427125
0,2600,0.8,1251,2.28,0.1886727215,2.828427125
0,2600,0.8,1251,2.29,0.1875377635,3.464101615
0,2600,0.8,1251,2.32,0.1944333509,2
0,2600,0.8,1251,2.34,0.1952889442,3.464101615
0,2600,0.8,1251,2.35,0.1929862471,2.828427125
0,2600,0.8,1251,2.37,0.180556184,3.464101615
0,2600,0.8,1251,2.39,0.1882773323,4
0,2600,0.8,1251,2.4,0.1815263359,3.464101615
0,2600,0.8,1251,2.43,0.1881225787,2.828427125
0,2600,0.8,1251,2.46,0.1889697886,4
0,2600,0.8,1251,2.48,0.1756196647,2.828427125
0,2600,0.8,1251,2.51,0.1808130682,2.828427125
0,2600,0.8,1251,2.57,0.1741453025,2.828427125
0,2600,0.8,1251,2.61,0.1797044441,3.464101615
0,2600,0.8,1251,2.62,0.1873152659,2.828427125
0,2600,0.8,1251,2.64,0.1697919988,2
0,2600,0.8,1251,2.65,0.1785713594,2.828427125
0,2600,0.8,1251,2.67,0.1754339043,2.828427125
0,2600,0.8,1251,2.69,0.1701696231,2.828427125
0,2600,0.8,1251,2.74,0.1736567208,2.828427125
0,2600,0.8,1251,2.76,0.1646635333,2.828427125
0,2600,0.8,1251,2.83,0.1698566519,2.828427125
0,2600,0.8,1251,2.86,0.1621881242,2.828427125
0,2600,0.8,1251,2.97,0.1599150601,2
0,2600,0.8,1251,2.98,0.1594892743,2.828427125
0,2600,0.8,1251,3.02,0.1525269216,2.828427125
0,2600,0.8,1251,3.08,0.1538110969,2.828427125
0,2600,0.8,1251,3.17,0.1427009161,2.828427125
0,2600,0.85,1251,0.33,0.06671923782,1.414213562
0,2600,0.85,1251,0.38,0.06669554246,1.414213562
0,2600,0.85,1251,0.41,0.07303434634,1.414213562
0,2600,0.85,1251,0.5,0.07737340104,2
0,2600,0.85,1251,0.53,0.08760012512,2
0,2600,0.85,1251,0.56,0.07691607476,2
0,2600,0.85,1251,0.65,0.08533684805,3.16227766
0,2600,0.85,1251,0.75,0.08318239845,2
0,2600,0.85,1251,0.76,0.08433118063,1.414213562
0,2600,0.85,1251,0.77,0.08510596541,2
0,2600,0.85,1251,0.82,0.08022411764,2
0,2600,0.85,1251,0.83,0.08361045839,1.414213562
0,2600,0.85,1251,0.86,0.09029719674,3.464101615
0,2600,0.85,1251,0.89,0.09350540353,2
0,2600,0.85,1251,0.91,0.09377235178,2
0,2600,0.85,1251,0.92,0.09469410866,2.828427125
0,2600,0.85,1251,0.97,0.100025654,2.828427125
0,2600,0.85,1251,0.98,0.1071666882,1.414213562
0,2600,0.85,1251,1,0.1052594315,2
0,2600,0.85,1251,1.05,0.1042543853,2.828427125
0,2600,0.85,1251,1.06,0.09535224456,2
0,2600,0.85,1251,1.08,0.1130856903,2.828427125
0,2600,0.85,1251,1.12,0.1018381766,3.464101615
0,2600,0.85,1251,1.13,0.1071355554,2.828427125
0,2600,0.85,1251,1.14,0.1242805245,1.414213562
0,2600,0.85,1251,1.17,0.1049453993,2.828427125
0,2600,0.85,1251,1.18,0.1073192685,2
0,2600,0.85,1251,1.21,0.118450049,2
0,2600,0.85,1251,1.24,0.1156058833,2.449489743
0,2600,0.85,1251,1.25,0.1149697847,2.828427125
0,2600,0.85,1251,1.28,0.113660048,2.828427125
0,2600,0.85,1251,1.3,0.1216585365,4.69041576
0,2600,0.85,1251,1.31,0.1240856414,2
0,2600,0.85,1251,1.34,0.1211841941,4
0,2600,0.85,1251,1.36,0.1190048412,2
0,2600,0.85,1251,1.37,0.120052852,3.464101615
0,2600,0.85,1251,1.4,0.1270565508,2
0,2600,0.85,1251,1.41,0.1100344651,2
0,2600,0.85,1251,1.42,0.1255191452,2.828427125
0,2600,0.85,1251,1.44,0.1298680303,2.828427125
0,2600,0.85,1251,1.45,0.1312588048,3.464101615
0,2600,0.85,1251,1.49,0.1283139674,4
0,2600,0.85,1251,1.5,0.1332352538,2
0,2600,0.85,1251,1.51,0.132085976,2
0,2600,0.85,1251,1.52,0.1343616188,1.414213562
0,2600,0.85,1251,1.54,0.1353449592,2
0,2600,0.85,1251,1.55,0.1391627128,3.464101615
0,2600,0.85,1251,1.56,0.1307738667,4
0,2600,0.85,1251,1.57,0.1333169955,2
0,2600,0.85,1251,1.58,0.150369584,2
0,2600,0.85,1251,1.59,0.1382898554,4
0,2600,0.85,1251,1.6,0.140988548,2.828427125
0,2600,0.85,1251,1.63,0.1378397336,2.828427125
0,2600,0.85,1251,1.65,0.1462769906,2
0,2600,0.85,1251,1.66,0.1520114995,1.414213562
0,2600,0.85,1251,1.68,0.1508234864,2
0,2600,0.85,1251,1.69,0.1288107116,2
0,2600,0.85,1251,1.7,0.1480221058,3.464101615
0,2600,0.85,1251,1.71,0.137626882,4
0,2600,0.85,1251,1.72,0.144935689,2.828427125
0,2600,0.85,1251,1.73,0.1394727416,4
0,2600,0.85,1251,1.75,0.145343835,2.828427125
0,2600,0.85,1251,1.76,0.1409829239,2.828427125
0,2600,0.85,1251,1.78,0.1422603639,3.464101615
0,2600,0.85,1251,1.8,0.1530426459,2.828427125
0,2600,0.85,1251,1.81,0.1476083461,2.828427125
0,2600,0.85,1251,1.82,0.1474760785,3.464101615
0,2600,0.85,1251,1.84,0.1417044045,2.828427125
0,2600,0.85,1251,1.85,0.1492767908,4.898979486
0,2600,0.85,1251,1.92,0.1500351259,3.464101615
0,2600,0.85,1251,1.93,0.1446761952,2.828427125
0,2600,0.85,1251,1.95,0.1511958359,4
0,2600,0.85,1251,1.96,0.1568838108,3.464101615
0,2600,0.85,1251,1.98,0.147118421,2.828427125
0,2600,0.85,1251,1.99,0.1503882334,2.828427125
0,2600,0.85,1251,2,0.152165042,2
0,2600,0.85,1251,2.01,0.1555271504,2
0,2600,0.85,1251,2.03,0.1445168298,2.828427125
0,2600,0.85,1251,2.04,0.1523951116,2.828427125
0,2600,0.85,1251,2.06,0.143231551,2.828427125
0,2600,0.85,1251,2.07,0.1542548963,2.828427125
0,2600,0.85,1251,2.11,0.147924844,3.464101615
0,2600,0.85,1251,2.13,0.1505232493,2.828427125
0,2600,0.85,1251,2.14,0.1486125269,2.828427125
0,2600,0.85,1251,2.16,0.1493218179,2.828427125
0,2600,0.85,1251,2.19,0.1481598727,2.828427125
0,2600,0.85,1251,2.23,0.1432407761,2.828427125
0,2600,0.85,1251,2.24,0.1501249982,3.464101615
0,2600,0.85,1251,2.27,0.1430358984,2.828427125
0,2600,0.85,1251,2.34,0.1468196086,2.828427125
0,2600,0.85,1251,2.35,0.1489421262,2.828427125
0,2600,0.85,1251,2.39,0.1484230765,2.828427125
0,2600,0.85,1251,2.45,0.1364715041,2.828427125
0,2600,0.85,1251,2.6,0.1370053982,2.828427125
0,2600,0.9,1251,0.33,0.06925039106,1.414213562
0,2600,0.9,1251,0.38,0.06731576211,1.414213562
0,2600,0.9,1251,0.42,0.08628326833,1.414213562
0,2600,0.9,1251,0.5,0.08274334689,2
0,2600,0.9,1251,0.53,0.06794454387,2
0,2600,0.9,1251,0.56,0.08083086136,2
0,2600,0.9,1251,0.65,0.06498301005,3.16227766
0,2600,0.9,1251,0.75,0.06615922586,2.449489743
0,2600,0.9,1251,0.78,0.06388820837,2
0,2600,0.9,1251,0.82,0.07119906021,2
0,2600,0.9,1251,0.84,0.08041419391,1.414213562
0,2600,0.9,1251,0.86,0.07045752687,3.464101615
0,2600,0.9,1251,0.9,0.07204788249,2
0,2600,0.9,1251,0.92,0.07616528298,3.464101615
0,2600,0.9,1251,0.98,0.07863211908,3.16227766
0,2600,0.9,1251,1,0.07625885473,2
0,2600,0.9,1251,1.05,0.08117756591,2
0,2600,0.9,1251,1.06,0.07619507223,2
0,2600,0.9,1251,1.07,0.08225004462,2
0,2600,0.9,1251,1.08,0.08784630625,2.828427125
0,2600,0.9,1251,1.13,0.07959446891,4.69041576
0,2600,0.9,1251,1.17,0.08535581961,2.828427125
0,2600,0.9,1251,1.18,0.07214088323,2
0,2600,0.9,1251,1.21,0.08302177426,2
0,2600,0.9,1251,1.24,0.08324999339,2
0,2600,0.9,1251,1.25,0.08933649342,2.828427125
0,2600,0.9,1251,1.26,0.07945530632,1.414213562
0,2600,0.9,1251,1.29,0.08107889779,2
0,2600,0.9,1251,1.3,0.08680153577,3.464101615
0,2600,0.9,1251,1.31,0.08541864507,4.242640687
0,2600,0.9,1251,1.34,0.0821881161,2.828427125
0,2600,0.9,1251,1.35,0.08337429951,2.828427125
0,2600,0.9,1251,1.36,0.08989835067,2
0,2600,0.9,1251,1.37,0.08663073698,3.464101615
0,2600,0.9,1251,1.41,0.09338004525,2
0,2600,0.9,1251,1.42,0.09183032847,3.464101615
0,2600,0.9,1251,1.45,0.09108134859,2.828427125
0,2600,0.9,1251,1.47,0.09029982643,3.464101615
0,2600,0.9,1251,1.49,0.09585747442,2.828427125
0,2600,0.9,1251,1.5,0.09520206781,3.464101615
0,2600,0.9,1251,1.51,0.09292505766,2.449489743
0,2600,0.9,1251,1.54,0.09680636107,2
0,2600,0.9,1251,1.55,0.0920894695,4.472135955
0,2600,0.9,1251,1.57,0.09539253371,3.464101615
0,2600,0.9,1251,1.59,0.09183952075,2
0,2600,0.9,1251,1.6,0.09381442945,4.898979486
0,2600,0.9,1251,1.64,0.09775512226,3.464101615
0,2600,0.9,1251,1.68,0.09368116541,1.414213562
0,2600,0.9,1251,1.69,0.096735325,2
0,2600,0.9,1251,1.7,0.09547009485,2.828427125
0,2600,0.9,1251,1.71,0.09428842759,2
0,2600,0.9,1251,1.72,0.1005005987,4.472135955
0,2600,0.9,1251,1.73,0.1018449774,4
0,2600,0.9,1251,1.75,0.1004002964,2.828427125
0,2600,0.9,1251,1.76,0.09774498838,4
0,2600,0.9,1251,1.78,0.09365599364,2.828427125
0,2600,0.9,1251,1.8,0.1027825225,2.828427125
0,2600,0.9,1251,1.81,0.09676007062,3.464101615
0,2600,0.9,1251,1.84,0.09901334313,3.464101615
0,2600,0.9,1251,1.85,0.1006134455,4.898979486
0,2600,0.9,1251,1.87,0.1024763238,2.828427125
0,2600,0.9,1251,1.92,0.1014707147,2.828427125
0,2600,0.9,1251,1.94,0.1067651344,2
0,2600,0.9,1251,1.95,0.1003434462,4
0,2600,0.9,1251,1.96,0.09877094024,3.464101615
0,2600,0.9,1251,1.98,0.1024102155,4
0,2600,0.9,1251,1.99,0.09944966957,2.828427125
0,2600,0.9,1251,2,0.09696557232,2
0,2600,0.9,1251,2.02,0.1086003941,2
0,2600,0.9,1251,2.04,0.1013387592,2.828427125
0,2600,0.9,1251,2.05,0.101420941,2.828427125
0,2600,0.9,1251,2.07,0.1027341927,2.828427125
0,2600,0.9,1251,2.08,0.09902508689,2.828427125
0,2600,0.9,1251,2.12,0.09958651866,3.464101615
0,2600,0.9,1251,2.14,0.09829811311,2.828427125
0,2600,0.9,1251,2.16,0.09983722861,4
0,2600,0.9,1251,2.19,0.09852988073,2.828427125
0,2600,0.9,1251,2.25,0.09674213364,4.472135955
0,2600,0.9,1251,2.28,0.1001036348,2.828427125
0,2600,0.9,1251,2.35,0.09847913501,2.828427125
0,2600,0.9,1251,2.36,0.0970517161,2.828427125
0,2600,0.9,1251,2.41,0.09600555276,2.828427125
0,2600,0.9,1251,2.46,0.09479796217,2.828427125
0,2600,0.9,1251,2.61,0.09309417237,2.828427125
10,2600,0.1,1251,0.27,0.09004886267,1.414213562
10,2600,0.1,1251,0.42,0.06074222967,1.414213562
10,2600,0.1,1251,0.5,0.05673249588,2.449489743
10,2600,0.1,1251,0.55,0.06130279801,1.414213562
10,2600,0.1,1251,0.57,0.06023552857,2
10,2600,0.1,1251,0.65,0.07629730005,2
10,2600,0.1,1251,0.69,0.07385324276,2
10,2600,0.1,1251,0.71,0.06975254815,2.828427125
10,2600,0.1,1251,0.74,0.05983134835,2
10,2600,0.1,1251,0.82,0.05638309428,1.414213562
10,2600,0.1,1251,0.85,0.0785609216,3.16227766
10,2600,0.1,1251,0.89,0.06578646845,2
10,2600,0.1,1251,0.92,0.0705167981,2
10,2600,0.1,1251,0.96,0.06953836715,2
10,2600,0.1,1251,0.98,0.06724331377,2
10,2600,0.1,1251,0.99,0.07079250811,1.414213562
10,2600,0.1,1251,1.01,0.07780422977,2
10,2600,0.1,1251,1.02,0.07919707469,2.828427125
10,2600,0.1,1251,1.03,0.07356977219,2
10,2600,0.1,1251,1.05,0.08113659087,2.828427125
10,2600,0.1,1251,1.08,0.07581734401,2
10,2600,0.1,1251,1.09,0.09933148417,1.414213562
10,2600,0.1,1251,1.11,0.07136603184,2.828427125
10,2600,0.1,1251,1.12,0.0719642263,2.828427125
10,2600,0.1,1251,1.13,0.07445501009,2
10,2600,0.1,1251,1.17,0.07120294205,2
10,2600,0.1,1251,1.18,0.07267778324,2
10,2600,0.1,1251,1.2,0.07691165326,2
10,2600,0.1,1251,1.21,0.07657893132,2.828427125
10,2600,0.1,1251,1.27,0.07787063929,3.16227766
10,2600,0.1,1251,1.28,0.08125005866,2.828427125
10,2600,0.1,1251,1.29,0.08091119227,2
10,2600,0.1,1251,1.3,0.0802886223,2.828427125
10,2600,0.1,1251,1.33,0.07601222824,2.828427125
10,2600,0.1,1251,1.35,0.08756244322,2.828427125
10,2600,0.1,1251,1.36,0.08305803104,2
10,2600,0.1,1251,1.38,0.07990048147,2.828427125
10,2600,0.1,1251,1.39,0.08420123473,2.828427125
10,2600,0.1,1251,1.41,0.08304349438,2.828427125
10,2600,0.1,1251,1.47,0.0837898135,4.472135955
10,2600,0.1,1251,1.49,0.09850649668,1.414213562
10,2600,0.1,1251,1.51,0.08003237425,2.828427125
10,2600,0.1,1251,1.53,0.08790471872,2.828427125
10,2600,0.1,1251,1.54,0.08159733153,2.828427125
10,2600,0.1,1251,1.55,0.08478389451,2
10,2600,0.1,1251,1.57,0.1004245314,2.828427125
10,2600,0.1,1251,1.58,0.08389855612,2
10,2600,0.1,1251,1.59,0.08594409163,2.828427125
10,2600,0.1,1251,1.61,0.09208665173,2
10,2600,0.1,1251,1.63,0.08857566185,2.828427125
10,2600,0.1,1251,1.64,0.08271589471,2.828427125
10,2600,0.1,1251,1.67,0.08749604496,2
10,2600,0.1,1251,1.69,0.08825859433,1.414213562
10,2600,0.1,1251,1.7,0.08811168233,4.472135955
10,2600,0.1,1251,1.71,0.08664909497,2
10,2600,0.1,1251,1.72,0.08532356757,2
10,2600,0.1,1251,1.73,0.08860005951,2.828427125
10,2600,0.1,1251,1.75,0.08924490311,4
10,2600,0.1,1251,1.76,0.0908598905,2
10,2600,0.1,1251,1.78,0.09707831584,2
10,2600,0.1,1251,1.79,0.0900465001,2.828427125
10,2600,0.1,1251,1.8,0.08839518674,2.828427125
10,2600,0.1,1251,1.81,0.09358839101,2.828427125
10,2600,0.1,1251,1.84,0.09077125621,2
10,2600,0.1,1251,1.85,0.09914760975,2.828427125
10,2600,0.1,1251,1.88,0.09609214134,2
10,2600,0.1,1251,1.89,0.09493745425,2.828427125
10,2600,0.1,1251,1.9,0.1000563052,2.828427125
10,2600,0.1,1251,1.94,0.09493715418,2.828427125
10,2600,0.1,1251,1.95,0.09302039434,2.828427125
10,2600,0.1,1251,1.96,0.09272452593,2.828427125
10,2600,0.1,1251,1.97,0.09478855334,2.828427125
10,2600,0.1,1251,1.98,0.09288508178,3.16227766
10,2600,0.1,1251,2,0.09816014461,2
10,2600,0.1,1251,2.01,0.1000496032,2
10,2600,0.1,1251,2.03,0.09669931346,4.472135955
10,2600,0.1,1251,2.04,0.09735194254,2.828427125
10,2600,0.1,1251,2.05,0.09674939626,2.828427125
10,2600,0.1,1251,2.06,0.0984573101,2
10,2600,0.1,1251,2.07,0.1008610277,2.828427125
10,2600,0.1,1251,2.1,0.09797009912,2.828427125
10,2600,0.1,1251,2.12,0.0910870152,2.828427125
10,2600,0.1,1251,2.13,0.1006544028,2.828427125
10,2600,0.1,1251,2.14,0.09100920009,2
10,2600,0.1,1251,2.16,0.09573743466,2
10,2600,0.1,1251,2.17,0.0987999344,2.828427125
10,2600,0.1,1251,2.19,0.098175415,2.828427125
10,2600,0.1,1251,2.22,0.0978026167,2.828427125
10,2600,0.1,1251,2.24,0.09989911834,4
10,2600,0.1,1251,2.25,0.1065278955,2
10,2600,0.1,1251,2.26,0.09795563114,2
10,2600,0.1,1251,2.27,0.09887211148,2.828427125
10,2600,0.1,1251,2.3,0.09838169711,2.828427125
10,2600,0.1,1251,2.31,0.1007280242,2.828427125
10,2600,0.1,1251,2.32,0.1030824094,2.828427125
10,2600,0.1,1251,2.35,0.1026505762,2
10,2600,0.1,1251,2.37,0.1026009371,2.828427125
10,2600,0.1,1251,2.4,0.1061886083,2.828427125
10,2600,0.1,1251,2.42,0.1012245944,4
10,2600,0.1,1251,2.49,0.1058362442,2.828427125
10,2600,0.1,1251,2.5,0.1021644097,2.828427125
10,2600,0.1,1251,2.59,0.1053828202,2.828427125
10,2600,0.1,1251,2.61,0.1017150633,2
10,2600,0.1,1251,2.62,0.1052708757,2.828427125
10,2600,0.1,1251,2.66,0.1083129513,2.828427125
10,2600,0.1,1251,2.73,0.1040890867,2.828427125
10,2600,0.1,1251,2.83,0.101428815,2.828427125
10,2600,0.2,1251,0.51,0.08099355787,2
10,2600,0.2,1251,0.53,0.06428821316,1.414213562
10,2600,0.2,1251,0.72,0.07999076972,2
10,2600,0.2,1251,0.73,0.08230981386,2
10,2600,0.2,1251,0.74,0.1117913476,2
10,2600,0.2,1251,0.9,0.1030788067,2.828427125
10,2600,0.2,1251,1.01,0.1006509919,1.414213562
10,2600,0.2,1251,1.03,0.1223596836,1.414213562
10,2600,0.2,1251,1.06,0.1045091626,1.414213562
10,2600,0.2,1251,1.14,0.1132616974,2.828427125
10,2600,0.2,1251,1.15,0.1095098963,2
10,2600,0.2,1251,1.16,0.1191127107,2
10,2600,0.2,1251,1.17,0.1198130181,2
10,2600,0.2,1251,1.18,0.1099107591,2
10,2600,0.2,1251,1.25,0.1172603668,2.828427125
10,2600,0.2,1251,1.26,0.1180823537,2.828427125
10,2600,0.2,1251,1.28,0.1205735619,2.828427125
10,2600,0.2,1251,1.44,0.1338742491,2
10,2600,0.2,1251,1.47,0.1312757331,2
10,2600,0.2,1251,1.48,0.1419088526,2
10,2600,0.2,1251,1.52,0.1314341769,1.414213562
10,2600,0.2,1251,1.54,0.15143518,3.16227766
10,2600,0.2,1251,1.55,0.1510659361,2.828427125
10,2600,0.2,1251,1.56,0.1428702768,2.828427125
10,2600,0.2,1251,1.59,0.1538194425,1.414213562
10,2600,0.2,1251,1.6,0.1600091399,2
10,2600,0.2,1251,1.61,0.1539969963,2
10,2600,0.2,1251,1.62,0.149464209,2
10,2600,0.2,1251,1.63,0.1350615795,2
10,2600,0.2,1251,1.67,0.1549971298,2.828427125
10,2600,0.2,1251,1.69,0.1566494758,2.828427125
10,2600,0.2,1251,1.71,0.1462379077,2.828427125
10,2600,0.2,1251,1.75,0.1665425473,2.828427125
10,2600,0.2,1251,1.79,0.1686959784,2.828427125
10,2600,0.2,1251,1.83,0.1744471045,2
10,2600,0.2,1251,1.84,0.1702021418,2
10,2600,0.2,1251,1.85,0.1741503162,2
10,2600,0.2,1251,1.87,0.1652684444,2
10,2600,0.2,1251,1.88,0.1698995863,2
10,2600,0.2,1251,1.89,0.1608685048,2
10,2600,0.2,1251,1.91,0.180556547,2.828427125
10,2600,0.2,1251,1.92,0.1806297242,4
10,2600,0.2,1251,1.94,0.1749834225,2.828427125
10,2600,0.2,1251,1.95,0.178252946,2.828427125
10,2600,0.2,1251,1.96,0.1688440005,2.828427125
10,2600,0.2,1251,2.02,0.1814295391,1.414213562
10,2600,0.2,1251,2.06,0.1963807326,1.414213562
10,2600,0.2,1251,2.09,0.1903484337,2.828427125
10,2600,0.2,1251,2.12,0.1954834045,4.242640687
10,2600,0.2,1251,2.13,0.1858239168,2.828427125
10,2600,0.2,1251,2.15,0.187531255,2.828427125
10,2600,0.2,1251,2.16,0.1993886619,3.464101615
10,2600,0.2,1251,2.18,0.1866428118,4
10,2600,0.2,1251,2.2,0.2004021358,2
10,2600,0.2,1251,2.21,0.1936201816,2
10,2600,0.2,1251,2.23,0.1895510887,2.828427125
10,2600,0.2,1251,2.24,0.1889569782,2.828427125
10,2600,0.2,1251,2.26,0.206431401,2.828427125
10,2600,0.2,1251,2.27,0.1978186267,3.464101615
10,2600,0.2,1251,2.29,0.2012050757,2.828427125
10,2600,0.2,1251,2.31,0.1934190888,2
10,2600,0.2,1251,2.33,0.2066618549,2.828427125
10,2600,0.2,1251,2.34,0.199428535,2.828427125
10,2600,0.2,1251,2.35,0.2095659433,3.464101615
10,2600,0.2,1251,2.36,0.2031208167,2
10,2600,0.2,1251,2.37,0.2110877124,2.828427125
10,2600,0.2,1251,2.4,0.2025177186,2.828427125
10,2600,0.2,1251,2.41,0.2000051877,4
10,2600,0.2,1251,2.43,0.2064620044,2.828427125
10,2600,0.2,1251,2.44,0.2058593351,2.828427125
10,2600,0.2,1251,2.51,0.2072699208,2.828427125
10,2600,0.2,1251,2.53,0.2162522997,2.828427125
10,2600,0.2,1251,2.55,0.2041659773,2
10,2600,0.2,1251,2.56,0.2094970831,3.464101615
10,2600,0.2,1251,2.57,0.2107044042,2
10,2600,0.2,1251,2.6,0.2076742755,3.464101615
10,2600,0.2,1251,2.61,0.2148523047,3.464101615
10,2600,0.2,1251,2.62,0.2080999483,2
10,2600,0.2,1251,2.63,0.2107346032,2.828427125
10,2600,0.2,1251,2.65,0.2048853369,2.828427125
10,2600,0.2,1251,2.66,0.2134583576,2.828427125
10,2600,0.2,1251,2.67,0.2059687275,2.828427125
10,2600,0.2,1251,2.69,0.2147654068,2.828427125
10,2600,0.2,1251,2.76,0.2138078958,2.828427125
10,2600,0.2,1251,2.77,0.2036954841,4
10,2600,0.2,1251,2.79,0.2172314428,2.828427125
10,2600,0.2,1251,2.8,0.1992029698,2.828427125
10,2600,0.2,1251,2.81,0.2008459144,2.828427125
10,2600,0.2,1251,2.89,0.2091373003,2
10,2600,0.2,1251,2.93,0.1876925982,3.464101615
10,2600,0.2,1251,2.95,0.1802237191,2
10,2600,0.2,1251,2.98,0.1742146988,2.828427125
10,2600,0.2,1251,3,0.1639287995,4
10,2600,0.2,1251,3.01,0.1594516719,2.828427125
10,2600,0.2,1251,3.03,0.1543321904,2.828427125
10,2600,0.2,1251,3.07,0.14780052,2.828427125
10,2600,0.2,1251,3.11,0.1444384833,2.828427125
10,2600,0.2,1251,3.12,0.1441981756,2.828427125
10,2600,0.2,1251,3.29,0.1222572136,2.828427125
10,2600,0.2,1251,3.31,0.120761221,2.828427125
10,2600,0.2,1251,3.32,0.1217706726,2.828427125
10,2600,0.2,1251,3.58,0.1218035561,2.828427125
10,2600,0.3,1251,0.33,0.07166561108,1.414213562
10,2600,0.3,1251,0.4,0.09774170394,1.414213562
10,2600,0.3,1251,0.49,0.09559538269,1.414213562
10,2600,0.3,1251,0.52,0.08189560659,2
10,2600,0.3,1251,0.59,0.08352146258,2
10,2600,0.3,1251,0.63,0.08629502356,2
10,2600,0.3,1251,0.67,0.09282386564,1.414213562
10,2600,0.3,1251,0.72,0.09327019826,2.828427125
10,2600,0.3,1251,0.78,0.09484222686,2
10,2600,0.3,1251,0.81,0.09910730725,1.414213562
10,2600,0.3,1251,0.83,0.09309113038,2
10,2600,0.3,1251,0.87,0.09261529786,2
10,2600,0.3,1251,0.92,0.1022905059,2.828427125
10,2600,0.3,1251,0.94,0.1107664389,2
10,2600,0.3,1251,0.97,0.1219731672,1.414213562
10,2600,0.3,1251,1,0.1058023166,3.16227766
10,2600,0.3,1251,1.03,0.1188144831,2
10,2600,0.3,1251,1.05,0.1155105463,2.828427125
10,2600,0.3,1251,1.08,0.1111507681,2
10,2600,0.3,1251,1.11,0.1181951924,3.464101615
10,2600,0.3,1251,1.16,0.1211265437,2.828427125
10,2600,0.3,1251,1.18,0.1302528937,2
10,2600,0.3,1251,1.19,0.125257313,2.828427125
10,2600,0.3,1251,1.21,0.1240656504,1.414213562
10,2600,0.3,1251,1.25,0.1395074064,2.828427125
10,2600,0.3,1251,1.26,0.1435146828,2.828427125
10,2600,0.3,1251,1.29,0.141053097,2
10,2600,0.3,1251,1.3,0.1603661081,2
10,2600,0.3,1251,1.31,0.1362912573,2.828427125
10,2600,0.3,1251,1.34,0.1291870688,1.414213562
10,2600,0.3,1251,1.35,0.1457328066,2.828427125
10,2600,0.3,1251,1.38,0.1632644095,3.464101615
10,2600,0.3,1251,1.4,0.1668598703,2.828427125
10,2600,0.3,1251,1.42,0.1664008503,2
10,2600,0.3,1251,1.43,0.1594727466,2.828427125
10,2600,0.3,1251,1.45,0.1646992929,2.828427125
10,2600,0.3,1251,1.46,0.167166875,1.414213562
10,2600,0.3,1251,1.47,0.1625257648,2.828427125
10,2600,0.3,1251,1.48,0.1644174878,2.828427125
10,2600,0.3,1251,1.5,0.173915458,2
10,2600,0.3,1251,1.52,0.1764072693,2
10,2600,0.3,1251,1.55,0.1830384377,3.464101615
10,2600,0.3,1251,1.56,0.1868801768,2
10,2600,0.3,1251,1.57,0.1765441167,2
10,2600,0.3,1251,1.59,0.1830740884,2.828427125
10,2600,0.3,1251,1.61,0.1856209822,3.741657387
10,2600,0.3,1251,1.64,0.2009873173,4
10,2600,0.3,1251,1.65,0.1931332068,2.828427125
10,2600,0.3,1251,1.66,0.193992726,2.828427125
10,2600,0.3,1251,1.67,0.2027448738,2
10,2600,0.3,1251,1.69,0.2099473752,3.464101615
10,2600,0.3,1251,1.7,0.2139091992,4
10,2600,0.3,1251,1.72,0.2209505312,2.828427125
10,2600,0.3,1251,1.75,0.2249427856,2
10,2600,0.3,1251,1.77,0.2330716722,2
10,2600,0.3,1251,1.8,0.2121960035,3.464101615
10,2600,0.3,1251,1.81,0.2304066089,2.828427125
10,2600,0.3,1251,1.82,0.2353328059,2.828427125
10,2600,0.3,1251,1.84,0.2268275761,2.828427125
10,2600,0.3,1251,1.85,0.240358272,2.828427125
10,2600,0.3,1251,1.87,0.2382131625,2.828427125
10,2600,0.3,1251,1.88,0.2596237908,2
10,2600,0.3,1251,1.9,0.2321670282,2.828427125
10,2600,0.3,1251,1.91,0.2441613658,2.828427125
10,2600,0.3,1251,1.93,0.2376397369,2.828427125
10,2600,0.3,1251,1.95,0.2570535922,3.16227766
10,2600,0.3,1251,1.96,0.2552643755,2.828427125
10,2600,0.3,1251,1.98,0.247555532,2.828427125
10,2600,0.3,1251,1.99,0.2383112498,2
10,2600,0.3,1251,2,0.2453930766,2.828427125
10,2600,0.3,1251,2.01,0.2533840463,2.828427125
10,2600,0.3,1251,2.02,0.2601956838,4
10,2600,0.3,1251,2.05,0.2635101843,2.828427125
10,2600,0.3,1251,2.06,0.2705651545,2
10,2600,0.3,1251,2.09,0.2524732605,2
10,2600,0.3,1251,2.1,0.262915678,2.828427125
10,2600,0.3,1251,2.11,0.2670861895,2
10,2600,0.3,1251,2.13,0.2731284091,2.828427125
10,2600,0.3,1251,2.14,0.2748945647,4
10,2600,0.3,1251,2.15,0.2777208057,4
10,2600,0.3,1251,2.18,0.278184218,2
10,2600,0.3,1251,2.19,0.2913379709,2
10,2600,0.3,1251,2.2,0.2844085121,2.828427125
10,2600,0.3,1251,2.21,0.2778670917,2.828427125
10,2600,0.3,1251,2.23,0.2805263001,2.828427125
10,2600,0.3,1251,2.28,0.2938513736,2.828427125
10,2600,0.3,1251,2.29,0.2784115599,2
10,2600,0.3,1251,2.31,0.2748337377,2.828427125
10,2600,0.3,1251,2.32,0.2880438462,4
10,2600,0.3,1251,2.33,0.2866267984,2.828427125
10,2600,0.3,1251,2.36,0.2780844861,2
10,2600,0.3,1251,2.39,0.2909355157,2.828427125
10,2600,0.3,1251,2.4,0.2943625391,4
10,2600,0.3,1251,2.5,0.288905919,4
10,2600,0.3,1251,2.53,0.2862906094,2
10,2600,0.3,1251,2.55,0.2922903945,4
10,2600,0.3,1251,2.62,0.2967114364,2.828427125
10,2600,0.3,1251,2.65,0.2941617586,2.828427125
10,2600,0.3,1251,2.72,0.2869649303,2.828427125
10,2600,0.3,1251,2.86,0.2701202909,2.828427125
10,2600,0.4,1251,0.36,0.08257936484,1.414213562
10,2600,0.4,1251,0.39,0.06674239992,1.414213562
10,2600,0.4,1251,0.51,0.05823915717,1.414213562
10,2600,0.4,1251,0.53,0.07388020962,2
10,2600,0.4,1251,0.62,0.08598463835,2
10,2600,0.4,1251,0.64,0.08199426351,2
10,2600,0.4,1251,0.71,0.08924872513,1.414213562
10,2600,0.4,1251,0.73,0.08777451206,2.828427125
10,2600,0.4,1251,0.78,0.08363442954,1.414213562
10,2600,0.4,1251,0.81,0.08758596684,2
10,2600,0.4,1251,0.86,0.09423144996,2
10,2600,0.4,1251,0.87,0.1079648407,2
10,2600,0.4,1251,0.93,0.09746287934,2
10,2600,0.4,1251,0.96,0.1044997684,2.828427125
10,2600,0.4,1251,0.99,0.1083608929,2.828427125
10,2600,0.4,1251,1.01,0.1033096369,1.414213562
10,2600,0.4,1251,1.06,0.1091895588,2
10,2600,0.4,1251,1.07,0.1196988715,2.449489743
10,2600,0.4,1251,1.08,0.1214120621,2
10,2600,0.4,1251,1.14,0.121179151,3.464101615
10,2600,0.4,1251,1.17,0.1286615699,3.16227766
10,2600,0.4,1251,1.18,0.1253046507,2
10,2600,0.4,1251,1.22,0.1132655659,2
10,2600,0.4,1251,1.24,0.1304042535,2
10,2600,0.4,1251,1.25,0.1447987716,2.828427125
10,2600,0.4,1251,1.27,0.1347931384,2
10,2600,0.4,1251,1.28,0.148932838,2
10,2600,0.4,1251,1.3,0.1420848403,2.828427125
10,2600,0.4,1251,1.32,0.1568362197,3.464101615
10,2600,0.4,1251,1.33,0.1489448227,2.828427125
10,2600,0.4,1251,1.37,0.1593286242,2
10,2600,0.4,1251,1.42,0.1676580651,2.828427125
10,2600,0.4,1251,1.43,0.1542325929,1.414213562
10,2600,0.4,1251,1.46,0.1801007258,4
10,2600,0.4,1251,1.47,0.1908085793,2
10,2600,0.4,1251,1.48,0.1751565756,2
10,2600,0.4,1251,1.51,0.2002989266,2
10,2600,0.4,1251,1.52,0.1907729766,3.16227766
10,2600,0.4,1251,1.55,0.19972178,2
10,2600,0.4,1251,1.56,0.2026571161,3.741657387
10,2600,0.4,1251,1.57,0.2154623,2
10,2600,0.4,1251,1.58,0.2138414231,2
10,2600,0.4,1251,1.59,0.2151288323,2.828427125
10,2600,0.4,1251,1.6,0.1993010828,2
10,2600,0.4,1251,1.61,0.227373235,2.828427125
10,2600,0.4,1251,1.62,0.2324011395,2
10,2600,0.4,1251,1.64,0.2374740154,2
10,2600,0.4,1251,1.66,0.2387859178,2.828427125
10,2600,0.4,1251,1.67,0.2303459543,2.828427125
10,2600,0.4,1251,1.68,0.2285781702,3.464101615
10,2600,0.4,1251,1.7,0.2366171497,4
10,2600,0.4,1251,1.71,0.2301928342,2.828427125
10,2600,0.4,1251,1.72,0.2495919749,2.828427125
10,2600,0.4,1251,1.74,0.2654511095,2.828427125
10,2600,0.4,1251,1.75,0.2444468251,2
10,2600,0.4,1251,1.79,0.2599507299,4
10,2600,0.4,1251,1.84,0.2716747276,2
10,2600,0.4,1251,1.85,0.2728918333,2.828427125
10,2600,0.4,1251,1.86,0.259783767,2.828427125
10,2600,0.4,1251,1.88,0.2908440936,2.828427125
10,2600,0.4,1251,1.89,0.2908235909,3.464101615
10,2600,0.4,1251,1.9,0.2695299313,2.828427125
10,2600,0.4,1251,1.91,0.292761553,4.472135955
10,2600,0.4,1251,1.95,0.2938387857,2.828427125
10,2600,0.4,1251,1.96,0.2960593842,2.828427125
10,2600,0.4,1251,1.99,0.3031564542,2.828427125
10,2600,0.4,1251,2.01,0.3146273518,2.828427125
10,2600,0.4,1251,2.02,0.2787929634,1.414213562
10,2600,0.4,1251,2.04,0.3309728166,2.828427125
10,2600,0.4,1251,2.05,0.3323091396,2
10,2600,0.4,1251,2.06,0.3153186334,2
10,2600,0.4,1251,2.08,0.3355876878,2
10,2600,0.4,1251,2.09,0.3396768063,2.828427125
10,2600,0.4,1251,2.1,0.3130742964,2.828427125
10,2600,0.4,1251,2.11,0.3296433761,2
10,2600,0.4,1251,2.12,0.3366768291,2.828427125
10,2600,0.4,1251,2.14,0.3419729194,3.464101615
10,2600,0.4,1251,2.17,0.3438151132,4
10,2600,0.4,1251,2.18,0.3329029736,2.828427125
10,2600,0.4,1251,2.19,0.3610267497,2.828427125
10,2600,0.4,1251,2.2,0.344838432,4
10,2600,0.4,1251,2.22,0.3432566664,2.828427125
10,2600,0.4,1251,2.28,0.3593273032,2.828427125
10,2600,0.4,1251,2.29,0.3568589554,3.464101615
10,2600,0.4,1251,2.32,0.3631111755,2.828427125
10,2600,0.4,1251,2.34,0.3480223825,3.464101615
10,2600,0.4,1251,2.36,0.3570366965,2.828427125
10,2600,0.4,1251,2.39,0.3722303082,2.828427125
10,2600,0.4,1251,2.42,0.3482668143,4
10,2600,0.4,1251,2.44,0.3549796231,2.828427125
10,2600,0.4,1251,2.47,0.3601356754,2
10,2600,0.4,1251,2.51,0.3471799441,2.828427125
10,2600,0.4,1251,2.55,0.3487370205,2
10,2600,0.4,1251,2.57,0.3458748608,2.828427125
10,2600,0.4,1251,2.58,0.3404626113,2.828427125
10,2600,0.4,1251,2.59,0.3388132724,2.828427125
10,2600,0.4,1251,2.6,0.3393351725,2.828427125
10,2600,0.4,1251,2.65,0.3489065709,2.828427125
10,2600,0.4,1251,2.74,0.3192758265,2.828427125
10,2600,0.4,1251,2.77,0.3084646709,2.828427125
10,2600,0.4,1251,2.92,0.27772667,2.828427125
10,2600,0.5,1251,0.37,0.06818404163,1.414213562
10,2600,0.5,1251,0.42,0.06361448064,1.414213562
10,2600,0.5,1251,0.44,0.06051728496,1.414213562
10,2600,0.5,1251,0.56,0.09018799809,2
10,2600,0.5,1251,0.57,0.07328894336,2
10,2600,0.5,1251,0.6,0.07106421861,2
10,2600,0.5,1251,0.71,0.0825493993,2.828427125
10,2600,0.5,1251,0.74,0.0776638039,1.414213562
10,2600,0.5,1251,0.84,0.09667186703,1.414213562
10,2600,0.5,1251,0.85,0.08985103022,2.828427125
10,2600,0.5,1251,0.87,0.08831094672,1.414213562
10,2600,0.5,1251,0.92,0.09547812321,2
10,2600,0.5,1251,0.95,0.1017868446,4
10,2600,0.5,1251,0.97,0.1042052951,2
10,2600,0.5,1251,1.01,0.1098160084,2.828427125
10,2600,0.5,1251,1.03,0.106870747,2.828427125
10,2600,0.5,1251,1.1,0.1183146526,1.414213562
10,2600,0.5,1251,1.12,0.1200059537,2
10,2600,0.5,1251,1.14,0.1256040818,2
10,2600,0.5,1251,1.18,0.1291812925,2
10,2600,0.5,1251,1.19,0.1301741076,2
10,2600,0.5,1251,1.2,0.1285790939,2.828427125
10,2600,0.5,1251,1.21,0.1341544578,3.464101615
10,2600,0.5,1251,1.26,0.1433089437,4.242640687
10,2600,0.5,1251,1.31,0.1543562224,2.449489743
10,2600,0.5,1251,1.33,0.1482412182,2
10,2600,0.5,1251,1.36,0.1493980526,2
10,2600,0.5,1251,1.37,0.1585786037,2
10,2600,0.5,1251,1.38,0.1648945371,2.828427125
10,2600,0.5,1251,1.39,0.1669609514,2
10,2600,0.5,1251,1.41,0.1606987736,2
10,2600,0.5,1251,1.42,0.1725587593,4
10,2600,0.5,1251,1.45,0.1898653198,2.828427125
10,2600,0.5,1251,1.46,0.1865674018,2
10,2600,0.5,1251,1.47,0.1880570876,3.16227766
10,2600,0.5,1251,1.5,0.1876718108,2
10,2600,0.5,1251,1.52,0.1885647122,2.828427125
10,2600,0.5,1251,1.53,0.2035050936,3.464101615
10,2600,0.5,1251,1.55,0.2120087239,2
10,2600,0.5,1251,1.56,0.2117020118,2.828427125
10,2600,0.5,1251,1.57,0.2189176091,2.828427125
10,2600,0.5,1251,1.59,0.20181662,2.828427125
10,2600,0.5,1251,1.6,0.2188566216,2.828427125
10,2600,0.5,1251,1.64,0.234688195,2.828427125
10,2600,0.5,1251,1.67,0.2588854341,2
10,2600,0.5,1251,1.68,0.2397051875,1.414213562
10,2600,0.5,1251,1.69,0.2517870004,2
10,2600,0.5,1251,1.7,0.2490908331,2.828427125
10,2600,0.5,1251,1.71,0.2431707953,2.828427125
10,2600,0.5,1251,1.72,0.2574992614,3.464101615
10,2600,0.5,1251,1.73,0.2784340674,3.464101615
10,2600,0.5,1251,1.74,0.2805583292,1.414213562
10,2600,0.5,1251,1.75,0.2615771478,2.828427125
10,2600,0.5,1251,1.76,0.2854290573,4
10,2600,0.5,1251,1.77,0.2802215341,2.828427125
10,2600,0.5,1251,1.78,0.2934725653,2
10,2600,0.5,1251,1.79,0.2729118194,2
10,2600,0.5,1251,1.81,0.2837030846,2
10,2600,0.5,1251,1.83,0.2942100107,3.464101615
10,2600,0.5,1251,1.85,0.2849235135,2.828427125
10,2600,0.5,1251,1.88,0.2811593412,2.828427125
10,2600,0.5,1251,1.89,0.3088304358,4
10,2600,0.5,1251,1.9,0.3199917113,4
10,2600,0.5,1251,1.93,0.3224887508,3.464101615
10,2600,0.5,1251,1.94,0.3447650244,3.464101615
10,2600,0.5,1251,1.96,0.3340930346,2.828427125
10,2600,0.5,1251,1.97,0.3336638175,3.464101615
10,2600,0.5,1251,1.98,0.3499185234,2.828427125
10,2600,0.5,1251,2.01,0.3322973074,3.464101615
10,2600,0.5,1251,2.03,0.3394762119,2.828427125
10,2600,0.5,1251,2.06,0.3582258314,3.464101615
10,2600,0.5,1251,2.07,0.3451453308,2.828427125
10,2600,0.5,1251,2.1,0.3514596534,2.828427125
10,2600,0.5,1251,2.12,0.3693290598,4
10,2600,0.5,1251,2.13,0.3536936349,2
10,2600,0.5,1251,2.14,0.3779801767,2.828427125
10,2600,0.5,1251,2.15,0.3832053706,2
10,2600,0.5,1251,2.16,0.3715940513,2.828427125
10,2600,0.5,1251,2.18,0.3773882967,2.828427125
10,2600,0.5,1251,2.19,0.3698410154,2.828427125
10,2600,0.5,1251,2.23,0.3788163653,3.464101615
10,2600,0.5,1251,2.25,0.3718837759,2.828427125
10,2600,0.5,1251,2.27,0.387033119,4
10,2600,0.5,1251,2.28,0.3527615498,2
10,2600,0.5,1251,2.32,0.3619764058,2.828427125
10,2600,0.5,1251,2.34,0.3660990273,2.828427125
10,2600,0.5,1251,2.4,0.3746958302,4
10,2600,0.5,1251,2.42,0.3708005089,3.464101615
10,2600,0.5,1251,2.43,0.3927996829,2.828427125
10,2600,0.5,1251,2.45,0.3819895693,2.828427125
10,2600,0.5,1251,2.53,0.3569078513,2.828427125
10,2600,0.5,1251,2.59,0.3337598414,2.828427125
10,2600,0.5,1251,2.6,0.3379118972,2.828427125
10,2600,0.5,1251,2.66,0.3519479509,2.828427125
10,2600,0.5,1251,2.83,0.2962472878,2.828427125
10,2600,0.6,1251,0.37,0.06892830295,1.414213562
10,2600,0.6,1251,0.43,0.08115440926,1.414213562
10,2600,0.6,1251,0.45,0.05525457157,1.414213562
10,2600,0.6,1251,0.57,0.08390419529,2
10,2600,0.6,1251,0.58,0.0815309256,2
10,2600,0.6,1251,0.62,0.07710072952,2
10,2600,0.6,1251,0.72,0.08449317517,2.828427125
10,2600,0.6,1251,0.74,0.09089072641,1.414213562
10,2600,0.6,1251,0.85,0.08386620436,1.414213562
10,2600,0.6,1251,0.86,0.1023929885,2
10,2600,0.6,1251,0.87,0.1010900105,2
10,2600,0.6,1251,0.89,0.1026176122,1.414213562
10,2600,0.6,1251,0.93,0.1018329789,2
10,2600,0.6,1251,0.96,0.1004865604,2
10,2600,0.6,1251,0.97,0.1018683734,3.464101615
10,2600,0.6,1251,0.99,0.1128696728,2
10,2600,0.6,1251,1.03,0.1075614305,2.828427125
10,2600,0.6,1251,1.06,0.1112223288,2.828427125
10,2600,0.6,1251,1.11,0.1249410031,1.414213562
10,2600,0.6,1251,1.13,0.1248086394,2
10,2600,0.6,1251,1.16,0.1302962,2
10,2600,0.6,1251,1.19,0.1299120608,2
10,2600,0.6,1251,1.2,0.1290384238,2
10,2600,0.6,1251,1.22,0.1323409434,2.828427125
10,2600,0.6,1251,1.24,0.1302536789,3.464101615
10,2600,0.6,1251,1.27,0.1440655148,2.828427125
10,2600,0.6,1251,1.28,0.143439551,1.414213562
10,2600,0.6,1251,1.29,0.1447582393,2.828427125
10,2600,0.6,1251,1.34,0.1417447202,2.449489743
10,2600,0.6,1251,1.36,0.1495368845,2
10,2600,0.6,1251,1.39,0.1535528738,2
10,2600,0.6,1251,1.4,0.1672961941,2
10,2600,0.6,1251,1.41,0.1721387144,3.464101615
10,2600,0.6,1251,1.43,0.1751382512,2
10,2600,0.6,1251,1.44,0.1859668423,2.828427125
10,2600,0.6,1251,1.46,0.1732234255,2.828427125
10,2600,0.6,1251,1.47,0.1826206458,2.828427125
10,2600,0.6,1251,1.48,0.1918115096,2
10,2600,0.6,1251,1.49,0.194399433,3.16227766
10,2600,0.6,1251,1.53,0.2136806361,2
10,2600,0.6,1251,1.55,0.2050171717,4
10,2600,0.6,1251,1.56,0.2166182572,2
10,2600,0.6,1251,1.59,0.2247584806,3.464101615
10,2600,0.6,1251,1.61,0.2214116325,4
10,2600,0.6,1251,1.63,0.2265515175,2.828427125
10,2600,0.6,1251,1.66,0.2290321638,2.828427125
10,2600,0.6,1251,1.7,0.2418101447,2
10,2600,0.6,1251,1.71,0.2438569689,2.449489743
10,2600,0.6,1251,1.73,0.2518526432,3.464101615
10,2600,0.6,1251,1.74,0.2577220488,2
10,2600,0.6,1251,1.75,0.2433618204,2
10,2600,0.6,1251,1.76,0.2738283513,4
10,2600,0.6,1251,1.77,0.2744659671,3.464101615
10,2600,0.6,1251,1.79,0.2802350702,3.16227766
10,2600,0.6,1251,1.8,0.2798712848,2.828427125
10,2600,0.6,1251,1.81,0.2749187201,2.828427125
10,2600,0.6,1251,1.83,0.2862216821,2
10,2600,0.6,1251,1.84,0.2964831106,2
10,2600,0.6,1251,1.86,0.3007049819,2.828427125
10,2600,0.6,1251,1.88,0.2873121298,2.828427125
10,2600,0.6,1251,1.89,0.3110066574,2.828427125
10,2600,0.6,1251,1.92,0.3178998654,4
10,2600,0.6,1251,1.93,0.3197698111,3.464101615
10,2600,0.6,1251,1.94,0.3216183545,3.464101615
10,2600,0.6,1251,1.96,0.3266794604,3.464101615
10,2600,0.6,1251,1.98,0.3204662065,3.464101615
10,2600,0.6,1251,2,0.3259815812,3.464101615
10,2600,0.6,1251,2.01,0.3518816089,2.828427125
10,2600,0.6,1251,2.02,0.3182617242,2.828427125
10,2600,0.6,1251,2.04,0.3311858139,2
10,2600,0.6,1251,2.05,0.3630905626,2.828427125
10,2600,0.6,1251,2.07,0.357187352,2.828427125
10,2600,0.6,1251,2.09,0.3376808093,2.828427125
10,2600,0.6,1251,2.11,0.3549686866,2
10,2600,0.6,1251,2.12,0.3660770089,2.828427125
10,2600,0.6,1251,2.15,0.3549221863,2.828427125
10,2600,0.6,1251,2.16,0.3602050559,4
10,2600,0.6,1251,2.17,0.3504679835,2
10,2600,0.6,1251,2.18,0.3647633939,2.828427125
10,2600,0.6,1251,2.2,0.3493841963,3.464101615
10,2600,0.6,1251,2.23,0.3704151248,4
10,2600,0.6,1251,2.26,0.3545336782,2
10,2600,0.6,1251,2.27,0.3512878969,2.828427125
10,2600,0.6,1251,2.3,0.3519466615,2.828427125
10,2600,0.6,1251,2.31,0.3420114242,2.828427125
10,2600,0.6,1251,2.32,0.3585036068,3.464101615
10,2600,0.6,1251,2.36,0.3614683678,2.828427125
10,2600,0.6,1251,2.38,0.3678098617,2.828427125
10,2600,0.6,1251,2.43,0.3444961776,2.828427125
10,2600,0.6,1251,2.44,0.3426668825,2.828427125
10,2600,0.6,1251,2.47,0.3490144045,3.464101615
10,2600,0.6,1251,2.48,0.3343621567,2.828427125
10,2600,0.6,1251,2.5,0.3295866584,2.828427125
10,2600,0.6,1251,2.58,0.3182010856,2.828427125
10,2600,0.6,1251,2.63,0.3144108164,2.828427125
10,2600,0.6,1251,2.65,0.3102694378,2.828427125
10,2600,0.6,1251,2.71,0.3041289106,2.828427125
10,2600,0.6,1251,2.89,0.266822089,2.828427125
10,2600,0.7,1251,0.41,0.07625809699,1.414213562
10,2600,0.7,1251,0.43,0.08615259345,2
10,2600,0.7,1251,0.59,0.08238406289,2.828427125
10,2600,0.7,1251,0.6,0.08754435646,2
10,2600,0.7,1251,0.73,0.08607215698,2.828427125
10,2600,0.7,1251,0.81,0.08011612797,1.414213562
10,2600,0.7,1251,0.85,0.08900493777,1.414213562
10,2600,0.7,1251,0.86,0.09524179585,1.414213562
10,2600,0.7,1251,0.92,0.1034797392,2.828427125
10,2600,0.7,1251,0.94,0.0951781005,2
10,2600,0.7,1251,0.95,0.1055960101,2.828427125
10,2600,0.7,1251,0.96,0.09018197343,2
10,2600,0.7,1251,1.01,0.1039927801,2.828427125
10,2600,0.7,1251,1.04,0.1109711773,4
10,2600,0.7,1251,1.18,0.1260183436,2.828427125
10,2600,0.7,1251,1.21,0.1221822979,2
10,2600,0.7,1251,1.22,0.1388046142,1.414213562
10,2600,0.7,1251,1.25,0.1349940167,2.828427125
10,2600,0.7,1251,1.26,0.1335798584,2.828427125
10,2600,0.7,1251,1.28,0.1368486843,3.16227766
10,2600,0.7,1251,1.29,0.1479409734,3.16227766
10,2600,0.7,1251,1.34,0.1461071485,2
10,2600,0.7,1251,1.35,0.1527763424,2.828427125
10,2600,0.7,1251,1.36,0.1420805439,3.464101615
10,2600,0.7,1251,1.41,0.1552721582,2.828427125
10,2600,0.7,1251,1.42,0.1554496297,2.828427125
10,2600,0.7,1251,1.46,0.1743642624,2.828427125
10,2600,0.7,1251,1.49,0.1822252544,2.828427125
10,2600,0.7,1251,1.51,0.1768375288,2
10,2600,0.7,1251,1.52,0.199428196,2
10,2600,0.7,1251,1.54,0.1898801651,2.828427125
10,2600,0.7,1251,1.55,0.1876376386,4
10,2600,0.7,1251,1.57,0.1928370276,2.828427125
10,2600,0.7,1251,1.58,0.1858506153,2.828427125
10,2600,0.7,1251,1.59,0.1905414397,2.828427125
10,2600,0.7,1251,1.6,0.2001112746,2.828427125
10,2600,0.7,1251,1.63,0.1926890145,1.414213562
10,2600,0.7,1251,1.68,0.2263239011,2.828427125
10,2600,0.7,1251,1.7,0.2165445016,1.414213562
10,2600,0.7,1251,1.72,0.2272110648,3.16227766
10,2600,0.7,1251,1.73,0.2261500013,2.828427125
10,2600,0.7,1251,1.74,0.2360967672,2.828427125
10,2600,0.7,1251,1.75,0.2313114002,4
10,2600,0.7,1251,1.76,0.2380015866,2
10,2600,0.7,1251,1.77,0.2466026678,3.464101615
10,2600,0.7,1251,1.8,0.2414920735,2.828427125
10,2600,0.7,1251,1.81,0.262916644,2
10,2600,0.7,1251,1.82,0.2553177616,4.898979486
10,2600,0.7,1251,1.84,0.2573394682,2.828427125
10,2600,0.7,1251,1.86,0.2679701118,2.828427125
10,2600,0.7,1251,1.88,0.2734524021,3.464101615
10,2600,0.7,1251,1.89,0.2757858771,2.828427125
10,2600,0.7,1251,1.9,0.2741247956,2
10,2600,0.7,1251,1.91,0.2875753216,2
10,2600,0.7,1251,1.92,0.2949970527,2
10,2600,0.7,1251,1.93,0.2587016043,2.828427125
10,2600,0.7,1251,1.95,0.2746597624,4
10,2600,0.7,1251,1.96,0.2880451814,4
10,2600,0.7,1251,1.97,0.2912272314,2.828427125
10,2600,0.7,1251,1.99,0.2758403898,2.828427125
10,2600,0.7,1251,2.03,0.2828274949,2.828427125
10,2600,0.7,1251,2.07,0.288511129,3.464101615
10,2600,0.7,1251,2.08,0.2954719166,3.464101615
10,2600,0.7,1251,2.09,0.2794521774,2
10,2600,0.7,1251,2.11,0.3057933416,3.464101615
10,2600,0.7,1251,2.12,0.2926184371,2.828427125
10,2600,0.7,1251,2.13,0.3059854927,2
10,2600,0.7,1251,2.14,0.3059223369,3.464101615
10,2600,0.7,1251,2.15,0.2999624644,2.828427125
10,2600,0.7,1251,2.17,0.3023683286,2.828427125
10,2600,0.7,1251,2.18,0.3020954106,2.828427125
10,2600,0.7,1251,2.19,0.3236208681,2.828427125
10,2600,0.7,1251,2.24,0.3070353103,4
10,2600,0.7,1251,2.26,0.2868916998,2.828427125
10,2600,0.7,1251,2.27,0.2852182547,2.828427125
10,2600,0.7,1251,2.28,0.3125209341,2.828427125
10,2600,0.7,1251,2.29,0.2942050067,2.828427125
10,2600,0.7,1251,2.35,0.295247007,2
10,2600,0.7,1251,2.37,0.2818954844,2
10,2600,0.7,1251,2.39,0.2965246319,2.828427125
10,2600,0.7,1251,2.4,0.2829759822,2.828427125
10,2600,0.7,1251,2.42,0.2871104896,2
10,2600,0.7,1251,2.44,0.2998571572,2.828427125
10,2600,0.7,1251,2.45,0.2906479083,2.828427125
10,2600,0.7,1251,2.46,0.2816230536,4
10,2600,0.7,1251,2.5,0.2713661787,2.828427125
10,2600,0.7,1251,2.51,0.2721990573,2.828427125
10,2600,0.7,1251,2.55,0.269621029,2.828427125
10,2600,0.7,1251,2.68,0.2529477162,2.828427125
10,2600,0.7,1251,2.69,0.2547296554,2.828427125
10,2600,0.7,1251,2.71,0.2489089527,2.828427125
10,2600,0.7,1251,2.91,0.2220078133,2.828427125
10,2600,0.75,1251,0.35,0.05479579245,1.414213562
10,2600,0.75,1251,0.37,0.06646412186,1.414213562
10,2600,0.75,1251,0.43,0.06016970505,1.414213562
10,2600,0.75,1251,0.51,0.09707018848,2
10,2600,0.75,1251,0.55,0.07458108427,2
10,2600,0.75,1251,0.57,0.07262793617,2
10,2600,0.75,1251,0.67,0.08739570723,2.828427125
10,2600,0.75,1251,0.69,0.07717974578,1.414213562
10,2600,0.75,1251,0.75,0.1018317709,1.414213562
10,2600,0.75,1251,0.79,0.08754574611,2
10,2600,0.75,1251,0.82,0.0953142969,2.828427125
10,2600,0.75,1251,0.86,0.08872330653,2
10,2600,0.75,1251,0.87,0.08302976605,1.414213562
10,2600,0.75,1251,0.9,0.09722810586,2.828427125
10,2600,0.75,1251,0.93,0.1005395761,3.464101615
10,2600,0.75,1251,0.94,0.1043823131,2
10,2600,0.75,1251,1,0.11767094,2.828427125
10,2600,0.75,1251,1.02,0.115005813,2
10,2600,0.75,1251,1.04,0.1091470827,1.414213562
10,2600,0.75,1251,1.11,0.1132885667,4
10,2600,0.75,1251,1.12,0.1235089456,1.414213562
10,2600,0.75,1251,1.13,0.1208938983,2
10,2600,0.75,1251,1.14,0.1267680303,2
10,2600,0.75,1251,1.17,0.1246381532,3.464101615
10,2600,0.75,1251,1.19,0.1262397482,4
10,2600,0.75,1251,1.2,0.1329662503,2
10,2600,0.75,1251,1.25,0.1272770108,2.828427125
10,2600,0.75,1251,1.28,0.1310508664,2
10,2600,0.75,1251,1.3,0.1347619021,1.414213562
10,2600,0.75,1251,1.32,0.143474661,2
10,2600,0.75,1251,1.34,0.1418413571,3.464101615
10,2600,0.75,1251,1.35,0.1475834628,4
10,2600,0.75,1251,1.39,0.1503520862,4.242640687
10,2600,0.75,1251,1.4,0.1484584352,2.828427125
10,2600,0.75,1251,1.42,0.1674141129,2
10,2600,0.75,1251,1.44,0.1478068258,2
10,2600,0.75,1251,1.45,0.1659888109,2
10,2600,0.75,1251,1.46,0.1617661727,2.828427125
10,2600,0.75,1251,1.47,0.1574112479,2
10,2600,0.75,1251,1.5,0.1624775325,3.741657387
10,2600,0.75,1251,1.52,0.1655003679,2.828427125
10,2600,0.75,1251,1.53,0.1770965498,2.828427125
10,2600,0.75,1251,1.54,0.1790796358,2.828427125
10,2600,0.75,1251,1.55,0.1758941292,2.828427125
10,2600,0.75,1251,1.56,0.1739750448,2
10,2600,0.75,1251,1.58,0.1843164856,3.464101615
10,2600,0.75,1251,1.59,0.1799003291,4
10,2600,0.75,1251,1.63,0.1879821604,3.464101615
10,2600,0.75,1251,1.65,0.1927638545,3.464101615
10,2600,0.75,1251,1.66,0.196594659,2
10,2600,0.75,1251,1.68,0.2059421569,2.828427125
10,2600,0.75,1251,1.7,0.1967462307,4
10,2600,0.75,1251,1.72,0.192099872,2
10,2600,0.75,1251,1.73,0.2133538834,2.449489743
10,2600,0.75,1251,1.75,0.2132115438,2.828427125
10,2600,0.75,1251,1.76,0.2118730744,4.472135955
10,2600,0.75,1251,1.77,0.2014018566,2
10,2600,0.75,1251,1.78,0.2326784867,2
10,2600,0.75,1251,1.8,0.2308565474,4
10,2600,0.75,1251,1.82,0.2260857028,3.464101615
10,2600,0.75,1251,1.84,0.2267891613,2.828427125
10,2600,0.75,1251,1.85,0.2468089322,2.828427125
10,2600,0.75,1251,1.86,0.2285686469,3.464101615
10,2600,0.75,1251,1.87,0.2247182715,2.828427125
10,2600,0.75,1251,1.88,0.2240026414,2
10,2600,0.75,1251,1.9,0.2460631101,3.464101615
10,2600,0.75,1251,1.92,0.2398025497,2.828427125
10,2600,0.75,1251,1.94,0.2437849721,2.828427125
10,2600,0.75,1251,1.98,0.243447823,3.464101615
10,2600,0.75,1251,2.01,0.2513641939,4.898979486
10,2600,0.75,1251,2.02,0.2524619203,3.464101615
10,2600,0.75,1251,2.04,0.2597491679,3.464101615
10,2600,0.75,1251,2.05,0.2457208691,2.828427125
10,2600,0.75,1251,2.06,0.2424382986,2
10,2600,0.75,1251,2.08,0.26946169,2.828427125
10,2600,0.75,1251,2.09,0.266492837,2.828427125
10,2600,0.75,1251,2.1,0.2538733111,2.828427125
10,2600,0.75,1251,2.15,0.2573128233,2.828427125
10,2600,0.75,1251,2.18,0.2807782695,2.828427125
10,2600,0.75,1251,2.21,0.2620207598,2.828427125
10,2600,0.75,1251,2.22,0.2661557886,3.464101615
10,2600,0.75,1251,2.24,0.2655945638,2.828427125
10,2600,0.75,1251,2.25,0.2538423067,2.828427125
10,2600,0.75,1251,2.29,0.2338168749,2
10,2600,0.75,1251,2.31,0.2519375809,4
10,2600,0.75,1251,2.34,0.262114611,2.828427125
10,2600,0.75,1251,2.39,0.2385696155,2.828427125
10,2600,0.75,1251,2.42,0.2504265707,2.828427125
10,2600,0.75,1251,2.49,0.237092706,2.828427125
10,2600,0.75,1251,2.51,0.240185245,2.828427125
10,2600,0.75,1251,2.67,0.2180571536,2.828427125
10,2600,0.8,1251,0.29,0.05388330986,1.414213562
10,2600,0.8,1251,0.54,0.06076739508,1.414213562
10,2600,0.8,1251,0.56,0.07431193962,1.414213562
10,2600,0.8,1251,0.57,0.08256557288,1.414213562
10,2600,0.8,1251,0.61,0.0994887007,2
10,2600,0.8,1251,0.63,0.08323503941,2
10,2600,0.8,1251,0.77,0.0881437421,2
10,2600,0.8,1251,0.79,0.08562201147,2
10,2600,0.8,1251,0.8,0.0850392358,2
10,2600,0.8,1251,0.82,0.085858886,2.828427125
10,2600,0.8,1251,0.86,0.1035077188,1.414213562
10,2600,0.8,1251,0.96,0.1050508261,2.828427125
10,2600,0.8,1251,1.01,0.1100845816,2
10,2600,0.8,1251,1.02,0.08592790989,2
10,2600,0.8,1251,1.07,0.1228059335,1.414213562
10,2600,0.8,1251,1.11,0.1149703667,2.449489743
10,2600,0.8,1251,1.15,0.1114916814,2.449489743
10,2600,0.8,1251,1.16,0.1127599529,2.828427125
10,2600,0.8,1251,1.21,0.1269226895,2
10,2600,0.8,1251,1.22,0.1155297421,2
10,2600,0.8,1251,1.24,0.1189521684,3.464101615
10,2600,0.8,1251,1.25,0.1311700962,2
10,2600,0.8,1251,1.27,0.1254725362,4
10,2600,0.8,1251,1.34,0.136963431,2.828427125
10,2600,0.8,1251,1.36,0.1322091869,2.828427125
10,2600,0.8,1251,1.38,0.1270275726,3.464101615
10,2600,0.8,1251,1.41,0.1323410497,2
10,2600,0.8,1251,1.48,0.150367617,2.828427125
10,2600,0.8,1251,1.51,0.1468404946,2.828427125
10,2600,0.8,1251,1.55,0.1573685882,2
10,2600,0.8,1251,1.57,0.1605532711,3.464101615
10,2600,0.8,1251,1.6,0.1604914181,2
10,2600,0.8,1251,1.61,0.1691299669,1.414213562
10,2600,0.8,1251,1.64,0.1847054414,2
10,2600,0.8,1251,1.65,0.1599361807,2.828427125
10,2600,0.8,1251,1.67,0.1678182001,3.16227766
10,2600,0.8,1251,1.69,0.1650181912,3.464101615
10,2600,0.8,1251,1.71,0.1756244207,2.828427125
10,2600,0.8,1251,1.73,0.1870734538,2.828427125
10,2600,0.8,1251,1.75,0.1865157677,2
10,2600,0.8,1251,1.76,0.1757212895,2
10,2600,0.8,1251,1.77,0.1894852125,2.828427125
10,2600,0.8,1251,1.78,0.1847415871,2.828427125
10,2600,0.8,1251,1.8,0.1914212589,2.828427125
10,2600,0.8,1251,1.83,0.199860956,2
10,2600,0.8,1251,1.84,0.1778593302,2.828427125
10,2600,0.8,1251,1.88,0.1899002982,2
10,2600,0.8,1251,1.91,0.1871459889,2.828427125
10,2600,0.8,1251,1.93,0.1915479052,2.828427125
10,2600,0.8,1251,1.95,0.1951787373,2.828427125
10,2600,0.8,1251,1.96,0.1917722657,2
10,2600,0.8,1251,1.98,0.2008742742,4
10,2600,0.8,1251,2.01,0.1976197172,2.828427125
10,2600,0.8,1251,2.02,0.2245814096,2
10,2600,0.8,1251,2.04,0.1963776061,2.828427125
10,2600,0.8,1251,2.05,0.2167160701,2.828427125
10,2600,0.8,1251,2.07,0.2097379946,2.828427125
10,2600,0.8,1251,2.09,0.2121941185,2.828427125
10,2600,0.8,1251,2.14,0.197929176,2.828427125
10,2600,0.8,1251,2.15,0.2145304557,1.414213562
10,2600,0.8,1251,2.16,0.2178577626,2.828427125
10,2600,0.8,1251,2.17,0.2019747011,2
10,2600,0.8,1251,2.22,0.2193943429,2.828427125
10,2600,0.8,1251,2.23,0.2022397275,1.414213562
10,2600,0.8,1251,2.24,0.2113735526,3.464101615
10,2600,0.8,1251,2.27,0.2078702327,2.828427125
10,2600,0.8,1251,2.29,0.2018335676,4.472135955
10,2600,0.8,1251,2.3,0.2251677728,2
10,2600,0.8,1251,2.31,0.2066331799,3.464101615
10,2600,0.8,1251,2.32,0.2001221612,2
10,2600,0.8,1251,2.34,0.206309795,2.828427125
10,2600,0.8,1251,2.36,0.2062917355,2.828427125
10,2600,0.8,1251,2.38,0.2019750515,2.828427125
10,2600,0.8,1251,2.39,0.1970271314,3.464101615
10,2600,0.8,1251,2.42,0.1906555182,2
10,2600,0.8,1251,2.44,0.1956624312,3.464101615
10,2600,0.8,1251,2.45,0.1959963361,2.828427125
10,2600,0.8,1251,2.47,0.1997680312,3.464101615
10,2600,0.8,1251,2.49,0.1926255908,4
10,2600,0.8,1251,2.5,0.1936066048,3.464101615
10,2600,0.8,1251,2.54,0.1973385403,2.828427125
10,2600,0.8,1251,2.56,0.1922321471,2.828427125
10,2600,0.8,1251,2.57,0.1933405392,2.828427125
10,2600,0.8,1251,2.59,0.193452065,2.828427125
10,2600,0.8,1251,2.62,0.1829802205,2.828427125
10,2600,0.8,1251,2.68,0.1813132715,2.828427125
10,2600,0.8,1251,2.72,0.184476263,3.464101615
10,2600,0.8,1251,2.74,0.1813071599,2.828427125
10,2600,0.8,1251,2.75,0.1810348,2
10,2600,0.8,1251,2.76,0.1728854001,2.828427125
10,2600,0.8,1251,2.78,0.1810501144,2.828427125
10,2600,0.8,1251,2.81,0.1749634916,2.828427125
10,2600,0.8,1251,2.85,0.1675616911,2.828427125
10,2600,0.8,1251,2.88,0.1689848739,2.828427125
10,2600,0.8,1251,2.95,0.1614032339,2.828427125
10,2600,0.8,1251,2.98,0.1597076721,2.828427125
10,2600,0.8,1251,3.09,0.1509352558,2
10,2600,0.8,1251,3.11,0.151578941,2.828427125
10,2600,0.8,1251,3.15,0.1505911165,2.828427125
10,2600,0.8,1251,3.21,0.1425978832,2.828427125
10,2600,0.8,1251,3.3,0.1372399866,2.828427125
10,2600,0.85,1251,0.34,0.05748158645,1.414213562
10,2600,0.85,1251,0.4,0.07006594843,1.414213562
10,2600,0.85,1251,0.43,0.07919608114,1.414213562
10,2600,0.85,1251,0.52,0.07409371585,2
10,2600,0.85,1251,0.55,0.06871075026,2
10,2600,0.85,1251,0.59,0.08517287332,2
10,2600,0.85,1251,0.68,0.08457253876,3.16227766
10,2600,0.85,1251,0.79,0.0802732916,2.449489743
10,2600,0.85,1251,0.81,0.07609204776,2
10,2600,0.85,1251,0.86,0.08579176707,2.449489743
10,2600,0.85,1251,0.9,0.08948808781,3.464101615
10,2600,0.85,1251,0.93,0.08939623796,2
10,2600,0.85,1251,0.95,0.08761148779,2
10,2600,0.85,1251,0.96,0.08690259313,2.828427125
10,2600,0.85,1251,1.01,0.09659589611,2.828427125
10,2600,0.85,1251,1.02,0.1035950675,1.414213562
10,2600,0.85,1251,1.04,0.09122251895,2
10,2600,0.85,1251,1.09,0.101410797,2
10,2600,0.85,1251,1.1,0.1111710935,2
10,2600,0.85,1251,1.11,0.08831879351,2
10,2600,0.85,1251,1.13,0.09172249478,2.828427125
10,2600,0.85,1251,1.17,0.105268214,3.464101615
10,2600,0.85,1251,1.18,0.09728707037,2.828427125
10,2600,0.85,1251,1.19,0.09962038867,1.414213562
10,2600,0.85,1251,1.22,0.1077011038,2.828427125
10,2600,0.85,1251,1.23,0.1037852914,2
10,2600,0.85,1251,1.26,0.1288941122,2
10,2600,0.85,1251,1.29,0.1038903803,2
10,2600,0.85,1251,1.3,0.09667807692,1.414213562
10,2600,0.85,1251,1.31,0.106011524,2.828427125
10,2600,0.85,1251,1.34,0.1140444064,2.828427125
10,2600,0.85,1251,1.35,0.1114605108,3.464101615
10,2600,0.85,1251,1.36,0.1158670476,3.16227766
10,2600,0.85,1251,1.37,0.1153452202,2
10,2600,0.85,1251,1.39,0.1104625551,2.828427125
10,2600,0.85,1251,1.4,0.1179686862,2.828427125
10,2600,0.85,1251,1.42,0.1157336424,2
10,2600,0.85,1251,1.43,0.118541792,3.464101615
10,2600,0.85,1251,1.46,0.1299308024,2
10,2600,0.85,1251,1.47,0.118869434,2
10,2600,0.85,1251,1.48,0.1142384593,2.828427125
10,2600,0.85,1251,1.51,0.1179549591,2.828427125
10,2600,0.85,1251,1.52,0.1245738866,3.464101615
10,2600,0.85,1251,1.55,0.1375602795,2.828427125
10,2600,0.85,1251,1.56,0.1281110405,3.464101615
10,2600,0.85,1251,1.57,0.1278033662,2
10,2600,0.85,1251,1.58,0.1438601474,1.414213562
10,2600,0.85,1251,1.61,0.1323024716,2
10,2600,0.85,1251,1.62,0.1310607493,4.472135955
10,2600,0.85,1251,1.63,0.137503258,2.828427125
10,2600,0.85,1251,1.64,0.1369333045,2
10,2600,0.85,1251,1.65,0.1305022215,2
10,2600,0.85,1251,1.66,0.1341819748,4
10,2600,0.85,1251,1.67,0.1378462606,2.828427125
10,2600,0.85,1251,1.7,0.1449396753,2.828427125
10,2600,0.85,1251,1.72,0.1417972714,2
10,2600,0.85,1251,1.73,0.1530105849,1.414213562
10,2600,0.85,1251,1.76,0.1423140927,2.828427125
10,2600,0.85,1251,1.77,0.1444399376,3.464101615
10,2600,0.85,1251,1.79,0.1493198586,4.898979486
10,2600,0.85,1251,1.8,0.1397980553,4
10,2600,0.85,1251,1.83,0.1439585345,4
10,2600,0.85,1251,1.85,0.1503700405,2.828427125
10,2600,0.85,1251,1.86,0.1473852067,2
10,2600,0.85,1251,1.88,0.147622756,4
10,2600,0.85,1251,1.9,0.1459985898,3.464101615
10,2600,0.85,1251,1.92,0.1512275088,2.828427125
10,2600,0.85,1251,1.93,0.1516188102,4.898979486
10,2600,0.85,1251,2,0.1517572652,2.828427125
10,2600,0.85,1251,2.01,0.1515811357,2
10,2600,0.85,1251,2.02,0.1486202979,2.828427125
10,2600,0.85,1251,2.03,0.1464756194,2.828427125
10,2600,0.85,1251,2.04,0.1538077641,4.472135955
10,2600,0.85,1251,2.07,0.1551666814,4
10,2600,0.85,1251,2.08,0.1523498239,2
10,2600,0.85,1251,2.09,0.1572845225,2
10,2600,0.85,1251,2.12,0.154579175,2.828427125
10,2600,0.85,1251,2.13,0.1523413955,2.828427125
10,2600,0.85,1251,2.15,0.1499979364,2.828427125
10,2600,0.85,1251,2.16,0.1518649383,2.828427125
10,2600,0.85,1251,2.2,0.1595453627,3.464101615
10,2600,0.85,1251,2.22,0.1536172553,2.828427125
10,2600,0.85,1251,2.23,0.159279781,2.828427125
10,2600,0.85,1251,2.26,0.1518460473,2.828427125
10,2600,0.85,1251,2.28,0.1574756497,2.828427125
10,2600,0.85,1251,2.33,0.1475065229,2.828427125
10,2600,0.85,1251,2.34,0.1555770481,3.464101615
10,2600,0.85,1251,2.37,0.1497836818,2.828427125
10,2600,0.85,1251,2.44,0.1570563459,2.828427125
10,2600,0.85,1251,2.45,0.1475411988,2.828427125
10,2600,0.85,1251,2.5,0.1464860695,2.828427125
10,2600,0.85,1251,2.55,0.1430750047,2.828427125
10,2600,0.85,1251,2.71,0.1326645805,2.828427125
10,2600,0.9,1251,0.34,0.07608567268,1.414213562
10,2600,0.9,1251,0.39,0.07314335993,1.414213562
10,2600,0.9,1251,0.44,0.06940974174,1.414213562
10,2600,0.9,1251,0.52,0.06340986021,2
10,2600,0.9,1251,0.55,0.06102604838,2
10,2600,0.9,1251,0.59,0.05742254419,2
10,2600,0.9,1251,0.68,0.06095868767,3.16227766
10,2600,0.9,1251,0.79,0.06065967456,2.449489743
10,2600,0.9,1251,0.81,0.06519970852,2
10,2600,0.9,1251,0.86,0.06434331498,2
10,2600,0.9,1251,0.87,0.06715540848,1.414213562
10,2600,0.9,1251,0.9,0.06888352955,3.464101615
10,2600,0.9,1251,0.94,0.0742036278,2
10,2600,0.9,1251,0.96,0.0679523776,3.464101615
10,2600,0.9,1251,1.02,0.07274185812,3.16227766
10,2600,0.9,1251,1.04,0.0750178176,2
10,2600,0.9,1251,1.1,0.08022387969,2
10,2600,0.9,1251,1.11,0.07427793842,2.828427125
10,2600,0.9,1251,1.13,0.08074907533,2.828427125
10,2600,0.9,1251,1.18,0.07789977616,4.69041576
10,2600,0.9,1251,1.23,0.08354947863,3.464101615
10,2600,0.9,1251,1.26,0.08263679629,2
10,2600,0.9,1251,1.29,0.0776160857,2
10,2600,0.9,1251,1.31,0.08103658147,3.16227766
10,2600,0.9,1251,1.35,0.09068269716,2
10,2600,0.9,1251,1.36,0.0844872967,4.69041576
10,2600,0.9,1251,1.37,0.08276997976,2.828427125
10,2600,0.9,1251,1.4,0.08808412004,2.828427125
10,2600,0.9,1251,1.41,0.08919961349,2.828427125
10,2600,0.9,1251,1.42,0.08525516803,2
10,2600,0.9,1251,1.43,0.0880407179,3.464101615
10,2600,0.9,1251,1.47,0.09571662787,2
10,2600,0.9,1251,1.48,0.08511329883,2
10,2600,0.9,1251,1.49,0.09291467756,2.828427125
10,2600,0.9,1251,1.51,0.09012520858,2.828427125
10,2600,0.9,1251,1.53,0.0919876756,3.464101615
10,2600,0.9,1251,1.56,0.09614329392,3.464101615
10,2600,0.9,1251,1.57,0.09115034238,2.828427125
10,2600,0.9,1251,1.58,0.09026254131,2.449489743
10,2600,0.9,1251,1.61,0.08765836556,2
10,2600,0.9,1251,1.62,0.09558318375,4.472135955
10,2600,0.9,1251,1.64,0.09298726571,3.464101615
10,2600,0.9,1251,1.66,0.08884942978,2
10,2600,0.9,1251,1.67,0.1004495479,4
10,2600,0.9,1251,1.68,0.09622321484,2.828427125
10,2600,0.9,1251,1.71,0.09839792148,2.828427125
10,2600,0.9,1251,1.72,0.09300517305,2
10,2600,0.9,1251,1.75,0.09123912591,1.414213562
10,2600,0.9,1251,1.77,0.09953143177,3.464101615
10,2600,0.9,1251,1.78,0.09841212981,2
10,2600,0.9,1251,1.79,0.1013077239,3.464101615
10,2600,0.9,1251,1.8,0.09850581739,4.472135955
10,2600,0.9,1251,1.81,0.09790428177,2
10,2600,0.9,1251,1.83,0.09662402673,2.828427125
10,2600,0.9,1251,1.84,0.09933184194,4
10,2600,0.9,1251,1.86,0.1028671986,2.828427125
10,2600,0.9,1251,1.88,0.1003699264,2.828427125
10,2600,0.9,1251,1.89,0.1012942886,3.464101615
10,2600,0.9,1251,1.92,0.09837685805,3.464101615
10,2600,0.9,1251,1.93,0.1011047958,4.898979486
10,2600,0.9,1251,1.95,0.1044203051,2.828427125
10,2600,0.9,1251,2.01,0.1033147189,2.828427125
10,2600,0.9,1251,2.03,0.1033533354,2
10,2600,0.9,1251,2.04,0.1008430954,4
10,2600,0.9,1251,2.05,0.1028193958,3.464101615
10,2600,0.9,1251,2.07,0.1042647954,4
10,2600,0.9,1251,2.08,0.1045169573,2.828427125
10,2600,0.9,1251,2.09,0.09908683494,2
10,2600,0.9,1251,2.11,0.1048160361,2
10,2600,0.9,1251,2.13,0.1016358864,2.828427125
10,2600,0.9,1251,2.14,0.1025088956,2.828427125
10,2600,0.9,1251,2.16,0.1022605036,2.828427125
10,2600,0.9,1251,2.18,0.1000304063,2.828427125
10,2600,0.9,1251,2.22,0.1038198812,3.464101615
10,2600,0.9,1251,2.23,0.1001324929,2.828427125
10,2600,0.9,1251,2.25,0.1045066029,2.828427125
10,2600,0.9,1251,2.26,0.1017800132,2.828427125
10,2600,0.9,1251,2.29,0.1085474207,2.828427125
10,2600,0.9,1251,2.35,0.1006805182,4
10,2600,0.9,1251,2.36,0.1107412075,2
10,2600,0.9,1251,2.38,0.1022041847,2.828427125
10,2600,0.9,1251,2.45,0.1034365907,2.828427125
10,2600,0.9,1251,2.46,0.09977933428,2.828427125
10,2600,0.9,1251,2.51,0.1006097357,2.828427125
10,2600,0.9,1251,2.57,0.1017577076,2.828427125
10,2600,0.9,1251,2.72,0.09711703386,2.828427125
