P_GPa,T_K,x_B,G_second_eV_per_atom,sigma_second_eV_per_atom,lower_1sigma,upper_1sigma
0,1500,0.1,-8.671629325771985,5.930577691067538,-14.602207016839522,-2.741051634704447
0,1500,0.101,-8.553868516201678,5.872627800015698,-14.426496316217376,-2.6812407161859806
0,1500,0.10200000000000001,-8.436668843395204,5.815008752851253,-14.251677596246456,-2.6216600905439504
0,1500,0.10300000000000001,-8.320029314889702,5.757719834492725,-14.077749149382427,-2.5623094803969764
0,1500,0.10400000000000001,-8.203948938222329,5.700760332034274,-13.904709270256603,-2.503188606188055
0,1500,0.10500000000000001,-8.088426720930244,5.6441295348081235,-13.732556255738366,-2.44429718612212
0,1500,0.10600000000000001,-7.973461670550588,5.587826734449088,-13.561288404999676,-2.3856349361015
0,1500,0.10700000000000001,-7.859052794620521,5.531851224961317,-13.390904019581837,-2.327201569659204
0,1500,0.10800000000000001,-7.74519910067718,5.476202302787287,-13.221401403464466,-2.2689967978898933
0,1500,0.10900000000000001,-7.631899596257735,5.4208792668792,-13.052778863136936,-2.2110203293785355
0,1500,0.11,-7.519153288899325,5.365881418772797,-12.885034707672123,-2.1532718701265283
0,1500,0.111,-7.406959186139108,5.311208062663771,-12.718167248802878,-2.0957511234753374
0,1500,0.112,-7.29531629551423,5.256858505486812,-12.55217480100104,-2.038457790027418
0,1500,0.113,-7.184223624561845,5.202832056997437,-12.387055681559282,-1.9813915675644083
0,1500,0.114,-7.073680180819103,5.14912802985667,-12.222808210675773,-1.924552150962433
0,1500,0.115,-6.963684971823156,5.0957457397187484,-12.059430711541903,-1.8679392321044075
0,1500,0.116,-6.854237005111155,5.0426845053219,-11.896921510433057,-1.8115524997892551
0,1500,0.117,-6.745335288220257,4.989943648582395,-11.735278936802652,-1.7553916396378622
0,1500,0.11800000000000001,-6.636978828687603,4.937522494691934,-11.574501323379536,-1.699456333995669
0,1500,0.11900000000000001,-6.529166634050352,4.885420372218571,-11.414587006268924,-1.6437462618317804
0,1500,0.12000000000000001,-6.421897711845652,4.83363661321127,-11.25553432505692,-1.5882610986343826
0,1500,0.12100000000000001,-6.315171069610656,4.782170553308261,-11.097341622918918,-1.533000516302395
0,1500,0.122,-6.208985714882516,4.73102153184936,-10.940007246731877,-1.4779641830331558
0,1500,0.123,-6.10334065519838,4.680188891992415,-10.783529547190795,-1.423151763205965
0,1500,0.124,-5.998234898095401,4.629671980834033,-10.627906878929434,-1.368562917261368
0,1500,0.125,-5.893667451110733,4.579470149534791,-10.473137600645526,-1.314197301575942
0,1500,0.126,-5.789637321781523,4.529582753449103,-10.319220075230625,-1.2600545683324205
0,1500,0.127,-5.6861435176449255,4.480009152259951,-10.166152669904877,-1.2061343653849743
0,1500,0.128,-5.583185046238089,4.430748710118678,-10.013933756356767,-1.1524363361194112
0,1500,0.129,-5.48076091509817,4.38180079579006,-9.86256171088823,-1.09896011930811
0,1500,0.13,-5.378870131762312,4.333164782802887,-9.7120349145652,-1.0457053489594248
0,1500,0.131,-5.277511703767672,4.284840049606289,-9.56235175337396,-0.9926716541613834
0,1500,0.132,-5.176684638651398,4.23682597973204,-9.413510618383437,-0.9398586589193583
0,1500,0.133,-5.07638794395065,4.189121961963135,-9.265509905913785,-0.8872659819875146
0,1500,0.134,-4.976620627202575,4.141727390508859,-9.118348017711433,-0.8348932366937154
0,1500,0.135,-4.877381695944315,4.094641665186691,-8.972023361131006,-0.7827400307576244
0,1500,0.136,-4.778670157713027,4.047864191611284,-8.82653434932431,-0.7308059661017428
0,1500,0.137,-4.680485020045868,4.001394381390889,-8.681879401436756,-0.6790906386549791
0,1500,0.138,-4.582825290479981,3.9552316523314968,-8.538056942811478,-0.6275936381484843
0,1500,0.139,-4.485689976552528,3.909375428649085,-8.395065405201613,-0.5763145479034435
0,1500,0.14,-4.389078085800644,3.8638251411902957,-8.25290322699094,-0.5252529446103487
0,1500,0.14100000000000001,-4.292988625761502,3.818580227661957,-8.11156885342346,-0.47440839809954527
0,1500,0.14200000000000002,-4.197420603972233,3.7736401328697857,-7.971060736842019,-0.42378047110244754
0,1500,0.14300000000000002,-4.102373027970003,3.7290043089667724,-7.831377336936775,-0.3733687190032309
0,1500,0.14400000000000002,-4.007844905291954,3.6846722157115783,-7.692517121003532,-0.3231726895803755
0,1500,0.14500000000000002,-3.913835243475244,3.6406433207375026,-7.554478564212747,-0.2731919227377415
0,1500,0.14600000000000002,-3.820343050057012,3.5969170998323983,-7.41726014988941,-0.22342595022461387
0,1500,0.14700000000000002,-3.7273673325744276,3.5534930372301434,-7.2808603698045715,-0.17387429534428422
0,1500,0.14800000000000002,-3.634907098564625,3.5103706259140766,-7.145277724478701,-0.12453647265054846
0,1500,0.14900000000000002,-3.5429613555647705,3.467549367933055,-7.010510723497825,-0.07541198763171542
0,1500,0.15000000000000002,-3.451529111112002,3.425028774730631,-6.876557885842633,-0.02650033638137117
0,1500,0.15100000000000002,-3.3606093727434825,3.382808367488005,-6.743417740231488,0.022198994744522693
0,1500,0.15200000000000002,-3.2702011479963566,3.340887677481353,-6.61108882547771,0.07068652948499654
0,1500,0.153,-3.1803034444077767,3.2992662464542284,-6.4795696908620055,0.11896280204645171
0,1500,0.154,-3.090915269514891,3.2579436270056883,-6.348858896520579,0.16702835749079714
0,1500,0.155,-3.002035630854863,3.216919382994945,-6.218955013849808,0.21488375214008215
0,1500,0.156,-2.9136635359648295,3.1761930899632222,-6.089856625928052,0.26252955399839273
0,1500,0.157,-2.8257979923819434,3.1357643355737075,-5.961562327955651,0.3099663431917641
0,1500,0.158,-2.738438007643367,3.095632720070377,-5.834070727713744,0.3571947124270096
0,1500,0.159,-2.651582589286246,3.0557978567566053,-5.707380446042851,0.4042152674703594
0,1500,0.16,-2.565230744847721,3.0162593724944773,-5.581490117342199,0.45102862764675633
0,1500,0.161,-2.479381481864964,2.9770169082257865,-5.456398390090751,0.4976354263608225
0,1500,0.162,-2.3940338078751093,2.93807011951569,-5.332103927390799,0.5440363116405806
0,1500,0.163,-2.3091867304153197,2.899418677120145,-5.208605407535465,0.5902319467048254
0,1500,0.164,-2.224839257022735,2.8610622675781725,-5.085901524600907,0.6362230105554376
0,1500,0.165,-2.1409903952345193,2.8230005938301677,-4.963990989064687,0.6820101985956484
0,1500,0.166,-2.057639152587809,2.785233375863413,-4.842872528451222,0.7275942232756041
0,1500,0.167,-1.9747845366197687,2.7477603513861393,-4.722544888005908,0.7729758147663706
0,1500,0.168,-1.8924255548675415,2.710581276531367,-4.6030068313989085,0.8181557216638256
0,1500,0.169,-1.8105612148682884,2.673695926592002,-4.48425714146029,0.8631347117237138
0,1500,0.17,-1.729190524159149,2.6371040967885677,-4.366294620947716,0.9079135726294187
0,1500,0.171,-1.6483124902772843,2.6008056030711137,-4.2491180933483985,0.9524931127938294
0,1500,0.17200000000000001,-1.5679261207598376,2.564800282956842,-4.1327264037166795,0.9968741621970043
0,1500,0.173,-1.4880304231439716,2.529087996405126,-4.017118419549098,1.0410575732611544
0,1500,0.174,-1.4086244049668224,2.49366862673154,-3.9022930316983624,1.0850442217647176
0,1500,0.175,-1.3297070737655545,2.4585420815627783,-3.788249155328333,1.1288350077972238
0,1500,0.176,-1.2512774370773077,2.4237082938341548,-3.6749857309114624,1.172430856756847
0,1500,0.177,-1.1733345024392445,2.3891672228316936,-3.562501725270938,1.215832720392449
0,1500,0.178,-1.0958772773885066,2.354918855280677,-3.4507961326691836,1.2590415778921704
0,1500,0.179,-1.0189047694622584,2.3209632064827406,-3.339867975944999,1.3020584370204822
0,1500,0.18,-0.9424159861976324,2.2873003215035177,-3.22971630770115,1.3448843353058852
0,1500,0.181,-0.8664099351317969,2.2539302764130515,-3.1203402115448484,1.3875203412812547
0,1500,0.182,-0.7908856238018895,2.22085317958108,-3.0117388033829697,1.4299675557791907
0,1500,0.183,-0.7158420597450803,2.1880691730295,-2.9039112327745804,1.4722271132844198
0,1500,0.184,-0.6412782504985,2.1555784338442225,-2.7968566843427225,1.5143001833457226
0,1500,0.185,-0.567193203599313,2.1233811756487833,-2.6905743792480963,1.5561879720494702
0,1500,0.186,-0.4935859265846627,2.091477650141985,-2.5850635767266477,1.5978917235573222
0,1500,0.187,-0.4204554269917047,2.0598681487019586,-2.4803235756936632,1.6394127217102539
0,1500,0.188,-0.34780071235759635,2.0285530040589244,-2.3763537164165207,1.680752291701328
0,1500,0.189,-0.27562079021947916,1.9975325920390044,-2.2731533822584833,1.7219118018195252
0,1500,0.19,-0.2039146681145052,1.9668073333813179,-2.170722001495823,1.7628926652668127
0,1500,0.191,-0.13268135357983368,1.9363776956305767,-2.06905904921041,1.803696342050743
0,1500,0.192,-0.06191985415260781,1.9062441951072457,-1.9681640492598536,1.844324340954638
0,1500,0.193,0.008370822630018537,1.8764073989572616,-1.868036576327243,1.8847782215872801
0,1500,0.194,0.07819166923089327,1.8468679272830708,-1.7686762580521775,1.925059596513964
0,1500,0.195,0.1475436781128625,1.8176264553575765,-1.670082777244714,1.965170133470439
0,1500,0.196,0.21642784173878127,1.7886837159222848,-1.5722558741835035,2.005111557661066
0,1500,0.197,0.2848451525714921,1.7600405015706369,-1.4751953489991447,2.0448856541421288
0,1500,0.198,0.35279660307384475,1.7316976672170734,-1.3789010641432287,2.084494270290918
0,1500,0.199,0.42028318570869416,1.703656132651964,-1.2833729469432698,2.123939318360658
0,1500,0.2,0.4873058929388794,1.6759168851818902,-1.1886109922430108,2.16322277812077
0,1500,0.201,0.5538657172272536,1.6484809823541804,-1.0946152651269268,2.202346699581434
0,1500,0.202,0.6199636510366702,1.621349554763734,-1.0013859037270638,2.241313205800404
0,1500,0.203,0.6856006868299733,1.5945238089393408,-0.9089231221093674,2.2801244957693143
0,1500,0.20400000000000001,0.7507778170700075,1.5680050303055484,-0.8172272132355409,2.318782847375556
0,1500,0.20500000000000002,0.815496034219624,1.5417945862150004,-0.7262985519953764,2.3572906204346245
0,1500,0.20600000000000002,0.8797563307416798,1.515893929044667,-0.6361375983029871,2.395650259786347
0,1500,0.20700000000000002,0.943559699099012,1.4903045993478734,-0.5467449002488614,2.4338642984468857
0,1500,0.20800000000000002,1.0069071317544758,1.4650282290520753,-0.45812109729759953,2.471935360806551
0,1500,0.20900000000000002,1.0697996211709153,1.4400665446903502,-0.3702669235194349,2.5098661658612658
0,1500,0.21000000000000002,1.1322381598111875,1.415421370652102,-0.28318321084091447,2.5476595304632896
0,1500,0.21100000000000002,1.1942237401381295,1.3910946324358733,-0.1968708922977438,2.5853183725740028
0,1500,0.21200000000000002,1.2557573546146,1.3670883598840684,-0.11133100526946849,2.622845714498668
0,1500,0.21300000000000002,1.3168399957034378,1.343404690376105,-0.0265646946726672,2.660244686079543
0,1500,0.21400000000000002,1.3774726558675017,1.3200458719526402,0.057426783914861446,2.697518527820142
0,1500,0.21500000000000002,1.437656327569636,1.2970142663394268,0.14064206123020906,2.7346705939090628
0,1500,0.21600000000000003,1.4973920032726902,1.27431235183464,0.2230796514380502,2.77170435510733
0,1500,0.21700000000000003,1.5566806754395088,1.2519427260184801,0.3047379494210287,2.808623401457989
0,1500,0.21800000000000003,1.615523336532945,1.2299081082382053,0.3856152282947398,2.84543144477115
0,1500,0.21900000000000003,1.6739209790158487,1.2082113418157308,0.46570963720011793,2.8821323208315794
0,1500,0.22,1.7318745953510586,1.186855395918269,0.5450191994327895,2.918729991269328
0,1500,0.221,1.7893851780014387,1.1658433670254662,0.6235418109759725,2.955228545026905
0,1500,0.222,1.8464537194298227,1.1451784799189086,0.7012752395109141,2.9916321993487314
0,1500,0.223,1.9030812120990745,1.1248640881118825,0.778217123987192,3.0279453002109573
0,1500,0.224,1.9592686484720296,1.1049036736289766,0.8543649748430531,3.0641723221010064
0,1500,0.225,2.015017021011545,1.0853008460364448,0.9297161749751,3.1003178670479894
0,1500,0.226,2.070327322180461,1.0660593406155483,1.0042679815649125,3.136386662796009
0,1500,0.227,2.1252005444416344,1.0471830155623003,1.078017528879334,3.1723835600039347
0,1500,0.228,2.17963768025791,1.0286758480885811,1.150961832169329,3.2083135283464914
0,1500,0.229,2.2336397220921373,1.0105419292915006,1.2230977928006368,3.244181651383638
0,1500,0.23,2.2872076624071678,0.9927854576506965,1.2944222047564713,3.2799931200578643
0,1500,0.231,2.340342493665844,0.9754107310071549,1.364931762658689,3.315753224672999
0,1500,0.232,2.3930452083310154,0.9584221368726779,1.4346230714583377,3.351467345203693
0,1500,0.233,2.445316798865539,0.9418241409167384,1.5034926579488008,3.3871409397822774
0,1500,0.234,2.497158257732252,0.9256212734777768,1.5715369842544753,3.422779531210029
0,1500,0.23500000000000001,2.5485705773940133,0.9098181139494953,1.638752463444518,3.4583886913435085
0,1500,0.23600000000000002,2.5995547503136613,0.894419272900262,1.7051354774133993,3.4939740232139234
0,1500,0.23700000000000002,2.6501117689540568,0.8794293717957977,1.770682397158259,3.5295411407498545
0,1500,0.23800000000000002,2.700242625778035,0.8648530202128191,1.835389605565216,3.565095645990854
0,1500,0.23900000000000002,2.7499483132484563,0.8506947904546963,1.8992535227937601,3.6006431037031525
0,1500,0.24000000000000002,2.79922982382816,0.8369591895102948,1.962270634317865,3.6361890133384547
0,1500,0.24100000000000002,2.8480881499800024,0.8236506283342605,2.024437521645742,3.6717387783142628
0,1500,0.24200000000000002,2.896524284166828,0.8107733884716628,2.085750895695165,3.707297672638491
0,1500,0.24300000000000002,2.944539218851487,0.7983315861019719,2.146207632749515,3.742870804953459
0,1500,0.24400000000000002,2.992133946496823,0.786329133636871,2.2058048128599523,3.778463080133694
0,1500,0.245,3.0393094595656933,0.7747696990726229,2.2645397604930704,3.8140791586383163
0,1500,0.246,3.0860667505209403,0.7636566633698524,2.3224100871510878,3.8497234138907928
0,1500,0.247,3.13240681182542,0.7529930762100342,2.3794137356153855,3.885399888035454
0,1500,0.248,3.17833063594197,0.742781610556988,2.435549025384982,3.921112246498958
0,1500,0.249,3.223839215333447,0.7330245165306161,2.490814698802831,3.956863731864063
0,1500,0.25,3.2689335424626966,0.7237235751763224,2.5452099672863744,3.992657117639019
0,1500,0.251,3.313614609792568,0.714880052783509,2.5987345570090588,4.028494662576077
0,1500,0.252,3.3578834097859085,0.7064946564669271,2.6513887533189813,4.064378066252836
0,1500,0.253,3.401740934905572,0.6985674917715847,2.703173443133987,4.100308426677157
0,1500,0.254,3.4451881776144004,0.6910980230919596,2.7540901545224408,4.13628620070636
0,1500,0.255,3.4882261303752484,0.6840850377060412,2.804141092669207,4.17231116808129
0,1500,0.256,3.5308557856509584,0.677526614211621,2.8533291714393374,4.208382399862579
0,1500,0.257,3.5730781359043844,0.6714200961142809,2.9016580397901035,4.244498232018666
0,1500,0.258,3.6148941735983717,0.6657620712529534,2.9491321023454184,4.2806562448513255
0,1500,0.259,3.6563048911957727,0.6605483576599799,2.995756533535793,4.316853248855753
0,1500,0.26,3.697311281159428,0.6557739963400567,3.0415372848193716,4.353085277499485
0,1500,0.261,3.7379143359521976,0.6514332513192399,3.0864810846329576,4.389347587271438
0,1500,0.262,3.7781150480369208,0.6475196171655832,3.1305954308713377,4.425634665202504
0,1500,0.263,3.817914409876453,0.6440258340222406,3.173888575854212,4.4619402438986935
0,1500,0.264,3.857313413933639,0.6409439100281051,3.2163695039055336,4.498257323961744
0,1500,0.265,3.8963130526713243,0.6382651508366999,3.2580479018346242,4.534578203508024
0,1500,0.266,3.934914318552364,0.6359801957876712,3.2989341227646927,4.5708945143400355
0,1500,0.267,3.973118204039606,0.634079060142957,3.339039143896649,4.607197264182563
0,1500,0.268,4.010925701595895,0.6325511826769513,3.3783745189189434,4.643476884272846
0,1500,0.269,4.048337803684083,0.6313854778110528,3.41695232587303,4.679723281495136
0,1500,0.27,4.085355502767015,0.6305703914109577,3.454785111356058,4.715925894177973
0,1500,0.271,4.121979791307547,0.6300939593214694,3.4918858319860777,4.752073750629016
0,1500,0.272,4.158211661768519,0.6299438676986858,3.528267794069833,4.788155529467205
0,1500,0.273,4.194052106612786,0.6301075142119263,3.56394459240086,4.824159620824712
0,1500,0.274,4.2295021183031904,0.6305720692253106,3.5989300490778797,4.860074187528501
0,1500,0.275,4.264562689302586,0.6313245361281505,3.6332381531744358,4.895887225430737
0,1500,0.276,4.299234812073821,0.6323518100602664,3.6668830020135545,4.931586622134088
0,1500,0.277,4.333519479079744,0.6336407343685656,3.699878744711178,4.9671602134483095
0,1500,0.278,4.367417682783201,0.6351781542302911,3.73223952855291,5.002595837013493
0,1500,0.279,4.400930415647044,0.636950966981901,3.763979448665143,5.037881382628945
0,1500,0.28,4.434058670134117,0.6389461687966072,3.79511250133751,5.073004838930725
0,1500,0.281,4.466803438707273,0.6411508974547809,3.825652541252492,5.107954336162054
0,1500,0.28200000000000003,4.499165713829358,0.6435524710467962,3.8556132427825616,5.142718184876154
0,1500,0.28300000000000003,4.531146487963223,0.6461384225353402,3.885008065427883,5.177284910498564
0,1500,0.28400000000000003,4.562746753571718,0.6488965301821176,3.9138502233896,5.211643283753835
0,1500,0.28500000000000003,4.593967503117686,0.65181484391139,3.9421526592062963,5.245782347029076
0,1500,0.28600000000000003,4.62480972906398,0.6548817077394314,3.9699280213245483,5.279691436803411
0,1500,0.28700000000000003,4.65527442387345,0.6580857784448945,3.997188645428555,5.313360202318344
0,1500,0.28800000000000003,4.685362580008938,0.6614160406906598,4.0239465393182785,5.346778620699598
0,1500,0.28900000000000003,4.715075189933301,0.6648618188337362,4.050213371099565,5.379937008767037
0,1500,0.29000000000000004,4.744413246109381,0.6684127856770665,4.076000460432314,5.412826031786447
0,1500,0.29100000000000004,4.773377741000031,0.6720589684267663,4.101318772573265,5.445436709426797
0,1500,0.29200000000000004,4.801969667068096,0.6757907521213805,4.126178914946715,5.477760419189476
0,1500,0.29300000000000004,4.830190016776428,0.6795988807973425,4.150591135979086,5.50978889757377
0,1500,0.29400000000000004,4.858039782587873,0.6834744566479455,4.174565325939928,5.541514239235819
0,1500,0.29500000000000004,4.885519956965283,0.6874089374227781,4.198111019542505,5.5729288943880615
0,1500,0.29600000000000004,4.912631532371503,0.6913941323016006,4.221237400069902,5.604025664673103
0,1500,0.29700000000000004,4.9393755012693825,0.6954221964618228,4.24395330480756,5.634797697731205
0,1500,0.29800000000000004,4.965752856121771,0.6994856245427324,4.266267231579039,5.665238480664503
0,1500,0.29900000000000004,4.991764589391518,0.7035772431930177,4.2881873461985,5.6953418325845355
0,1500,0.30000000000000004,5.017411693541467,0.70769020287134,4.309721490670127,5.725101896412807
0,1500,0.30100000000000005,5.042695161034477,0.7118179690531509,4.330877191981326,5.754513130087627
0,1500,0.30200000000000005,5.067615984333388,0.7159543129808759,4.351661671352512,5.783570297314264
0,1500,0.30300000000000005,5.09217515590105,0.7200933020792392,4.372081853821811,5.81226845798029
0,1500,0.30400000000000005,5.116373668200315,0.7242292901430044,4.392144378057311,5.840602958343319
0,1500,0.30500000000000005,5.140212513694029,0.7283569073908877,4.411855606303141,5.868569421084916
0,1500,0.30600000000000005,5.163692684845038,0.7324710504668989,4.431221634378139,5.896163735311936
0,1500,0.30700000000000005,5.186815174116196,0.7365668724589132,4.450248301657283,5.923382046575109
0,1500,0.30800000000000005,5.20958097397035,0.7406397729938548,4.468941200976495,5.950220746964204
0,1500,0.309,5.2319910768703455,0.7446853884594812,4.487305688410864,5.9766764653298265
0,1500,0.31,5.254046475279035,0.7486995823943385,4.505346892884696,6.002746057673373
0,1500,0.311,5.275748161659266,0.7526784360799412,4.523069725579324,6.028426597739207
0,1500,0.312,5.2970971284738875,0.7566182393626046,4.540478889111283,6.053715367836492
0,1500,0.313,5.318094368185748,0.7605154817265157,4.557578886459233,6.078609849912263
0,1500,0.314,5.338740873257695,0.764366843634521,4.574374029623174,6.103107716892216
0,1500,0.315,5.359037636152579,0.7681691881486773,4.590868448003902,6.127206824301257
0,1500,0.316,5.378985649333248,0.7719195528387908,4.6070660964944565,6.150905202172039
0,1500,0.317,5.398585905262548,0.775615141983875,4.622970763278673,6.174201047246424
0,1500,0.318,5.417839396403332,0.7792533190686834,4.638586077334649,6.1970927154720155
0,1500,0.319,5.436747115218446,0.7828315995750935,4.6539155156433525,6.219578714793539
0,1500,0.32,5.45531005417074,0.7863476440661664,4.668962410104573,6.2416576982369065
0,1500,0.321,5.473529205723059,0.7897992515590591,4.683729954164,6.263328457282118
0,1500,0.322,5.491405562338258,0.793184353181634,4.698221209156624,6.284589915519892
0,1500,0.323,5.508940116479181,0.7965010061065256,4.712439110372655,6.305441122585707
0,1500,0.324,5.526133860608678,0.7997473877555896,4.726386472853089,6.325881248364268
0,1500,0.325,5.542987787189596,0.8029217902669806,4.740065996922616,6.345909577456577
0,1500,0.326,5.559502888684785,0.8060226152166277,4.753480273468157,6.365525503901412
0,1500,0.327,5.5756801575570965,0.8090483685855233,4.766631788971573,6.38472852614262
0,1500,0.328,5.5915205862693735,0.8119976559640224,4.779522930305351,6.403518242233396
0,1500,0.329,5.607025167284471,0.8148691779842209,4.79215598930025,6.421894345268692
0,1500,0.33,5.622194893065234,0.8176617259714392,4.804533167093794,6.439856619036673
0,1500,0.331,5.637030756074509,0.8203741778058893,4.81665657826862,6.457404933880398
0,1500,0.332,5.651533748775147,0.8230054939856875,4.82852825478946,6.474539242760835
0,1500,0.333,5.665704863629999,0.8255547138825104,4.840150149747489,6.49125957751251
0,1500,0.334,5.679545093101911,0.8280209521813948,4.8515241409205165,6.507566045283306
0,1500,0.335,5.693055429653732,0.8304033954963738,4.8626520341573585,6.523458825150106
0,1500,0.336,5.706236865748311,0.8327012991538891,4.8735355665944216,6.5389381649022
0,1500,0.337,5.7190903938484965,0.8349139841361755,4.884176409712321,6.554004377984672
0,1500,0.338,5.731617006417136,0.8370408341770695,4.8945761722400665,6.568657840594206
0,1500,0.339,5.74381769591708,0.8390812930029838,4.9047364029140965,6.582898988920064
0,1500,0.33999999999999997,5.755693454811174,0.8410348617120582,4.914658593099116,6.596728316523231
0,1500,0.34099999999999997,5.767245275562271,0.8429010962847899,4.9243441792774805,6.610146371847061
0,1500,0.34199999999999997,5.778474150633218,0.8446796052197191,4.933794545413499,6.623153755852937
0,1500,0.34299999999999997,5.789381072486863,0.8463700472880342,4.943011025198829,6.6357511197748975
0,1500,0.344,5.799967033586055,0.8479721294012307,4.951994904184825,6.647939162987286
0,1500,0.345,5.810233026393644,0.8494856045862297,4.960747421807414,6.6597186309798735
0,1500,0.346,5.820180043372476,0.8509102700626239,4.969269773309852,6.6710903134351
0,1500,0.347,5.829809076985402,0.8522459654169781,4.977563111568424,6.68205504240238
0,1500,0.348,5.839121119695268,0.8534925708693583,4.98562854882591,6.6926136905646265
0,1500,0.349,5.848117163964925,0.8546500056274999,4.993467158337426,6.702767169592425
0,1500,0.35,5.856798202257222,0.8557182263242562,5.001079975932965,6.712516428581479
0,1500,0.351,5.865165227035005,0.856697225534204,5.008468001500801,6.7218624525692094
0,1500,0.352,5.873219230761124,0.857587030365471,5.015632200395653,6.730806261126594
0,1500,0.353,5.880961205898428,0.8583877011230799,5.022573504775348,6.739348907021508
0,1500,0.354,5.888392144909767,0.8590993300402826,5.029292814869485,6.74749147495005
0,1500,0.355,5.895513040257988,0.8597220400745489,5.03579100018344,6.755235080332537
0,1500,0.356,5.902324884405939,0.8602559837650602,5.042068900640879,6.762580868170999
0,1500,0.357,5.9088286698164705,0.8607013421487147,5.048127327667756,6.769530011965185
0,1500,0.358,5.915025388952431,0.8610583237318233,5.053967065220608,6.776083712684255
0,1500,0.359,5.920916034276665,0.8613271635148267,5.059588870761838,6.782243197791492
0,1500,0.36,5.926501598252027,0.8615081220675116,5.064993476184515,6.788009720319538
0,1500,0.361,5.931783073341363,0.8616014846523351,5.070181588689027,6.793384557993698
0,1500,0.362,5.936761452007522,0.8616075603936189,5.075153891613903,6.798369012401141
0,1500,0.363,5.941437726713351,0.8615266814904724,5.079911045222879,6.802964408203824
0,1500,0.364,5.945812889921702,0.8613592024714565,5.084453687450245,6.8071720923931585
0,1500,0.365,5.949887934095421,0.8611054994890798,5.088782434606341,6.810993433584501
0,1500,0.366,5.953663851697357,0.8607659696523542,5.092897882045003,6.8144298213497105
0,1500,0.367,5.957141635190359,0.8603410303957265,5.096800604794632,6.817482665586086
0,1500,0.368,5.9603222770372755,0.8598311188827956,5.10049115815448,6.820153395920071
0,1500,0.369,5.963206769700957,0.8592366914433331,5.103970078257624,6.82244346114429
0,1500,0.37,5.96579610564425,0.8585582230421939,5.107237882602056,6.824354328686444
0,1500,0.371,5.968091277330004,0.8577962067788035,5.1102950705512,6.825887484108807
0,1500,0.372,5.970093277221066,0.8569511534159738,5.113142123805092,6.82704443063704
0,1500,0.373,5.9718030977802865,0.8560235909368864,5.1157795068434,6.827826688717173
0,1500,0.374,5.973221731470515,0.8550140641291418,5.118207667341373,6.828235795599657
0,1500,0.375,5.974350170754598,0.8539231341948545,5.120427036559744,6.828273304949453
0,1500,0.376,5.975189408095384,0.8527513783858256,5.122438029709558,6.827940786481209
0,1500,0.377,5.975740435955724,0.8514993896628926,5.124241046292831,6.827239825618617
0,1500,0.378,5.976004246798464,0.8501677763786164,5.125836470419848,6.82617202317708
0,1500,0.379,5.975981833086455,0.8487571619825156,5.1272246711039395,6.82473899506897
0,1500,0.38,5.975674187282545,0.8472681847481155,5.12840600253443,6.82294237203066
0,1500,0.381,5.975082301849582,0.8457014975211279,5.129380804328454,6.8207837993707106
0,1500,0.382,5.974207169250414,0.8440577674881273,5.130149401762287,6.818264936738542
0,1500,0.383,5.973049781947891,0.8423376759651349,5.130712105982756,6.815387457913026
0,1500,0.384,5.9716111324048615,0.8405419182055661,5.131069214199296,6.812153050610427
0,1500,0.385,5.969892213084174,0.8386712032270374,5.1312210098571365,6.808563416311212
0,1500,0.386,5.967894016448678,0.8367262536565736,5.131167762792105,6.804620270105252
0,1500,0.387,5.965617534961219,0.8347078055937882,5.130909729367431,6.800325340555007
0,1500,0.388,5.9630637610846495,0.8326166084916569,5.130447152592993,6.795680369576306
0,1500,0.389,5.960233687281817,0.830453425054526,5.129780262227291,6.790687112336343
0,1500,0.39,5.957128306015569,0.8282190311530445,5.128909274862525,6.785347337168614
0,1500,0.391,5.953748609748755,0.8259142157557344,5.12783439399302,6.779662825504489
0,1500,0.392,5.9500955909442235,0.8235397808769489,5.126555810067274,6.773635371821173
0,1500,0.393,5.946170242064822,0.821096541540992,5.12507370052383,6.767266783605814
0,1500,0.394,5.9419735555734015,0.8185853257622113,5.12338822981119,6.760558881335613
0,1500,0.395,5.937506523932808,0.816006974540898,5.12149954939191,6.753513498473707
0,1500,0.396,5.932770139605894,0.8133623418748542,5.119407797731039,6.746132481480748
0,1500,0.397,5.927765395055504,0.8106522947865191,5.117113100268985,6.738417689842023
0,1500,0.398,5.922493282744489,0.8078777133655622,5.114615569378927,6.730370996110052
0,1500,0.399,5.916954795135697,0.8050394908268863,5.111915304308811,6.721994285962584
0,1500,0.4,5.9111509246919764,0.802138533583995,5.109012391107981,6.7132894582759715
0,1500,0.401,5.905082663876178,0.7991757613377097,5.105906902538468,6.704258425213888
0,1500,0.402,5.898751005151148,0.796152107180237,5.1025988979709105,6.694903112331385
0,1500,0.403,5.892156940979734,0.7930685177146114,5.099088423265123,6.685225458694346
0,1500,0.404,5.885301463824787,0.7899259531895535,5.095375510635233,6.67522741701434
0,1500,0.405,5.878185566149156,0.7867253876498058,5.09146017849935,6.664910953798962
0,1500,0.406,5.870810240415688,0.7834678091020199,5.087342431313668,6.654278049517708
0,1500,0.40700000000000003,5.863176479087233,0.7801542196962917,5.083022259390941,6.643330698783525
0,1500,0.40800000000000003,5.855285274626638,0.7767856359234497,5.078499638703189,6.6320709105500875
0,1500,0.40900000000000003,5.847137619496754,0.7733630888282194,5.073774530668535,6.620500708324974
0,1500,0.41000000000000003,5.838734506160428,0.7698876242383926,5.068846881922036,6.60862213039882
0,1500,0.41100000000000003,5.8300769270805075,0.7663603030101502,5.0637166240703575,6.5964372300906575
0,1500,0.41200000000000003,5.821165874719844,0.7627822012896902,5.0583836734301535,6.583948076009534
0,1500,0.41300000000000003,5.812002341541284,0.7591544107913134,5.05284793074997,6.571156752332597
0,1500,0.41400000000000003,5.802587320007678,0.7554780390921453,5.0471092809155325,6.558065359099824
0,1500,0.41500000000000004,5.792921802581873,0.7517542099436479,5.0411675926382244,6.544676012525521
0,1500,0.41600000000000004,5.7830067817267174,0.7479840636001025,5.035022718126615,6.53099084532682
0,1500,0.41700000000000004,5.772843249905062,0.7441687571642239,5.028674492740838,6.517012007069286
0,1500,0.41800000000000004,5.762432199579754,0.7403094649500719,5.022122734629682,6.502741664529826
0,1500,0.41900000000000004,5.751774623213642,0.7364073788634171,5.015367244350225,6.488182002077059
0,1500,0.42000000000000004,5.740871513269574,0.7324637087997049,5.0084078044698686,6.473335222069279
0,1500,0.42100000000000004,5.729723862210401,0.7284796830597493,5.0012441791506514,6.45820354527015
0,1500,0.42200000000000004,5.71833266249897,0.7244565487832676,4.993876113715702,6.442789211282237
0,1500,0.42300000000000004,5.706698906598128,0.7203955724003488,4.98630333419778,6.427094478998477
0,1500,0.42400000000000004,5.6948235869707275,0.7162980401009134,4.978525546869815,6.4111216270716405
0,1500,0.42500000000000004,5.682707696079614,0.7121652583221941,4.97054243775742,6.394872954401809
0,1500,0.42600000000000005,5.670352226387639,0.7079985542542283,4.9623536721334105,6.378350780641867
0,1500,0.42700000000000005,5.657758170357647,0.7037992763632998,4.953958893994348,6.361557446720947
0,1500,0.42800000000000005,5.644926520452491,0.6995687949332261,4.945357725519265,6.344495315385717
0,1500,0.42900000000000005,5.631858269135017,0.6953085026243145,4.936549766510702,6.327166771759331
0,1500,0.43000000000000005,5.618554408868075,0.6910198150497463,4.927534593818328,6.309574223917822
0,1500,0.43100000000000005,5.6050159321145125,0.6867041713690728,4.91831176074544,6.291720103483585
0,1500,0.43200000000000005,5.591243831337179,0.6823630348984075,4.908880796438772,6.273606866235586
0,1500,0.43300000000000005,5.5772390989989225,0.6779978937368089,4.899241205262114,6.255236992735731
0,1500,0.43400000000000005,5.563002727562593,0.6736102614082252,4.889392466154368,6.236612988970818
0,1500,0.43500000000000005,5.548535709491038,0.669201677518257,4.879334031972781,6.2177373870092945
0,1500,0.43600000000000005,5.533839037247106,0.6647737084248437,4.869065328822263,6.19861274567195
0,1500,0.43700000000000006,5.518913703293647,0.660327947921829,4.858585755371818,6.1792416512154755
0,1500,0.43800000000000006,5.5037607000935065,0.655866017934187,4.847894682159319,6.159626718027694
0,1500,0.43900000000000006,5.488381020109537,0.6513895692234994,4.836991450886037,6.139770589333036
0,1500,0.44000000000000006,5.472775655804585,0.6469002821020676,4.825875373702518,6.119675937906653
0,1500,0.44100000000000006,5.4569455996415,0.6423998671538048,4.814545732487695,6.099345466795305
0,1500,0.44200000000000006,5.44089184408313,0.6378900659598149,4.803001778123315,6.078781910042945
0,1500,0.44300000000000006,5.424615381592324,0.6333726518262746,4.79124272976605,6.0579880334185985
0,1500,0.44400000000000006,5.408117204631931,0.6288494305119486,4.779267774119982,6.036966635143879
0,1500,0.44500000000000006,5.391398305664799,0.6243222409523318,4.767076064712467,6.015720546617131
0,1500,0.44600000000000006,5.374459677153777,0.6197929559770656,4.7546667211767115,5.994252633130843
0,1500,0.44700000000000006,5.357302311561713,0.615263483016894,4.742038828544819,5.972565794578607
0,1500,0.44800000000000006,5.339927201351458,0.6107357647960123,4.729191436555445,5.95066296614747
0,1500,0.44900000000000007,5.322335338985857,0.6062117800052225,4.716123558980635,5.928547118991079
0,1500,0.45000000000000007,5.304527716927761,0.6016935439508418,4.702834172976919,5.906221260878603
0,1500,0.45100000000000007,5.286505327640018,0.5971831091738024,4.6893222184662156,5.883688436813821
0,1500,0.45199999999999996,5.26826916358548,0.5926825660328547,4.675586597552625,5.8609517296183355
0,1500,0.45299999999999996,5.24982021722699,0.5881940432452161,4.661626173981774,5.838014260472206
0,1500,0.45399999999999996,5.231159481027399,0.5837197083774271,4.647439772649972,5.814879189404826
0,1500,0.45499999999999996,5.212287947449556,0.5792617682785375,4.6330261791710186,5.7915497157280935
0,1500,0.45599999999999996,5.19320660895631,0.5748224694471157,4.618384139509194,5.768029078403426
0,1500,0.45699999999999996,5.173916458010508,0.5704040983228996,4.603512359687608,5.744320556333408
0,1500,0.45799999999999996,5.1544184870750005,0.5660089814932183,4.588409505581782,5.720427468568219
0,1500,0.45899999999999996,5.134713688612636,0.5616394858036151,4.573074202809021,5.6963531744162506
0,1500,0.45999999999999996,5.114803055086262,0.5572980183613949,4.5575050367248675,5.6721010734476565
0,1500,0.46099999999999997,5.094687578958728,0.5529870264201106,4.541700552538617,5.647674605378838
0,1500,0.46199999999999997,5.074368252692882,0.5487089971323053,4.525659255560577,5.6230772498251875
0,1500,0.46299999999999997,5.053846068751573,0.5444664571571471,4.509379611594426,5.598312525908721
0,1500,0.46399999999999997,5.03312201959765,0.5402619721089499,4.4928600474887,5.5733839917066
0,1500,0.46499999999999997,5.012197097693962,0.5360981458319691,4.476098951861992,5.548295243525931
0,1500,0.46599999999999997,4.991072295503356,0.5319776194863297,4.459094676017026,5.523049914989686
0,1500,0.46699999999999997,4.969748605488682,0.5279030704294772,4.441845535059205,5.49765167591816
0,1500,0.46799999999999997,4.948227020112789,0.5238772108771915,4.424349809235597,5.472104230989981
0,1500,0.469,4.926508531838525,0.5199027863279632,4.4066057455105625,5.446411318166488
0,1500,0.47,4.904594133128739,0.5159825737344361,4.3886115593943025,5.420576706863175
0,1500,0.471,4.8824848164462775,0.5121193794057035,4.370365437040574,5.394604195851981
0,1500,0.472,4.860181574253993,0.5083160366245143,4.351865537629479,5.3684976108785065
0,1500,0.473,4.837685399014731,0.5045754029639415,4.33310999605079,5.342260801978672
0,1500,0.474,4.814997283191342,0.5009003572888181,4.314096925902525,5.31589764048016
0,1500,0.475,4.7921182192466745,0.49729379642826455,4.29482442281841,5.289412015674939
0,1500,0.476,4.769049199643574,0.49375863150697347,4.275290568136601,5.262807831150548
0,1500,0.477,4.745791216844895,0.4902977839245731,4.255493432920321,5.236089000769468
0,1500,0.478,4.722345263313481,0.4869141809744156,4.2354310823390655,5.209259444287897
0,1500,0.479,4.6987123315121835,0.48361075109551976,4.215101580416664,5.182323082607703
0,1500,0.48,4.674893413903849,0.48039041875418387,4.194502995149665,5.155283832658033
0,1500,0.481,4.650889502951329,0.47725609895494653,4.173633403996383,5.128145601906275
0,1500,0.482,4.626701591117469,0.474210691384148,4.152490899733321,5.100912282501618
0,1500,0.483,4.602330670865121,0.4712570741932933,4.131073596671827,5.073587745058415
0,1500,0.484,4.577777734657131,0.46839809743373734,4.109379637223394,5.046175832090868
0,1500,0.485,4.553043774956348,0.4656365761588729,4.087407198797475,5.01868035111522
0,1500,0.486,4.528129784225622,0.46297528321494996,4.065154501010672,4.991105067440572
0,1500,0.487,4.5030367549278,0.46041694174684317,4.0426198131809565,4.963453696674644
0,1500,0.488,4.477765679525732,0.45796421745044713,4.019801462075285,4.93572989697618
0,1500,0.489,4.452317550482266,0.4556197106088166,3.996697839873449,4.9079372610910825
0,1500,0.49,4.426693360260251,0.45338594795460874,3.973307412305642,4.88007930821486
0,1500,0.491,4.400894101322535,0.4512653744066974,3.949628726915838,4.852159475729232
0,1500,0.492,4.374920766131969,0.4492603447339129,3.925660421398056,4.824181110865882
0,1500,0.493,4.348774347151398,0.44737311520358114,3.901401231947817,4.796147462354979
0,1500,0.494,4.322455836843672,0.44560583527676484,3.8768500015669076,4.768061672120437
0,1500,0.495,4.2959662276716415,0.44396053941571795,3.8520056882559235,4.7399267670873595
0,1500,0.496,4.269306512098153,0.44243913907192184,3.826867373026231,4.711745651170075
0,1500,0.497,4.242477682586056,0.4410434149250548,3.8014342676610013,4.683521097511111
0,1500,0.498,4.215480731598198,0.4397750094442553,3.775705722153943,4.6552557410424535
0,1500,0.499,4.188316651597431,0.4386354198429708,3.74968123175446,4.626952071440401
0,1500,0.5,4.1609864350466,0.43762599149747755,3.7233604435491223,4.5986124265440775
0,1500,0.501,4.133491074408555,0.43674791189676443,3.696743162511791,4.57023898630532
0,1500,0.502,4.105831562146145,0.4360022051878759,3.669829356958269,4.541833767334021
0,1500,0.503,4.078008890722218,0.43538972737603415,3.642619163346184,4.513398618098252
0,1500,0.504,4.050024052599623,0.43491116223294096,3.615112890366682,4.484935214832564
0,1500,0.505,4.0218780402412095,0.4345670179596939,3.587311022281516,4.456445058200903
0,1500,0.506,3.993571846109824,0.43435762464284206,3.559214221466982,4.427929470752666
0,1500,0.507,3.965106462668318,0.4342831325334074,3.5308233301349103,4.3993895952017255
0,1500,0.508,3.9364828823795373,0.4343435111693621,3.502139371210175,4.370826393548899
0,1500,0.509,3.9077020977063324,0.4345385493522969,3.4731635483540355,4.342240647058629
0,1500,0.51,3.8787651011115516,0.43486785597901095,3.4438972451325407,4.3136329570905625
0,1500,0.511,3.8496728850580433,0.43533086171874197,3.414342023339301,4.285003746776785
0,1500,0.512,3.820426442008656,0.43592682151693,3.3844996204917264,4.256353263525586
0,1500,0.513,3.7910267644262388,0.43665481789698707,3.354371946529252,4.227681582323226
0,1500,0.514,3.76147484477364,0.43751376502270994,3.32396107975093,4.19898860979635
0,1500,0.515,3.7317716755137087,0.43850241347591207,3.293269262037797,4.170274088989621
0,1500,0.516,3.7019182491092932,0.4396193556967029,3.2622988934125905,4.141537604805996
0,1500,0.517,3.6719155580232417,0.44086303202772886,3.231052525995513,4.11277859005097
0,1500,0.518,3.641764594718404,0.4422317372987054,3.199532857419699,4.08399633201711
0,1500,0.519,3.6114663516576284,0.44372362788376635,3.1677427237738622,4.055189979541395
0,1500,0.52,3.5810218213037626,0.44533672916155587,3.135685092142207,4.026358550465319
0,1500,0.521,3.550431996119656,0.447068943306582,3.1033630528130742,3.997500939426238
0,1500,0.522,3.5196978685681573,0.448918057340104,3.070779811228053,3.9686159259082614
0,1500,0.523,3.4888204311121154,0.4508817513696643,3.0379386797424512,3.9397021824817795
0,1500,0.524,3.457800676214378,0.4529576069482203,3.004843069266158,3.910758283162598
0,1500,0.525,3.4266395963377954,0.45514311548656833,2.971496480851227,3.8817827118243637
0,1500,0.526,3.3953381839452144,0.45743568665627043,2.937902497288944,3.8527738706014847
0,1500,0.527,3.3638974314994847,0.4598326567244552,2.9040647747750294,3.82373008822394
0,1500,0.528,3.332318331463455,0.46233129676654827,2.8699870346969067,3.794649628230003
0,1500,0.529,3.3006018762999734,0.464928820708051,2.8356730555919225,3.7655306970080242
0,1500,0.53,3.268749058471889,0.46762239315181636,2.8011266653200724,3.736371451623705
0,1500,0.531,3.23676087044205,0.4704091369527251,2.7663517334893246,3.707170007394775
0,1500,0.532,3.204638304673306,0.4732861405071643,2.7313521641661413,3.6779244451804702
0,1500,0.533,3.1723823536285045,0.47625046473012217,2.6961318888983823,3.6486328183586267
0,1500,0.534,3.139994009770495,0.4792991496979796,2.6606948600725153,3.6192931594684743
0,1500,0.535,3.107474265562125,0.4824292209401061,2.625045044622019,3.589903486502231
0,1500,0.536,3.074824113466245,0.4856376953671175,2.5891864180991275,3.560461808833362
0,1500,0.537,3.0420445459457026,0.4889215868280561,2.5531229591176468,3.5309661327737585
0,1500,0.538,3.009136555463346,0.4922779112928035,2.5168586441705423,3.5014144667561493
0,1500,0.539,2.976101134482024,0.4957036916596884,2.4803974428223357,3.4718048261417125
0,1500,0.54,2.9429392754645867,0.49919596219151224,2.4437433132730746,3.4421352376560987
0,1500,0.541,2.9096519708738815,0.5027517725860752,2.4069001982878064,3.4124037434599566
0,1500,0.542,2.876240213172757,0.5063681916897492,2.369872021483008,3.382608404862506
0,1500,0.543,2.8427049948240617,0.5100423108647353,2.3326626839593265,3.352747305688797
0,1500,0.544,2.8090473082906446,0.513771247022368,2.2952760612682765,3.3228185553130127
0,1500,0.545,2.775268146035355,0.5175521453362177,2.257716000699137,3.292820291371573
0,1500,0.546,2.741368500521041,0.5213821816498158,2.2199863188712254,3.2627506821708567
0,1500,0.547,2.7073493642105513,0.5252585645946185,2.1820907996159327,3.23260792880517
0,1500,0.548,2.6732117295667335,0.5291785374343537,2.1440331921323796,3.2023902670010873
0,1500,0.549,2.638956589052438,0.5331393796521958,2.105817209400242,3.1720959687046335
0,1500,0.55,2.6045849351305126,0.5371384082973121,2.0674465268332005,3.1417233434278247
0,1500,0.551,2.570097760263806,0.5411729791072463,2.02892478115656,3.1112707393710526
0,1500,0.552,2.5354960569151666,0.5452404874223795,1.990255569492787,3.080736544337546
0,1500,0.553,2.5007808175474437,0.5493383689083521,1.9514424486390918,3.0501191864557957
0,1500,0.554,2.4659530346234857,0.5534641001018776,1.912488934521608,3.019417134725363
0,1500,0.555,2.431013700606141,0.5576151987948377,1.8733985018113035,2.988628899400979
0,1500,0.556,2.3959638079582586,0.561789224270941,1.8341745836873176,2.9577530322291996
0,1500,0.557,2.3608043491426867,0.5659837774085791,1.7948205717341077,2.9267881265512656
0,1500,0.558,2.3255363166222742,0.5701965006628185,1.7553398159594558,2.8957328172850927
0,1500,0.559,2.29016070285987,0.574425077938768,1.715735624921102,2.864585780798638
0,1500,0.56,2.2546785003183225,0.57866723436783,1.6760112659504927,2.8333457346861524
0,1500,0.561,2.2190907014604804,0.5829207359976343,1.636169965462846,2.8020114374581144
0,1500,0.562,2.183398298749192,0.5871833894057303,1.5962149093434617,2.7705816881549223
0,1500,0.5630000000000001,2.1476022846473066,0.5914530412464196,1.556149243400887,2.7390553258937262
0,1500,0.5640000000000001,2.111703651617673,0.5957275777394224,1.5159760738782506,2.7074312293570957
0,1500,0.5650000000000001,2.0757033921231387,0.6000049241084179,1.4756984680147207,2.6757083162315567
0,1500,0.5660000000000001,2.0396024986265537,0.6042830439768603,1.4353194546496935,2.643885542603414
0,1500,0.5670000000000001,2.0034019635907656,0.6085599387278683,1.3948420248628972,2.611961902318634
0,1500,0.5680000000000001,1.9671027794786236,0.6128336468344122,1.3542691326442113,2.5799364263130355
0,1500,0.5690000000000001,1.9307059387529761,0.6171022431654752,1.313603695587501,2.5478081819184513
0,1500,0.5700000000000001,1.8942124338766724,0.6213638382733563,1.2728485956033162,2.5155762721500285
0,1500,0.5710000000000001,1.8576232573125608,0.6256165776667975,1.2320066796457634,2.4832398349793583
0,1500,0.5720000000000001,1.8209394015234888,0.6298586410741713,1.1910807604493174,2.4507980425976603
0,1500,0.5730000000000001,1.7841618589723065,0.6340882417005427,1.1500736172717638,2.418250100672849
0,1500,0.5740000000000001,1.747291622121863,0.6383036254820325,1.1089879966398306,2.3855952476038955
0,1500,0.5750000000000001,1.710329683435005,0.642503070340549,1.067826613094456,2.3528327537755542
0,1500,0.5760000000000001,1.6732770353745825,0.6466848854416187,1.0265921499329638,2.3199619208162012
0,1500,0.5770000000000001,1.636134670403444,0.6508474104577447,0.9852872599456993,2.286982080861189
0,1500,0.5780000000000001,1.598903580984438,0.6549890148394413,0.9439145661449968,2.2538925958238796
0,1500,0.5790000000000001,1.561584759580414,0.6591080970958285,0.9024766624845855,2.2206928566762425
0,1500,0.58,1.524179198654223,0.6632030840864473,0.8609761145677757,2.1873822827406704
0,1500,0.581,1.4866878906687067,0.6672724303257331,0.8194154603429735,2.1539603209944396
0,1500,0.582,1.4491118280867172,0.6713146173013921,0.7777972107853252,2.120426445388109
0,1500,0.583,1.4114520033711042,0.6753281528077589,0.7361238505633453,2.0867801561788633
0,1500,0.584,1.3737094089847157,0.679311570295044,0.6943978386896718,2.0530209792797596
0,1500,0.585,1.3358850373903999,0.6832634282352421,0.6526216091551578,2.019148465625642
0,1500,0.586,1.2979798810510057,0.6871823095053453,0.6107975715456604,1.985162190556351
0,1500,0.587,1.2599949324293829,0.691066820788392,0.5689281116409909,1.951061753217775
0,1500,0.588,1.2219311839883786,0.6949155919927771,0.5270155919956016,1.9168467759811558
0,1500,0.589,1.1837896281908422,0.6987272756901599,0.4850623525006823,1.8825169038810021
0,1500,0.59,1.1455712574996217,0.7025005465722324,0.44307071092738937,1.848071804071854
0,1500,0.591,1.1072770643775673,0.7062341009265316,0.40104296345103574,1.813511165304099
0,1500,0.592,1.0689080412875263,0.7099266561314281,0.3589813851560981,1.7788346974189544
0,1500,0.593,1.0304651806923468,0.7135769501703633,0.31688823052198356,1.74404213086271
0,1500,0.594,0.9919494750548793,0.7171837411653655,0.27476573388951375,1.7091332162202448
0,1500,0.595,0.9533619168379709,0.7207458069298417,0.2326161099081292,1.6741077237678126
0,1500,0.596,0.9147034985044721,0.7242619445405971,0.19044155396387497,1.6389654430450693
0,1500,0.597,0.8759752125172291,0.7277309699290239,0.14824424258820523,1.603706182446253
0,1500,0.598,0.8371780513390921,0.7311517174913656,0.10602633384772642,1.5683297688304578
0,1500,0.599,0.7983130074329096,0.7345230397179577,0.06378996771495182,1.5328360471508673
0,1500,0.6,0.7593810732615306,0.7378438068413236,0.021537266420207035,1.4972248801028543
0,1500,0.601,0.7203832412878017,0.7411129065030057,-0.02072966521520392,1.4614961477908075
0,1500,0.602,0.6813205039745746,0.7443292434389976,-0.06300873946442309,1.4256497474135723
0,1500,0.603,0.6421938537846955,0.7474917391836511,-0.10529788539895557,1.3896855929683465
0,1500,0.604,0.6030042831810147,0.7505993317919231,-0.14759504861090833,1.3536036149729378
0,1500,0.605,0.5637527846263801,0.7536509755798417,-0.1898981909534616,1.3174037602062219
0,1500,0.606,0.5244403505836398,0.7566456408830698,-0.23220529029943004,1.2810859914667097
0,1500,0.607,0.4850679735156439,0.7595823138334555,-0.27451434031781163,1.2446502873490994
0,1500,0.608,0.44563664588523955,0.7624599961534733,-0.3168233502682337,1.2080966420387127
0,1500,0.609,0.4061473601552765,0.7652777049684667,-0.35913034481319017,1.1714250651237432
0,1500,0.61,0.3666011087886024,0.7680344726366227,-0.4014333638480203,1.1346355814252251
0,1500,0.611,0.32699888424806767,0.770729346596623,-0.4437304623485553,1.0977282308446905
0,1500,0.612,0.2873416789965193,0.7733613892329346,-0.4860197102364153,1.0607030682294538
0,1500,0.613,0.247630485496806,0.7759296777587233,-0.5282991922619173,1.0235601632555293
0,1500,0.614,0.207866296211777,0.7784333041163934,-0.5705670079046165,0.9862996003281704
0,1500,0.615,0.16805010360428174,0.7808713748957797,-0.612821271291498,0.9489214785000615
0,1500,0.616,0.12818290013716693,0.7832430112700451,-0.6550601111328782,0.9114259114072121
0,1500,0.617,0.08826567827328302,0.7855473489493541,-0.697281670676071,0.8738130272226371
0,1500,0.618,0.0482994304754768,0.7877835381524286,-0.7394841076769518,0.8360829686279054
0,1500,0.619,0.008285149206599285,0.7899507435961152,-0.7816655943895159,0.7982358928027145
0,1500,0.62,-0.03177617307050262,0.7920481445031226,-0.8238243175736252,0.7602719714326199
0,1500,0.621,-0.07188354389298035,0.7940749346281183,-0.8659584785210986,0.7221913907351379
0,1500,0.622,-0.11203597079798377,0.7960303223024089,-0.9080662931003927,0.6839943515044251
0,1500,0.623,-0.15223246132266577,0.7979135304974592,-0.9501459918201249,0.6456810691747934
0,1500,0.624,-0.19247202300417598,0.7997237969075369,-0.9921958199117129,0.6072517739033609
0,1500,0.625,-0.23275366337966819,0.8014603740518187,-1.0342140374314868,0.5687067106721505
0,1500,0.626,-0.27307638998629147,0.8031225293963106,-1.076198919382602,0.5300461394100191
0,1500,0.627,-0.31343921036119793,0.8047095454960006,-1.1181487558571985,0.49127033513480267
0,1500,0.628,-0.3538411320415391,0.8062207201576823,-1.1600618521992214,0.4523795881161432
0,1500,0.629,-0.39428116256446666,0.8076553666239433,-1.2019365291884099,0.41337420405947667
0,1500,0.63,-0.4347583094671317,0.8090128137788526,-1.2437711232459843,0.3742545043117209
0,1500,0.631,-0.4752715802866847,0.810292406375935,-1.2855639866626198,0.3350208260892503
0,1500,0.632,-0.5158199825602783,0.8114935052890613,-1.3273134878493396,0.295673522728783
0,1500,0.633,-0.556402523825063,0.8126154877869431,-1.369018011612006,0.2562129639618802
0,1500,0.634,-0.5970182116181899,0.8136577478319744,-1.4106759594501643,0.2166395362137845
0,1500,0.635,-0.6376660534768124,0.8146196964042158,-1.4522857498810282,0.17695364292740345
0,1500,0.636,-0.6783450569380785,0.8155007618513807,-1.4938458187894592,0.1371557049133022
0,1500,0.637,-0.7190542295391416,0.8163003902657504,-1.535354619804892,0.09724616072660885
0,1500,0.638,-0.7597925788171538,0.8170180458889986,-1.5768106247061524,0.05722546707184484
0,1500,0.639,-0.8005591123092639,0.8176532115459915,-1.6182123238552553,0.017094099236727556
0,1500,0.64,-0.8413528375526265,0.8182053891086936,-1.65955822666132,-0.023147448443932905
0,1500,0.641,-0.8821727620843904,0.8186740999913857,-1.7008468620757762,-0.0634986620930047
0,1500,0.642,-0.9230178934417081,0.8190588856784928,-1.742076779120201,-0.10395900776321532
0,1500,0.643,-0.9638872391617304,0.8193593082863919,-1.7832465474481223,-0.14452793087533844
0,1500,0.644,-1.0047798067816074,0.8195749511606728,-1.82435475794228,-0.18520485562093458
0,1500,0.645,-1.0456946038384936,0.819705419510409,-1.8654000233489025,-0.22598918432808457
0,1500,0.646,-1.0866306378695383,0.8197503410811058,-1.906380978950644,-0.2668802967884325
0,1500,0.647,-1.127586916411893,0.8197093668680876,-1.9472962832799805,-0.3078775495438054
0,1500,0.648,-1.1685624470027092,0.8195821718722114,-1.9881446188749206,-0.3489802751304978
0,1500,0.649,-1.209556237179139,0.8193684558998927,-2.028924693079032,-0.39018778127924636
0,1500,0.65,-1.250567294478332,0.8190679444095715,-2.0696352388879036,-0.4314993500687604
0,1500,0.651,-1.2915946264374405,0.8186803894068626,-2.1102750158443033,-0.4729142370305779
0,1500,0.652,-1.3326372405936162,0.8182055703907776,-2.150842810984394,-0.5144316702028386
0,1500,0.653,-1.3736941444840098,0.8176432953535488,-2.1913374398375587,-0.556050849130461
0,1500,0.654,-1.414764345645774,0.8169934018367365,-2.2317577474825105,-0.5977709438090374
0,1500,0.655,-1.4558468516160572,0.8162557580464589,-2.2721026096625163,-0.6395910935695983
0,1500,0.656,-1.4969406699320138,0.8154302640307562,-2.31237093396277,-0.6815104059012576
0,1500,0.657,-1.5380448081307947,0.8145168529222708,-2.3525616610530653,-0.7235279552085239
0,1500,0.658,-1.5791582737495495,0.8135154922496124,-2.392673765999162,-0.7656427814999371
0,1500,0.659,-1.620280074325432,0.8124261853209765,-2.4327062596464084,-0.8078538890044554
0,1500,0.66,-1.661409217395591,0.8112489726837746,-2.4726581900793656,-0.8501602447118164
0,1500,0.661,-1.702544710497179,0.8099839336642624,-2.512528644161441,-0.8925607768329166
0,1500,0.662,-1.7436855611673467,0.8086311879913631,-2.55231674915871,-0.9350543731759836
0,1500,0.663,-1.784830776943247,0.8071908975091197,-2.5920216744523668,-0.9776398794341273
0,1500,0.664,-1.8259793653620306,0.8056632679824514,-2.631642633344482,-1.0203160973795793
0,1500,0.665,-1.867130333960848,0.8040485510011378,-2.6711788849619857,-1.0630817829597103
0,1500,0.666,-1.9082826902768517,0.802347045987221,-2.7106297362640728,-1.1059356442896306
0,1500,0.667,-1.9494354418471918,0.8005591023112724,-2.749994544158464,-1.1488763395359194
0,1500,0.668,-1.9905875962090191,0.7986851215232669,-2.789272717732286,-1.1919024746857523
0,1500,0.669,-2.031738160899488,0.7967255597040742,-2.8284637206035623,-1.2350126011954141
0,1500,0.67,-2.072886143455748,0.7946809299438797,-2.867567073399628,-1.2782052135118684
0,1500,0.671,-2.1140305514149498,0.7925518049541426,-2.9065823563690922,-1.3214787464608073
0,1500,0.672,-2.1551703923142447,0.7903388198199987,-2.9455092121342434,-1.364831572494246
0,1500,0.673,-2.1963046736907845,0.788042674900316,-2.9843473485911005,-1.4082619987904685
0,1500,0.674,-2.2374324030817228,0.7856641388829179,-3.0230965419646405,-1.451768264198805
0,1500,0.675,-2.2785525880242083,0.7832040520027814,-3.0617566400269896,-1.495348536021427
0,1500,0.676,-2.3196642360553916,0.7806633294313139,-3.1003275654867055,-1.5390009066240777
0,1500,0.6769999999999999,-2.360766354712421,0.7780429648450882,-3.1388093195575095,-1.582723389867333
0,1500,0.6779999999999999,-2.401857951532458,0.7753440341826725,-3.17720198571513,-1.6265139173497853
0,1500,0.6789999999999999,-2.4429380340526485,0.7725676995984446,-3.215505733651093,-1.670370334454204
0,1500,0.6799999999999999,-2.4840056098101426,0.7697152136224705,-3.253720823432613,-1.714290396187672
0,1500,0.6809999999999999,-2.5250596863420913,0.7667879235357186,-3.2918476098778098,-1.7582717628063729
0,1500,0.6819999999999999,-2.5660992711856485,0.7637872759699824,-3.329886547155631,-1.802311995215666
0,1500,0.6829999999999999,-2.6071233718779654,0.7607148217419585,-3.367838193619924,-1.8464085501360068
0,1500,0.6839999999999999,-2.648130995956189,0.7575722209309194,-3.4057032168871086,-1.8905587750252697
0,1500,0.6849999999999999,-2.6891211509574755,0.7543612482093132,-3.443482399166789,-1.9347599027481623
0,1500,0.6859999999999999,-2.7300928444189765,0.7510837984354202,-3.481176642854397,-1.9790090459835563
0,1500,0.6869999999999999,-2.7710450838778393,0.7477418925168733,-3.5187869763947126,-2.023303191360966
0,1500,0.688,-2.811976876871218,0.7443376835533714,-3.5563145604245894,-2.0676391933178464
0,1500,0.689,-2.852887230936262,0.7408734632662538,-3.593760694202516,-2.112013767670008
0,1500,0.69,-2.893775153610127,0.7373516687217686,-3.6311268223318955,-2.1564234848883586
0,1500,0.691,-2.9346396524299596,0.733774889353759,-3.6684145417837186,-2.2008647630762006
0,1500,0.692,-2.975479734932911,0.7301458742901582,-3.7056256092230693,-2.2453338606427526
0,1500,0.693,-3.0162944086561354,0.7264675399859837,-3.7427619486421193,-2.2898268686701515
0,1500,0.694,-3.0570826811367846,0.7227429781635103,-3.779825659300295,-2.334339702973274
0,1500,0.695,-3.0978435599120084,0.7189754640578634,-3.816819023969872,-2.378868095854145
0,1500,0.696,-3.1385760525189568,0.7151684649633742,-3.853744517482331,-2.4234075875555825
0,1500,0.697,-3.1792791664947835,0.711325649072626,-3.8906048155674093,-2.4679535174221576
0,1500,0.698,-3.219951909376638,0.7074508945961234,-3.9274028039727615,-2.5125010147805145
0,1500,0.699,-3.2605932887016724,0.703548299145878,-3.9641415878475503,-2.5570449895557945
0,1500,0.7,-3.301202312007038,0.6996221893608394,-4.000824501367878,-2.6015801226461983
0,1500,0.701,-3.3417779868298876,0.6956771307459569,-4.037455117575845,-2.6461008560839305
0,1500,0.702,-3.3823193207073725,0.6917179376896493,-4.074037258397022,-2.6906013830177233
0,1500,0.703,-3.422825321176639,0.6877496836165303,-4.110575004793169,-2.735075637560109
0,1500,0.704,-3.4632949957748456,0.6837777112233094,-4.147072706998155,-2.7795172845515363
0,1500,0.705,-3.503727352039139,0.6798076427357985,-4.183534994774938,-2.8239197093033406
0,1500,0.706,-3.5441213975066725,0.6758453901138997,-4.219966787620573,-2.868276007392773
0,1500,0.707,-3.5844761397145954,0.6718971651192276,-4.256373304833823,-2.912578974595368
0,1500,0.708,-3.6247905862000613,0.6679694891466973,-4.2927600753467585,-2.956821097053364
0,1500,0.709,-3.6650637445002197,0.664069202706967,-4.329132947207187,-3.0009945417932524
0,1500,0.71,-3.705294622152225,0.6602034744311384,-4.365498096583363,-3.0450911477210867
0,1500,0.711,-3.7454822266932255,0.6563798094527032,-4.401862036145928,-3.089102417240522
0,1500,0.712,-3.7856255656603746,0.6526060570045437,-4.438231622664918,-3.133019508655831
0,1500,0.713,-3.8257236465908204,0.6488904170510886,-4.474614063641909,-3.176833229539732
0,1500,0.714,-3.865775477021717,0.6452414457578268,-4.511016922779544,-3.22053403126389
0,1500,0.715,-3.9057800644902145,0.6416680595826696,-4.547448124072885,-3.264112004907545
0,1500,0.716,-3.945736416533468,0.6381795377566827,-4.58391595429015,-3.307556878776785
0,1500,0.717,-3.9856435406886224,0.6347855229060837,-4.620429063594706,-3.3508580177825387
0,1500,0.718,-4.025500444492835,0.6314960195538576,-4.656996464046692,-3.394004424938977
0,1500,0.719,-4.065306135483252,0.6283213902287669,-4.693627525712019,-3.436984745254485
0,1500,0.72,-4.1050596211970305,0.6252723489028704,-4.7303319700999005,-3.47978727229416
0,1500,0.721,-4.144759909171315,0.6223599514770095,-4.767119860648324,-3.5223999576943053
0,1500,0.722,-4.184406006943261,0.619595583038192,-4.804001589981453,-3.5648104239050693
0,1500,0.723,-4.22399692205002,0.6169909416246339,-4.840987863674654,-3.6070059804253862
0,1500,0.724,-4.263531662028743,0.6145580182545227,-4.878089680283266,-3.6489736437742204
0,1500,0.725,-4.30300923441658,0.6123090730045255,-4.9153183074211055,-3.690700161412054
0,1500,0.726,-4.342428646750687,0.6102566069645627,-4.9526852537152495,-3.732172039786124
0,1500,0.727,-4.381788906568207,0.608413329947201,-4.990202236515408,-3.7733755766210066
0,1500,0.728,-4.421089021406299,0.6067921238935204,-5.02788114529982,-3.814296897512779
0,1500,0.729,-4.460327998802109,0.6054060019924543,-5.0657340007945635,-3.8549219968096544
0,1500,0.73,-4.499504846292792,0.6042680636168121,-5.103772909909605,-3.89523678267598
0,1500,0.731,-4.5386185714154985,0.6033914452752186,-5.142010016690717,-3.93522712614028
0,1500,0.732,-4.577668181707379,0.602789267883187,-5.180457449590566,-3.974878913824192
0,1500,0.733,-4.616652684705583,0.6024745807658033,-5.2191272654713865,-4.01417810393978
0,1500,0.734,-4.655571087947267,0.6024603029157142,-5.258031390862982,-4.053110785031553
0,1500,0.735,-4.694422398969579,0.6027591621392933,-5.2971815611088715,-4.091663236830286
0,1500,0.736,-4.7332056253096715,0.6033836328264962,-5.336589258136168,-4.129821992483175
0,1500,0.737,-4.771919774504693,0.6043458731711613,-5.376265647675854,-4.167573901333531
0,1500,0.738,-4.810563854091798,0.605657662743501,-5.416221516835299,-4.2049061913482975
0,1500,0.739,-4.8491368716081364,0.6073303413705515,-5.456467212978688,-4.241806530237585
0,1500,0.74,-4.887637834590861,0.6093747503093064,-5.497012584900167,-4.278263084281555
0,1500,0.741,-4.926065750577121,0.6118011766978864,-5.537866927275007,-4.3142645738792345
0,1500,0.742,-4.96441962710407,0.6146193022403532,-5.579038929344423,-4.349800324863717
0,1500,0.743,-5.002698471708856,0.6178381570199662,-5.620536628728821,-4.38486031468889
0,1500,0.744,-5.040901291928635,0.621466079244785,-5.66236737117342,-4.41943521268385
0,1500,0.745,-5.079027095300553,0.6255106816109876,-5.704537776911541,-4.453516413689566
0,1500,0.746,-5.117074889361768,0.6299788248272371,-5.747053714189005,-4.487096064534531
0,1500,0.747,-5.155043681649423,0.63487659868319,-5.7899202803326135,-4.520167082966233
0,1500,0.748,-5.192932479700677,0.6402093108732465,-5.833141790573924,-4.5527231688274306
0,1500,0.749,-5.230740291052678,0.6459814836098445,-5.876721774662522,-4.584758807442833
0,1500,0.75,-5.268466123242579,0.6521968578862187,-5.920662981128798,-4.61626926535636
0,1500,0.751,-5.306108983807526,0.6588584050834085,-5.964967388890935,-4.647250578724117
0,1500,0.752,-5.343667880284677,0.6659683454666607,-6.009636225751338,-4.677699534818016
0,1500,0.753,-5.38114182021118,0.6735281729873018,-6.054669993198482,-4.707613647223878
0,1500,0.754,-5.418529811124186,0.6815386857015412,-6.1000684968257275,-4.7369911254226444
0,1500,0.755,-5.455830860560848,0.6900000210398303,-6.145830881600679,-4.765830839521017
0,1500,0.756,-5.493043976058317,0.6989116951103317,-6.191955671168649,-4.794132280947985
0,1500,0.757,-5.530168165153743,0.7082726451971629,-6.238440810350906,-4.82189551995658
0,1500,0.758,-5.56720243538428,0.7180812746167847,-6.285283710001065,-4.849121160767495
0,1500,0.759,-5.604145794287076,0.7283354991213835,-6.33248129340846,-4.875810295165692
0,1500,0.76,-5.6409972493992875,0.7390327940830681,-6.380030043482355,-4.90196445531622
0,1500,0.761,-5.677755808258059,0.750170241753185,-6.427926050011244,-4.927585566504874
0,1500,0.762,-5.7144204784005455,0.7617445779631704,-6.476165056363715,-4.9526759004373755
0,1500,0.763,-5.750990267363897,0.7737522377130265,-6.524742505076923,-4.977238029650871
0,1500,0.764,-5.7874641826852695,0.7861893991771874,-6.573653581862457,-5.001274783508082
0,1500,0.765,-5.823841231901807,0.799052025741805,-6.622893257643612,-5.024789206160002
0,1500,0.766,-5.860120422550667,0.8123359057697244,-6.672456328320391,-5.0477845167809425
0,1500,0.767,-5.896300762168995,0.8260366898672356,-6.72233745203623,-5.070264072301759
0,1500,0.768,-5.93238125829395,0.8401499254985778,-6.772531183792528,-5.0922313327953725
0,1500,0.769,-5.968360918462678,0.8546710888587972,-6.823032007321475,-5.113689829603881
0,1500,0.77,-6.004238750212332,0.8695956139724407,-6.873834364184773,-5.134643136239892
0,1500,0.771,-6.0400137610800595,0.8849189190342214,-6.9249326801142805,-5.1550948420458385
0,1500,0.772,-6.075684958603019,0.9006364300485009,-6.97632138865152,-5.175048528554518
0,1500,0.773,-6.111251350318355,0.9167436018573241,-7.027994952175679,-5.194507748461031
0,1500,0.774,-6.146711943763223,0.9332359366725089,-7.079947880435732,-5.213476007090714
0,1500,0.775,-6.182065746474774,0.950109000246465,-7.1321747467212395,-5.231956746228309
0,1500,0.776,-6.217311765990158,0.9673584358298176,-7.1846702018199755,-5.2499533301603405
0,1500,0.777,-6.2524490098465275,0.9849799760722056,-7.237428985918733,-5.267469033774322
0,1500,0.778,-6.28747648558103,1.002969453026701,-7.290445938607731,-5.2845070325543295
0,1500,0.779,-6.322393200730823,1.0213228064187123,-7.343716007149535,-5.301070394312111
0,1500,0.78,-6.357198162833056,1.0400360903378503,-7.397234253170906,-5.317162072495206
0,1500,0.781,-6.3918903794248765,1.059105478506487,-7.450995857931364,-5.332784900918389
0,1500,0.782,-6.426468858043441,1.0785272682723357,-7.504996126315776,-5.347941589771105
0,1500,0.783,-6.460932606225895,1.0982978834646473,-7.559230489690542,-5.362634722761248
0,1500,0.784,-6.495280631509398,1.1184138762450981,-7.613694507754496,-5.3768667552643
0,1500,0.785,-6.5295119414310925,1.1388719280753452,-7.668383869506438,-5.390640013355747
0,1500,0.786,-6.563625543528138,1.1596688499139716,-7.72329439344211,-5.403956693614166
0,1500,0.787,-6.597620445337675,1.1808015817461874,-7.778422027083863,-5.416818863591487
0,1500,0.788,-6.631495654396865,1.202267191540562,-7.833762845937427,-5.429228462856303
0,1500,0.789,-6.665250178242857,1.2240628737181716,-7.889313051961029,-5.441187304524686
0,1500,0.79,-6.698883024412803,1.2461859472111547,-7.945068971623957,-5.452697077201648
0,1500,0.791,-6.732393200443852,1.2686338531796377,-8.00102705362349,-5.463759347264214
0,1500,0.792,-6.765779713873155,1.2914041524485893,-8.057183866321743,-5.474375561424566
0,1500,0.793,-6.799041572237863,1.3144945227191558,-8.11353609495702,-5.484547049518707
0,1500,0.794,-6.832177783075131,1.3379027556027143,-8.170080538677844,-5.494275027472416
0,1500,0.795,-6.865187353922105,1.3616267535199427,-8.226814107442047,-5.503560600402162
0,1500,0.796,-6.898069292315943,1.385664526501957,-8.2837338188179,-5.512404765813986
0,1500,0.797,-6.930822605793789,1.4100141889256315,-8.34083679471942,-5.520808416868158
0,1500,0.798,-6.9634463018928034,1.4346739562109667,-8.39812025810377,-5.528772345681837
0,1500,0.799,-6.995939388150125,1.4596421415043404,-8.455581529654467,-5.536297246645785
0,1500,0.8,-7.028300872102919,1.4849171523680846,-8.513218024471005,-5.543383719734835
0,1500,0.801,-7.060529761288326,1.510497487493616,-8.571027248781942,-5.55003227379471
0,1500,0.802,-7.092625063243505,1.536381733452673,-8.629006796696178,-5.556243329790831
0,1500,0.803,-7.124585785505598,1.562568561498687,-8.687154347004284,-5.562017224006911
0,1500,0.8039999999999999,-7.156410935611763,1.5890567244282343,-8.745467660039997,-5.567354211183529
0,1500,0.8049999999999999,-7.188099521099156,1.6158450535105975,-8.803944574609753,-5.572254467588559
0,1500,0.8059999999999999,-7.219650549504919,1.6429324554917728,-8.862583004996692,-5.576718094013145
0,1500,0.8069999999999999,-7.251063028366207,1.670317909677962,-8.92138093804417,-5.580745118688245
0,1500,0.8079999999999999,-7.282335965220175,1.6980004651021585,-8.980336430322334,-5.584335500118016
0,1500,0.8089999999999999,-7.313468367603965,1.72597923777655,-9.039447605380515,-5.587489129827415
0,1500,0.8099999999999999,-7.344459243054742,1.754253408032371,-9.098712651087114,-5.590205835022371
0,1500,0.8109999999999999,-7.375307599109645,1.7828222179482178,-9.158129817057862,-5.592485381161427
0,1500,0.8119999999999999,-7.40601244330583,1.8116849688670043,-9.217697412172834,-5.594327474438826
0,1500,0.813,-7.436572783180449,1.8408410190013251,-9.277413802181774,-5.595731764179124
0,1500,0.814,-7.4669876262706545,1.8702897811263999,-9.337277407397055,-5.596697845144255
0,1500,0.815,-7.49725598011359,1.9000307203594717,-9.397286700473062,-5.5972252597541186
0,1500,0.816,-7.527376852246414,1.930063352024124,-9.457440204270538,-5.59731350022229
0,1500,0.817,-7.557349250206282,1.9603872395978261,-9.517736489804108,-5.596962010608456
0,1500,0.818,-7.587172181530336,1.9910019927406808,-9.578174174271018,-5.596170188789656
0,1500,0.819,-7.616844653755733,2.021907265403319,-9.638751919159052,-5.594937388352413
0,1500,0.82,-7.646365674419621,2.05310275401164,-9.699468428431262,-5.59326292040798
0,1500,0.821,-7.675734251059154,2.0845881957261065,-9.76032244678526,-5.591146055333048
0,1500,0.822,-7.704949391211484,2.116363366773172,-9.821312757984655,-5.588586024438312
0,1500,0.823,-7.734010102413757,2.148428080846434,-9.882438183260192,-5.585582021567323
0,1500,0.824,-7.762915392203132,2.1807821875750397,-9.94369757977817,-5.582133204628092
0,1500,0.825,-7.791664268116753,2.2134255710569404,-10.005089839173692,-5.578238697059812
0,1500,0.826,-7.8202557376917765,2.2463581484545223,-10.0666138861463,-5.573897589237254
0,1500,0.827,-7.8486888084653526,2.279579868650275,-10.128268677115628,-5.569108939815077
0,1500,0.828,-7.876962487974632,2.313090710960068,-10.1900531989347,-5.563871777014564
0,1500,0.829,-7.905075783756763,2.346890683901817,-10.25196646765858,-5.558185099854946
0,1500,0.83,-7.933027703348902,2.3809798240171847,-10.314007527366087,-5.552047879331717
0,1500,0.831,-7.960817254288201,2.4153581947442135,-10.376175449032415,-5.545459059543987
0,1500,0.832,-7.9884434441118035,2.4500258853386785,-10.438469329450482,-5.538417558773125
0,1500,0.833,-8.01590528035687,2.484983009842149,-10.500888290199018,-5.530922270514721
0,1500,0.834,-8.043201770560547,2.5202297060947183,-10.563431476655264,-5.5229720644658284
0,1500,0.835,-8.070331922259987,2.555766134790496,-10.626098057050482,-5.5145657874694916
0,1500,0.836,-8.097294742992343,2.5915924785739684,-10.688887221566311,-5.505702264418375
0,1500,0.837,-8.12408924029476,2.6277089411754857,-10.751798181470246,-5.496380299119274
0,1500,0.838,-8.150714421704397,2.664115746584063,-10.81483016828846,-5.486598675120334
0,1500,0.839,-8.177169294758402,2.700813138255941,-10.877982433014342,-5.476356156502461
0,1500,0.84,-8.203452866993928,2.737801378357219,-10.941254245351146,-5.465651488636709
0,1500,0.841,-8.22956414594812,2.775080747039104,-11.004644892987223,-5.454483398909016
0,1500,0.842,-8.255502139158136,2.812651541744261,-11.068153680902396,-5.442850597413875
0,1500,0.843,-8.281265854161127,2.8505140765429147,-11.131779930704042,-5.430751777618212
0,1500,0.844,-8.30685429849424,2.888668681497306,-11.195522979991546,-5.418185616996935
0,1500,0.845,-8.332266479694635,2.9271157020532708,-11.259382181747906,-5.405150777641364
0,1500,0.846,-8.357501405299455,2.965855498457684,-11.323356903757139,-5.391645906841772
0,1500,0.847,-8.38255808284585,3.004888445200622,-11.387446528046473,-5.377669637645228
0,1500,0.848,-8.407435519870978,3.0442149304810853,-11.451650450352062,-5.3632205893898925
0,1500,0.849,-8.432132723911991,3.0838353556952813,-11.515968079607273,-5.348297368216709
0,1500,0.85,-8.45664870250603,3.123750134946365,-11.580398837452394,-5.332898567559665
0,1500,0.851,-8.480982463190262,3.163959694574739,-11.644942157765001,-5.317022768615523
0,1500,0.852,-8.505133013501824,3.204464472707936,-11.709597486209761,-5.300668540793888
0,1500,0.853,-8.529099360977874,3.245264918829233,-11.774364279807106,-5.283834442148641
0,1500,0.854,-8.552880513155564,3.28636149336411,-11.839242006519674,-5.266519019791454
0,1500,0.855,-8.576475477572039,3.327754667283819,-11.904230144855859,-5.24872081028822
0,1500,0.856,-8.59988326176446,3.3694449217251976,-11.969328183489656,-5.230438340039262
0,1500,0.857,-8.62310287326997,3.4114327476261144,-12.034535620896083,-5.211670125643855
0,1500,0.858,-8.646133319625724,3.4537186453757296,-12.099851965001454,-5.192414674249994
0,1500,0.859,-8.668973608368876,3.496303124479011,-12.165276732847888,-5.172670483889865
0,1500,0.86,-8.691622747036575,3.5391867032347797,-12.230809450271355,-5.152436043801796
0,1500,0.861,-8.714079743165968,3.582369908426784,-12.296449651592752,-5.131709834739183
0,1500,0.862,-8.73634360429421,3.625853275027105,-12.362196879321315,-5.1104903292671064
0,1500,0.863,-8.758413337958453,3.669637345911476,-12.42805068386993,-5.088775992046977
0,1500,0.864,-8.780287951695847,3.7137226715858755,-12.494010623281723,-5.066565280109971
0,1500,0.865,-8.801966453043548,3.758109809923987,-12.560076262967534,-5.043856643119561
0,1500,0.866,-8.823447849538697,3.802799325914988,-12.626247175453685,-5.020648523623709
0,1500,0.867,-8.844731148718461,3.847791791421262,-12.692522940139723,-4.996939357297199
0,1500,0.868,-8.865815358119974,3.8930877849455667,-12.758903143065542,-4.972727573174407
0,1500,0.869,-8.886699485280399,3.9386878914072727,-12.825387376687672,-4.948011593873126
0,1500,0.87,-8.907382537736884,3.984592701927259,-12.891975239664143,-4.922789835809626
0,1500,0.871,-8.927863523026579,4.030802813621128,-12.958666336647706,-4.897060709405451
0,1500,0.872,-8.948141448686638,4.077318829400325,-13.025460278086964,-4.870822619286312
0,1500,0.873,-8.96821532225421,4.124141357780896,-13.092356680035106,-4.8440739644733135
0,1500,0.874,-8.988084151266449,4.171271012699481,-13.15935516396593,-4.8168131385669675
0,1500,0.875,-9.0077469432605,4.218708413336319,-13.22645535659682,-4.789038529924181
0,1500,0.876,-9.027202705773524,4.266454183944875,-13.293656889718399,-4.760748521828649
0,1500,0.877,-9.046450446342664,4.314508953687909,-13.360959400030573,-4.731941492654755
0,1500,0.878,-9.065489172505078,4.36287335647962,-13.428362528984698,-4.7026158160254585
0,1500,0.879,-9.08431789179791,4.411548030833697,-13.495865922631609,-4.672769860964213
0,1500,0.88,-9.102935611758316,4.460533619716962,-13.563469231475278,-4.6424019920413535
0,1500,0.881,-9.121341339923447,4.509830770408423,-13.631172110331871,-4.611510569515024
0,1500,0.882,-9.139534083830455,4.559440134363477,-13.698974218193932,-4.580093949466978
0,1500,0.883,-9.157512851016488,4.609362367083078,-13.766875218099566,-4.54815048393341
0,1500,0.884,-9.175276649018704,4.659598127987645,-13.834874777006348,-4.515678521031059
0,1500,0.885,-9.192824485374246,4.71014808029555,-13.902972565669796,-4.482676405078696
0,1500,0.886,-9.21015536762027,4.761012890905935,-13.971168258526205,-4.449142476714336
0,1500,0.887,-9.227268303293927,4.81219323028577,-14.039461533579697,-4.415075073008158
0,1500,0.888,-9.244162299932366,4.863689772360899,-14.107852072293266,-4.3804725275714675
0,1500,0.889,-9.260836365072745,4.915503194410977,-14.176339559483722,-4.3453331706617675
0,1500,0.89,-9.27728950625221,4.967634176968095,-14.244923683220303,-4.309655329284115
0,1500,0.891,-9.29352073100791,5.020083403718981,-14.31360413472689,-4.273437327288928
0,1500,0.892,-9.309529046877003,5.072851561410611,-14.382380608287615,-4.236677485466392
0,1500,0.893,-9.32531346139663,5.125939339759117,-14.451252801155746,-4.199374121637514
0,1500,0.894,-9.340872982103955,5.179347431361821,-14.520220413465776,-4.161525550742134
0,1500,0.895,-9.356206616536124,5.233076531612358,-14.589283148148482,-4.1231300849237655
0,1500,0.896,-9.371313372230283,5.287127338618646,-14.658440710848929,-4.084186033611637
0,1500,0.897,-9.38619225672359,5.341500553123709,-14.727692809847298,-4.04469170359988
0,1500,0.898,-9.400842277553194,5.396196878429164,-14.797039155982358,-4.00464539912403
0,1500,0.899,-9.415262442256248,5.451217020321303,-14.866479462577551,-3.9640454219349452
0,1500,0.9,-9.429451758369904,5.506561686999674,-14.936013445369579,-3.9228900713702304
0,1800,0.1,5.716672391342913,4.610232215707627,1.106440175635286,10.32690460705054
0,1800,0.101,5.677231918720455,4.565183913747713,1.112048004972742,10.242415832468168
0,1800,0.10200000000000001,5.638115259309863,4.520392798731044,1.1177224605788192,10.158508058040908
0,1800,0.10300000000000001,5.599321320389247,4.475858314777257,1.12346300561199,10.075179635166505
0,1800,0.10400000000000001,5.560849009236712,4.4315799076972615,1.1292691015394505,9.992428916933974
0,1800,0.10500000000000001,5.522697233130362,4.38755702504176,1.1351402080886022,9.910254258172122
0,1800,0.10600000000000001,5.484864899348302,4.34378911615141,1.1410757831968912,9.828654015499712
0,1800,0.10700000000000001,5.447350915168636,4.300275632208716,1.1470752829599205,9.747626547377351
0,1800,0.10800000000000001,5.410154187869464,4.257016026291651,1.1531381615778136,9.667170214161114
0,1800,0.10900000000000001,5.373273624728899,4.214009753429166,1.159263871299733,9.587283378158066
0,1800,0.11,5.33670813302504,4.171256270658571,1.165451862366469,9.50796440368361
0,1800,0.111,5.3004566200359955,4.128755037084931,1.1717015829510649,9.429211657120927
0,1800,0.112,5.264517993039863,4.086505513942513,1.17801247909735,9.351023506982376
0,1800,0.113,5.2288911593147525,4.044507164658405,1.184383994656347,9.273398323973158
0,1800,0.114,5.193575026138766,4.00275945491834,1.1908155712204262,9.196334481057105
0,1800,0.115,5.158568500790011,3.9612618527348675,1.1973066480551435,9.119830353524879
0,1800,0.116,5.123870490546588,3.9200138285179333,1.203856662028655,9.04388431906452
0,1800,0.117,5.089479902686611,3.879014855147985,1.2104650475386256,8.968494757834595
0,1800,0.11800000000000001,5.05539564448817,3.83826440805168,1.2171312364364901,8.89366005253985
0,1800,0.11900000000000001,5.021616623229381,3.797761965280342,1.223854657949039,8.819378588509723
0,1800,0.12000000000000001,4.988141746188341,3.7575070075912325,1.2306347385971086,8.745648753779573
0,1800,0.12100000000000001,4.954969920643161,3.7174990185317918,1.2374709021113692,8.672468939174953
0,1800,0.122,4.92210005387194,3.677737484526949,1.2443625693449913,8.599837538398889
0,1800,0.123,4.889531053152789,3.6382218949696417,1.251309158183147,8.52775294812243
0,1800,0.124,4.8572618257638025,3.5989517423146653,1.2583100834491372,8.456213568078468
0,1800,0.125,4.825291278983098,3.559926522176015,1.2653647568070832,8.385217801159113
0,1800,0.126,4.793618320088767,3.521145733427826,1.2724725866609412,8.314764053516594
0,1800,0.127,4.762241856358925,3.4826088783091262,1.2796329780497984,8.24485073466805
0,1800,0.128,4.731160795071668,3.4443154625324883,1.2868453325391798,8.175476257604156
0,1800,0.129,4.7003740435051045,3.4062649953968203,1.2941090481082842,8.106639038901925
0,1800,0.13,4.66988050893734,3.3684569899044114,1.3014235190329289,8.038337498841752
0,1800,0.131,4.639679098646476,3.330890962882459,1.3087881357640172,7.970570061528935
0,1800,0.132,4.60976871991062,3.2935664351092373,1.3162022848013826,7.903335155019857
0,1800,0.133,4.580148280007872,3.2564829314451433,1.323665348562729,7.836631211453016
0,1800,0.134,4.550816686216346,3.219639980968792,1.3311767052475543,7.7704566671851385
0,1800,0.135,4.5217728458141355,3.1830371171184155,1.33873572869572,7.704809962932551
0,1800,0.136,4.49301566607935,3.1466738778387806,1.346341788240569,7.639689543918131
0,1800,0.137,4.464544054290096,3.1105498057338727,1.3539942485562233,7.575093860023969
0,1800,0.138,4.436356917724471,3.0746644482255916,1.361692469498879,7.511021365950063
0,1800,0.139,4.408453163660588,3.0390173577187487,1.3694358059418392,7.447470521379337
0,1800,0.14,4.380831699376546,3.0036080917726093,1.3772236076039364,7.3844397911491555
0,1800,0.14100000000000001,4.353491432150454,2.9684362132793174,1.3850552188711367,7.3219276454297715
0,1800,0.14200000000000002,4.326431269260412,2.9335012906494566,1.392929978610955,7.259932559909869
0,1800,0.14300000000000002,4.299650117984526,2.8988028980051332,1.4008472199793927,7.198453015989659
0,1800,0.14400000000000002,4.2731468856009,2.8643406153808484,1.4088062702200514,7.137487500981749
0,1800,0.14500000000000002,4.246920479387643,2.8301140289325804,1.4168064504550624,7.077034508320223
0,1800,0.14600000000000002,4.220969806622851,2.7961227311553865,1.424847075467465,7.017092537778238
0,1800,0.14700000000000002,4.195293774584638,2.7623663211099796,1.432927453474658,6.957660095694617
0,1800,0.14800000000000002,4.169891290551101,2.728844404658609,1.4410468858924923,6.8987356952097105
0,1800,0.14900000000000002,4.14476126180035,2.695556594710756,1.4492046670895942,6.840317856511106
0,1800,0.15000000000000002,4.119902595610486,2.6625025114790213,1.4574000841314647,6.782405107089508
0,1800,0.15100000000000002,4.095314199259613,2.629681782745728,1.4656324165138854,6.724995982005341
0,1800,0.15200000000000002,4.070994980025837,2.597094044140693,1.473900935885144,6.66808902416653
0,1800,0.153,4.046943845187265,2.564738939430723,1.4822049057565416,6.611682784617988
0,1800,0.154,4.023159702021994,2.532616120821328,1.490543581200666,6.555775822843322
0,1800,0.155,3.999641457808138,2.5007252492712864,1.4989162085368517,6.500366707079424
0,1800,0.156,3.976388019823797,2.469065994820579,1.507322025003218,6.445454014644376
0,1800,0.157,3.9533982953470748,2.4376380369323947,1.51576025841468,6.391036332279469
0,1800,0.158,3.930671191656075,2.4064410648498082,1.5242301268062666,6.337112256505883
0,1800,0.159,3.908205616028906,2.3754747779678294,1.5327308380610765,6.283680393996735
0,1800,0.16,3.8860004757436672,2.344738886221557,1.5412615895221102,6.230739361965224
0,1800,0.161,3.8640546780784684,2.3142331104911817,1.5498215675872866,6.17828778856965
0,1800,0.162,3.8423671303114117,2.283957183024607,1.5584099472868047,6.126324313336019
0,1800,0.163,3.8209367397206027,2.253910847878556,1.5670258918420465,6.074847587599159
0,1800,0.164,3.7997624135841415,2.2240938613789747,1.5756685522051668,6.023856274963116
0,1800,0.165,3.778843059180141,2.194505992601689,1.5843370665784517,5.97334905178183
0,1800,0.166,3.7581775837866953,2.1651470238742023,1.593030559912493,5.923324607660898
0,1800,0.167,3.7377648946819177,2.1360167512996884,1.6017481433822294,5.873781645981606
0,1800,0.168,3.71760389914391,2.1071149853041358,1.6104889138397742,5.824718884448046
0,1800,0.169,3.6976935044507746,2.078441551207786,1.6192519532429888,5.7761350556585604
0,1800,0.17,3.678032617880617,2.04999628982194,1.628036328058677,5.728028907702557
0,1800,0.171,3.658620146711545,2.021779058072339,1.6368410886392062,5.680399204783884
0,1800,0.17200000000000001,3.6394549982216544,1.9937897296503042,1.6456652685713502,5.633244727871959
0,1800,0.173,3.620536079689064,1.966028195692949,1.6545078839961151,5.586564275382013
0,1800,0.174,3.6018622983918633,1.9384943654937141,1.6633679328981492,5.540356663885578
0,1800,0.175,3.5834325616081664,1.9111881672446895,1.6722443943634768,5.494620728852856
0,1800,0.176,3.565245776616074,1.8841095488120365,1.6811362278040376,5.449355325428111
0,1800,0.177,3.547300850693692,1.857258478546076,1.6900423721476159,5.404559329239768
0,1800,0.178,3.529596691119124,1.830634946127488,1.6989617449916359,5.360231637246612
0,1800,0.179,3.5121322051704746,1.8042389634512503,1.7078932417192243,5.316371168621725
0,1800,0.18,3.49490630012585,1.7780705655498754,1.7168357345759744,5.272976865675725
0,1800,0.181,3.477917883263352,1.7521298115576631,1.7257880717056888,5.230047694821015
0,1800,0.182,3.4611658618610885,1.726416785717615,1.7347490761434736,5.1875826475787035
0,1800,0.183,3.4446491431971595,1.700931598432789,1.7437175447643705,5.145580741629948
0,1800,0.184,3.4283666345496724,1.6756743873638353,1.752692247185837,5.104041021913508
0,1800,0.185,3.412317243196733,1.6506453185745265,1.7616719246222063,5.0629625617712595
0,1800,0.186,3.3964998764164434,1.6258445877270709,1.7706552886893725,5.022344464143514
0,1800,0.187,3.3809134414869098,1.6012724213290561,1.7796410201578536,4.982185862815966
0,1800,0.188,3.3655568456862337,1.5769290780337972,1.7886277676524365,4.942485923720031
0,1800,0.189,3.350428996292524,1.5528148499959182,1.7976141462966058,4.903243846288442
0,1800,0.19,3.3355288005838806,1.5289300642839014,1.8065987362999791,4.864458864867782
0,1800,0.191,3.3208551658384104,1.5052750843513263,1.8155800814870842,4.8261302501897365
0,1800,0.192,3.30640699933422,1.4818503115684079,1.8245566877658124,4.788257310902628
0,1800,0.193,3.292183208349411,1.4586561868153776,1.8335270215340336,4.750839395164789
0,1800,0.194,3.278182700162088,1.4356931921390828,1.8424895080230053,4.7138758923011705
0,1800,0.195,3.2644043820503574,1.4129618524740328,1.8514425295763246,4.67736623452439
0,1800,0.196,3.2508471612923215,1.3904627374289023,1.8603844238634193,4.641309898721223
0,1800,0.197,3.2375099451660865,1.3681964631392527,1.8693134820268338,4.605706408305339
0,1800,0.198,3.2243916409497557,1.3461636941869008,1.8782279467628549,4.570555335136657
0,1800,0.199,3.2114911559214354,1.324365145586035,1.8871260103354004,4.53585630150747
0,1800,0.2,3.198807397359228,1.3028015848356824,1.8960058125235457,4.50160898219491
0,1800,0.201,3.18633927254124,1.2814738340376715,1.9048654385035686,4.4678131065789115
0,1800,0.202,3.1740856887455733,1.2603827720785625,1.9137029166670108,4.434468460824136
0,1800,0.203,3.162045553250335,1.239529336873376,1.922516216376959,4.401574890123711
0,1800,0.20400000000000001,3.1502177733336283,1.2189145276680484,1.9313032456655799,4.3691323010016765
0,1800,0.20500000000000002,3.1386012562735583,1.1985394073966713,1.940061848876887,4.33714066367023
0,1800,0.20600000000000002,3.1271949093482285,1.1784051050883952,1.9487898042598333,4.3056000144366235
0,1800,0.20700000000000002,3.115997639835745,1.158512818317714,1.957484821518031,4.274510458153459
0,1800,0.20800000000000002,3.1050083550142107,1.1388638156903041,1.9661445393239065,4.243872170704515
0,1800,0.20900000000000002,3.0942259621617323,1.1194594393550814,1.9747665228066509,4.2136854015168135
0,1800,0.21000000000000002,3.0836493685564106,1.100301107531188,1.9833482610252227,4.183950476087599
0,1800,0.21100000000000002,3.073277481476355,1.0813903170366186,1.9918871644397362,4.154667798512973
0,1800,0.21200000000000002,3.0631092081996663,1.062728645802789,2.0003805623968773,4.125837854002455
0,1800,0.21300000000000002,3.0531434560044497,1.0443177553567804,2.0088257006476695,4.09746121136123
0,1800,0.21400000000000002,3.0433791321688104,1.026159393250013,2.017219738918797,4.069538525418824
0,1800,0.21500000000000002,3.033815143970853,1.008255395408886,2.0255597485619674,4.042070539379739
0,1800,0.21600000000000003,3.024450398688681,0.9906076883792915,2.0338427103093895,4.015058087067972
0,1800,0.21700000000000003,3.0152838036004015,0.9732182914329679,2.042065512167434,3.988502095033369
0,1800,0.21800000000000003,3.0063142659841153,0.9560893184992802,2.050224947484835,3.9624035844833956
0,1800,0.21900000000000003,2.99754069311793,0.9392229798813352,2.058317713236595,3.936763672999265
0,1800,0.22,2.988961992279948,0.922621583710153,2.066340408569795,3.911583575990101
0,1800,0.221,2.9805770707482755,0.9062875370851704,2.074289533663105,3.886864607833446
0,1800,0.222,2.9723848358010145,0.8902233468434498,2.082161488957565,3.8626081826444643
0,1800,0.223,2.964384194716272,0.8744316198937603,2.0899525748225116,3.838815814610032
0,1800,0.224,2.9565740547721533,0.8589150630452477,2.0976589917269055,3.815489117817401
0,1800,0.225,2.94895332324676,0.8436764822536715,2.1052768409930884,3.7926298055004315
0,1800,0.226,2.941520907418198,0.8287187812014216,2.1128021262167764,3.7702396886196197
0,1800,0.227,2.934275714564572,0.8140449591206947,2.120230755443877,3.748320673685267
0,1800,0.228,2.9272166519639855,0.7996581077626312,2.1275585442013543,3.7268747597266167
0,1800,0.229,2.920342626894546,0.7855614074089294,2.1347812194856166,3.705904034303475
0,1800,0.23,2.9136525466343537,0.7717581218168647,2.141894424817489,3.6854106684512185
0,1800,0.231,2.9071453184615157,0.7582515919838915,2.148893726477624,3.6653969104454074
0,1800,0.232,2.9008198496541375,0.74504522861455,2.1557746210395874,3.6458650782686877
0,1800,0.233,2.8946750474903213,0.732142503170533,2.1625325443197885,3.626817550660854
0,1800,0.234,2.888709819248172,0.7195469373850194,2.1691628818631523,3.6082567566331916
0,1800,0.23500000000000001,2.8829230722057946,0.7072620911251037,2.175660981080691,3.590185163330898
0,1800,0.23600000000000002,2.8773137136412936,0.6952915484920205,2.1820221651492733,3.572605262133314
0,1800,0.23700000000000002,2.8718806508327748,0.6836389020582406,2.188241748774534,3.5555195528910155
0,1800,0.23800000000000002,2.866622791058341,0.6723077351541219,2.194315055904219,3.538930526212463
0,1800,0.23900000000000002,2.861539041596097,0.6613016021349727,2.200237439461124,3.5228406437310698
0,1800,0.24000000000000002,2.856628309724147,0.6506240065827955,2.206004303141351,3.5072523163069427
0,1800,0.24100000000000002,2.851889502720597,0.6402783774258112,2.2116111252947857,3.4921678801464084
0,1800,0.24200000000000002,2.847321527863551,0.6302680429935755,2.2170534848699757,3.4775895708571265
0,1800,0.24300000000000002,2.842923292431112,0.6205962030659729,2.2223270893651392,3.463519495497085
0,1800,0.24400000000000002,2.8386937037013857,0.6112658990206434,2.227427804680742,3.4499596027220294
0,1800,0.245,2.834631668952476,0.6022799822348762,2.2323516867175996,3.4369116511873523
0,1800,0.246,2.83073609546249,0.5936410809540805,2.237095014508409,3.4243771764165705
0,1800,0.247,2.827005890509528,0.5853515658983641,2.241654324611164,3.412357456407892
0,1800,0.248,2.8234399613716974,0.5774135149401629,2.2460264464315345,3.4008534763118603
0,1800,0.249,2.820037215327103,0.5698286772472313,2.2502085380798715,3.3898658925743343
0,1800,0.25,2.816796559653847,0.5625984373445392,2.2541981223093077,3.379394996998386
0,1800,0.251,2.8137169016300354,0.5557237796030029,2.2579931220270324,3.3694406812330384
0,1800,0.252,2.810797148533773,0.5492052537099169,2.261591894823856,3.3600024022436896
0,1800,0.253,2.8080362076431644,0.5430429417124311,2.2649932659307335,3.3510791493555954
0,1800,0.254,2.805432986236312,0.5372364272487736,2.268196558987538,3.3426694134850856
0,1800,0.255,2.8029863915913222,0.5317847675895226,2.2712016240017996,3.334771159180845
0,1800,0.256,2.8006953309863,0.5266864691010347,2.274008861885265,3.3273818000873345
0,1800,0.257,2.798558711699349,0.5219394667136346,2.2766192449857146,3.3204981784129837
0,1800,0.258,2.7965754410085735,0.5175411079277351,2.2790343330808382,3.3141165489363087
0,1800,0.259,2.794744426192079,0.51348814182192,2.281256284370159,3.3082325680139992
0,1800,0.26,2.7930645745279685,0.50977671343954,2.2832878610884286,3.3028412879675084
0,1800,0.261,2.791534793294349,0.5064023638268061,2.285132429467543,3.297937157121155
0,1800,0.262,2.790153989769322,0.5033600358790822,2.28679395389024,3.2935140256484043
0,1800,0.263,2.7889210712309938,0.5006440860271152,2.2882769852038787,3.289565157258109
0,1800,0.264,2.7878349449574684,0.49824830166608647,2.289586643291382,3.286083246623555
0,1800,0.265,2.7868945182268505,0.49616592410260896,2.2907285941242415,3.2830604423294596
0,1800,0.266,2.786098698317245,0.49438967667323247,2.2917090216440124,3.2804883749904774
0,1800,0.267,2.7854463925067563,0.4929117975774249,2.2925345949293314,3.278358190084181
0,1800,0.268,2.7849365080734874,0.49172407687256975,2.2932124312009177,3.276660584946057
0,1800,0.269,2.7845679522955447,0.4908178970016161,2.2937500552939287,3.2753858492971606
0,1800,0.27,2.784339632451032,0.4901842761680229,2.2941553562830093,3.274523908619055
0,1800,0.271,2.7842504558180545,0.48981391383875694,2.2944365419792976,3.2740643696568115
0,1800,0.272,2.784299329674715,0.48969723764451256,2.2946020920302024,3.2739965673192275
0,1800,0.273,2.78448516129912,0.48982445095603633,2.2946607103430834,3.2743096122551565
0,1800,0.274,2.7848068579693726,0.49018558044463545,2.294621277524737,3.274992438414008
0,1800,0.275,2.7852633269635785,0.49077052298100104,2.2944928039825774,3.2760338499445796
0,1800,0.276,2.7858534755598408,0.4915690912862996,2.294284384273541,3.2774225668461403
0,1800,0.277,2.7865762110362655,0.4925710578196239,2.2940051532166414,3.2791472688558896
0,1800,0.278,2.787430440670956,0.4937661964629084,2.2936642442080473,3.2811966371338643
0,1800,0.279,2.7884150717420173,0.49514432164491207,2.293270750097105,3.2835593933869296
0,1800,0.28,2.789529011527554,0.49669532462677185,2.292833686900782,3.286224336154326
0,1800,0.281,2.79077116730567,0.4984092067502816,2.2923619605553887,3.2891803740559515
0,1800,0.28200000000000003,2.79214044635447,0.5002761095241848,2.2918643368302853,3.292416555878655
0,1800,0.28300000000000003,2.79363575595206,0.5022863414917548,2.2913494144603055,3.295922097443815
0,1800,0.28400000000000003,2.795256003376543,0.5044304018834962,2.2908256014930464,3.299686405260039
0,1800,0.28500000000000003,2.7970000959060233,0.5066990011112742,2.2903010947947493,3.3036990970172972
0,1800,0.28600000000000003,2.7988669408186064,0.5090830782042227,2.289783862614384,3.307950019022829
0,1800,0.28700000000000003,2.8008554453923953,0.5115738153224597,2.2892816300699357,3.312429260714855
0,1800,0.28800000000000003,2.8029645169054964,0.5141626495123073,2.288801867393189,3.3171271664178037
0,1800,0.28900000000000003,2.8051930626360133,0.5168412818869103,2.288351780749103,3.3220343445229235
0,1800,0.29000000000000004,2.807539989862051,0.5196016844295982,2.287938305432453,3.3271416742916493
0,1800,0.29100000000000004,2.8100042058617136,0.5224361046248418,2.2875681012368716,3.3324403104865556
0,1800,0.29200000000000004,2.8125846179131058,0.5253370681240428,2.287247549789063,3.3379216860371486
0,1800,0.29300000000000004,2.815280133294331,0.5282973796515223,2.2869827536428087,3.3435775129458536
0,1800,0.29400000000000004,2.8180896592834954,0.5313101223507336,2.286779536932762,3.349399781634229
0,1800,0.29500000000000004,2.8210121031587025,0.53436865576267,2.2866434473960324,3.3553807589213727
0,1800,0.29600000000000004,2.8240463721980573,0.537466612618356,2.286579759579701,3.3615129848164136
0,1800,0.29700000000000004,2.827191373679664,0.540597894615785,2.286593479063879,3.367789268295449
0,1800,0.29800000000000004,2.830446014881627,0.5437566673392308,2.286689347542396,3.3742026822208575
0,1800,0.29900000000000004,2.833809203082052,0.5469373544659414,2.286871848616111,3.3807465575479934
0,1800,0.30000000000000004,2.837279845559042,0.5501346313921787,2.2871452141668636,3.3874144769512204
0,1800,0.30100000000000005,2.8408568495907023,0.5533434183976934,2.287513431193009,3.3942002679883956
0,1800,0.30200000000000005,2.844539122455137,0.5565588734552279,2.287980248999909,3.401097995910365
0,1800,0.30300000000000005,2.8483255714304505,0.5597763847797111,2.2885491866507395,3.4081019562101615
0,1800,0.30400000000000005,2.8522151037947485,0.5629915632005371,2.2892235405942114,3.4152066669952856
0,1800,0.30500000000000005,2.856206626826134,0.5662002344298109,2.290006392396323,3.422406861255945
0,1800,0.30600000000000005,2.860299047802713,0.5693984312897264,2.290900616512986,3.4296974790924395
0,1800,0.30700000000000005,2.8644912740025887,0.5725823859533387,2.29190888804925,3.4370736599559275
0,1800,0.30800000000000005,2.868782212703866,0.575748522244891,2.2930336904589748,3.4445307349487573
0,1800,0.309,2.873170771184649,0.57889344803856,2.294277323146089,3.452064219223209
0,1800,0.31,2.8776558567230435,0.5820139477879269,2.2956419089351163,3.4596698045109706
0,1800,0.311,2.8822363765971533,0.5851069752126552,2.297129401384498,3.4673433518098085
0,1800,0.312,2.8869112380850828,0.5881696461636895,2.2987415919213934,3.475080884248772
0,1800,0.313,2.891679348464937,0.5911992316837621,2.300480116781175,3.4828785801486988
0,1800,0.314,2.89653961501482,0.5941931512760099,2.30234646373881,3.4907327662908303
0,1800,0.315,2.901490945012836,0.597148966390073,2.304341978622763,3.498639911402909
0,1800,0.316,2.9065322457370897,0.6000643741320633,2.3064678716050264,3.506596619869153
0,1800,0.317,2.9116624244656863,0.6029372012022404,2.308725223263446,3.514599625667927
0,1800,0.318,2.9168803884767294,0.6057653980620666,2.3111149904146626,3.522645786538796
0,1800,0.319,2.922185045048324,0.6085470333304718,2.313638011717852,3.530732078378796
0,1800,0.32,2.9275753014585746,0.6112802884076324,2.3162950130509423,3.538855589866207
0,1800,0.321,2.933050064985586,0.6139634523232959,2.31908661266229,3.5470135173088817
0,1800,0.322,2.9386082429074616,0.6165949168056422,2.3220133261018194,3.5552031597131037
0,1800,0.323,2.944248742502307,0.6191731715658295,2.3250755709364777,3.5634219140681367
0,1800,0.324,2.9499704710482266,0.6216967997927288,2.3282736712554977,3.5716672708409556
0,1800,0.325,2.9557723358233257,0.6241644738518143,2.3316078619715115,3.57993680967514
0,1800,0.326,2.9616532441057064,0.626574951181816,2.3350782929238902,3.5882281952875226
0,1800,0.327,2.967612103173475,0.6289270703824595,2.3386850327910156,3.5965391735559344
0,1800,0.328,2.973647820304736,0.6312197474864483,2.3424280728182874,3.6048675677911843
0,1800,0.329,2.9797593027775933,0.6334519724087475,2.3463073303688455,3.613211275186341
0,1800,0.33,2.9859454578701516,0.6356228055661942,2.3503226523039573,3.621568263436346
0,1800,0.331,2.992205192860516,0.6377313746604955,2.35447381820002,3.6299365675210113
0,1800,0.332,2.9985374150267905,0.6397768716177462,2.358760543409044,3.638314286644537
0,1800,0.333,3.0049410316470793,0.6417585496777027,2.3631824819693765,3.646699581324782
0,1800,0.334,3.0114149499994878,0.6436757206262015,2.3677392293732864,3.655090670625689
0,1800,0.335,3.0179580773621195,0.6455277521642683,2.3724303251978514,3.6634858295263877
0,1800,0.336,3.0245693210130797,0.647314065407652,2.377255255605428,3.6718833864207316
0,1800,0.337,3.031247588230473,0.6490341325107124,2.3822134557197603,3.6802817207411853
0,1800,0.338,3.037991786292403,0.6506874744088005,2.387304311883603,3.6886792607012033
0,1800,0.339,3.044800822476975,0.6522736586734842,2.3925271638034906,3.6970744811504592
0,1800,0.33999999999999997,3.0516736040622927,0.6537922974751877,2.397881306587105,3.7054659015374805
0,1800,0.34099999999999997,3.058609038326462,0.6552430456480401,2.403365992678422,3.713852083974502
0,1800,0.34199999999999997,3.0656060325475862,0.6566255988519352,2.408980433695651,3.7222316313995214
0,1800,0.34299999999999997,3.0726634940037703,0.657939691827038,2.414723802176732,3.7306031858308084
0,1800,0.344,3.079780329973119,0.659185096736174,2.420595233236945,3.738965426709293
0,1800,0.345,3.086955447733737,0.6603616215907536,2.4265938261429834,3.7473170693244904
0,1800,0.346,3.0941877545637277,0.6614691087560886,2.4327186458076393,3.755656863319816
0,1800,0.347,3.101476157741196,0.6625074335321538,2.438968724209042,3.76398359127335
0,1800,0.348,3.108819564544248,0.6634765028060452,2.4453430617382024,3.772296067350293
0,1800,0.349,3.116216882250986,0.664376253772566,2.45184062847842,3.780593136023552
0,1800,0.35,3.123667018139516,0.6652066527195504,2.4584603654199655,3.7888736708590662
0,1800,0.351,3.131168879487941,0.6659676938747233,2.4652011856132177,3.797136573362664
0,1800,0.352,3.1387213735743678,0.6666593983110346,2.4720619752633333,3.8053807718854022
0,1800,0.353,3.146323407676899,0.6672818129075861,2.479041594769313,3.8136052205844853
0,1800,0.354,3.1539738890736397,0.6678350093634152,2.4861388797102246,3.821808898437055
0,1800,0.355,3.161671725042695,0.6683190832615351,2.4933526417811596,3.82999080830423
0,1800,0.356,3.1694158228621685,0.6687341531807905,2.500681669681378,3.838149976042959
0,1800,0.357,3.1772050898101645,0.6690803598531949,2.5081247299569696,3.8462854496633594
0,1800,0.358,3.1850384331647885,0.6693578653645619,2.5156805678002265,3.8543962985293505
0,1800,0.359,3.1929147602041446,0.6695668523963536,2.523347907807791,3.862481612600498
0,1800,0.36,3.200832978206338,0.6697075235067839,2.531125454699554,3.870540501713122
0,1800,0.361,3.208791994449472,0.6697801004493207,2.539011894000151,3.8785720948987925
0,1800,0.362,3.216790716211652,0.6697848235268453,2.5470058926848065,3.886575539738497
0,1800,0.363,3.224828050770982,0.6697219509798051,2.555106099791177,3.8945500017507872
0,1800,0.364,3.2329029054055667,0.6695917584068143,2.5633111469987524,3.902494663812381
0,1800,0.365,3.2410141873935103,0.6693945382162187,2.5716196491772916,3.910408725609729
0,1800,0.366,3.2491608040129183,0.6691305991072474,2.580030204905671,3.9182914031201657
0,1800,0.367,3.2573416625418945,0.6688002655794403,2.588541396962454,3.926141928121335
0,1800,0.368,3.265555670258543,0.6684038774691193,2.5971517927894237,3.933959547727662
0,1800,0.369,3.273801734440969,0.6679417895117458,2.6058599449292235,3.9417435239527148
0,1800,0.37,3.282078762367277,0.66741437092907,2.614664391438207,3.949493133296347
0,1800,0.371,3.2903856613155713,0.6668220050400493,2.623563656275522,3.957207666355621
0,1800,0.372,3.2987213385639564,0.6661650888945653,2.632556249669391,3.964886427458522
0,1800,0.373,3.307084701390537,0.6654440329290374,2.6416406684614993,3.9725287343195745
0,1800,0.374,3.315474657073417,0.664659260643077,2.65081539643034,3.9801339177164943
0,1800,0.375,3.323890112890702,0.6638112082963881,2.660078904594314,3.98770132118709
0,1800,0.376,3.3323299761204956,0.6629003246251625,2.6694296514953333,3.995230300745658
0,1800,0.377,3.340793154040903,0.6619270705772707,2.678866083463632,4.002720224618174
0,1800,0.378,3.3492785539300285,0.6608919190655924,2.688386634864436,4.010170472995621
0,1800,0.379,3.3577850830659757,0.659795354738876,2.6979897283270997,4.017580437804852
0,1800,0.38,3.3663116487268505,0.6586378737695556,2.707673774957295,4.0249495224964065
0,1800,0.381,3.3748571581907565,0.6574199836579945,2.717437174532762,4.032277141848751
0,1800,0.382,3.3834205187357993,0.6561422030526618,2.7272783156831375,4.039562721788461
0,1800,0.383,3.3920006376400815,0.6548050615857841,2.7371955760542974,4.046805699225866
0,1800,0.384,3.4005964221817093,0.6534090997240518,2.7471873224576573,4.054005521905761
0,1800,0.385,3.409206779638787,0.6519548686339829,2.757251911004804,4.06116164827277
0,1800,0.386,3.4178306172894186,0.6504429300615933,2.767387687227825,4.068273547351012
0,1800,0.387,3.426466842411709,0.6488738562260372,2.7775929861856716,4.075340698637746
0,1800,0.388,3.4351143622837617,0.6472482297269255,2.787866132556836,4.082362592010687
0,1800,0.389,3.443772084183683,0.6455666434650397,2.7982054407186436,4.089338727648723
0,1800,0.39,3.4524389153895765,0.6438297005762034,2.808609214813373,4.09626861596578
0,1800,0.391,3.461113763179546,0.6420380143780878,2.819075748801458,4.103151777557634
0,1800,0.392,3.4697955348316976,0.6401922083297555,2.829603326501942,4.109987743161453
0,1800,0.393,3.478483137624134,0.6382929160037688,2.8401902216203654,4.116776053627903
0,1800,0.394,3.487175478834961,0.6363407810707141,2.850834697764247,4.123516259905675
0,1800,0.395,3.4958714657422827,0.6343364572960148,2.8615350084462676,4.130207923038298
0,1800,0.396,3.504570005624204,0.6322806085489237,2.8722893970752805,4.136850614173127
0,1800,0.397,3.513270005758829,0.6301739088236095,2.8830960969352195,4.143443914582439
0,1800,0.398,3.5219703734242622,0.6280170422722673,2.893953331151995,4.149987415696529
0,1800,0.399,3.530670015898608,0.6258107032502089,2.904859312648399,4.156480719148817
0,1800,0.4,3.5393678404599718,0.6235555963728955,2.915812244087076,4.162923436832867
0,1800,0.401,3.548062754386457,0.6212524365849036,2.9268103178015537,4.169315190971361
0,1800,0.402,3.556753664956169,0.6189019492408233,2.9378517157153454,4.175655614196992
0,1800,0.403,3.5654394794472113,0.6165048701981095,2.948934609249102,4.18194434964532
0,1800,0.404,3.5741191051376893,0.6140619459219158,2.9600571592157734,4.188181051059605
0,1800,0.405,3.582791449305707,0.6115739336019604,2.9712175157037466,4.194365382907668
0,1800,0.406,3.5914554192293697,0.6090416012814817,2.9824138179478883,4.200497020510851
0,1800,0.40700000000000003,3.6001099221867814,0.6064657279983571,2.993644194188424,4.206575650185139
0,1800,0.40800000000000003,3.608753865456046,0.6038471039384687,3.004906761517577,4.212600969394515
0,1800,0.40900000000000003,3.617386156315269,0.6011865306014104,3.016199625713859,4.218572686916679
0,1800,0.41000000000000003,3.6260057020425545,0.5984848209786356,3.0275208810639187,4.22449052302119
0,1800,0.41100000000000003,3.634611409916007,0.5957427997441638,3.038868610171843,4.23035420966017
0,1800,0.41200000000000003,3.6432021872137312,0.5929613034579606,3.0502408837557704,4.236163490671692
0,1800,0.41300000000000003,3.6517769412138312,0.5901411807821132,3.061635760431718,4.241918121995944
0,1800,0.41400000000000003,3.6603345791944117,0.5872832927099362,3.0730512864844757,4.247617871904348
0,1800,0.41500000000000004,3.668874008433578,0.5843885128081315,3.0844854956254464,4.25326252124171
0,1800,0.41600000000000004,3.6773941362094336,0.5814577274721389,3.0959364087372947,4.258851863681572
0,1800,0.41700000000000004,3.6858938698000827,0.5784918361948057,3.1074020336052772,4.264385705994888
0,1800,0.41800000000000004,3.694372116483631,0.5754917518485014,3.11888036463513,4.269863868332132
0,1800,0.41900000000000004,3.702827783538183,0.5724584009808017,3.1303693825573813,4.2752861845189845
0,1800,0.42000000000000004,3.711259778241842,0.5693927241238521,3.14186705411799,4.280652502365694
0,1800,0.42100000000000004,3.7196670078727134,0.5662956761175143,3.1533713317551992,4.285962683990228
0,1800,0.42200000000000004,3.728048379708902,0.563168226446382,3.16488015326252,4.291216606155284
0,1800,0.42300000000000004,3.7364028010285115,0.5600113595907368,3.176391441437775,4.296414160619248
0,1800,0.42400000000000004,3.7447291791096466,0.5568260753914904,3.187903103718156,4.301555254501137
0,1800,0.42500000000000004,3.753026421230412,0.5536133894291367,3.1994130318012752,4.306639810659549
0,1800,0.42600000000000005,3.7612934346689126,0.5503743334167034,3.2109191012522094,4.311667768085616
0,1800,0.42700000000000005,3.7695291267032522,0.5471099556066585,3.2224191710965937,4.31663908230991
0,1800,0.42800000000000005,3.777732404611536,0.5438213212116899,3.233911083399846,4.321553725823226
0,1800,0.42900000000000005,3.785902175671868,0.5405095128392174,3.2453926628326504,4.326411688511085
0,1800,0.43000000000000005,3.7940373471623525,0.537175630939456,3.2568617162228968,4.331212978101808
0,1800,0.43100000000000005,3.8021368263610946,0.5338207942667785,3.268316032094316,4.335957620627873
0,1800,0.43200000000000005,3.810199520546199,0.5304461403540597,3.2797533801921395,4.340645660900258
0,1800,0.43300000000000005,3.8182243369957694,0.5270528259996041,3.2911715109961652,4.345277162995373
0,1800,0.43400000000000005,3.8262101829879107,0.5236420277661733,3.3025681552217376,4.349852210754084
0,1800,0.43500000000000005,3.8341559658007283,0.5202149424915308,3.3139410233091975,4.354370908292259
0,1800,0.43600000000000005,3.842060592712325,0.516772787809811,3.325287804902514,4.358833380522136
0,1800,0.43700000000000006,3.8499229710008067,0.5133168026829,3.336606168317907,4.3632397736837065
0,1800,0.43800000000000006,3.8577420079442772,0.5098482479408819,3.3478937600033953,4.367590255885159
0,1800,0.43900000000000006,3.865516610820841,0.5063684068304521,3.359148203990389,4.371885017651293
0,1800,0.44000000000000006,3.8732456869086027,0.5028785855700446,3.370367101338558,4.3761242724786475
0,1800,0.44100000000000006,3.8809281434856673,0.4993801139102292,3.381548029575438,4.380308257395896
0,1800,0.44200000000000006,3.888562887830139,0.4958743456977523,3.3926885421323867,4.384437233527891
0,1800,0.44300000000000006,3.8961488272201232,0.4923626594413681,3.403786167778755,4.388511486661491
0,1800,0.44400000000000006,3.903684868933723,0.4888464588773844,3.4148384100563387,4.392531327811107
0,1800,0.44500000000000006,3.911169920249043,0.48532717353258625,3.4258427467164565,4.396497093781629
0,1800,0.44600000000000006,3.918602888444188,0.4818062592819319,3.436796629162256,4.40040914772612
0,1800,0.44700000000000006,3.925982680797263,0.47828519889811616,3.4476974818991466,4.404267879695379
0,1800,0.44800000000000006,3.933308204586372,0.47476550258977923,3.458542701996593,4.408073707176151
0,1800,0.44900000000000007,3.94057836708962,0.4712487085247956,3.469329658564824,4.411827075614416
0,1800,0.45000000000000007,3.9477920755851117,0.4677363833347132,3.4800556922503985,4.415528458919825
0,1800,0.45100000000000007,3.954948237350951,0.4642301225960207,3.49071811475493,4.419178359946971
0,1800,0.45199999999999996,3.9620457596652403,0.460731551283511,3.5013142083817295,4.422777310948751
0,1800,0.45299999999999996,3.969083549806089,0.45724232419056243,3.5118412256155267,4.426325873996651
0,1800,0.45399999999999996,3.976060515051598,0.45376412631071456,3.522296388740884,4.429824641362313
0,1800,0.45499999999999996,3.9829755626798735,0.45029867317441197,3.5326768895054617,4.433274235854285
0,1800,0.45599999999999996,3.989827599969019,0.4468477111343059,3.5429798888347133,4.436675311103325
0,1800,0.45699999999999996,3.9966155341971388,0.443413017591973,3.553202516605166,4.440028551789112
0,1800,0.45799999999999996,4.003338272642338,0.439996401158381,3.5633418714839573,4.443334673800719
0,1800,0.45899999999999996,4.009994722582722,0.4365997017398834,3.573395020842839,4.446594424322606
0,1800,0.45999999999999996,4.016583791296395,0.43322479054097673,3.5833590007554186,4.449808581837372
0,1800,0.46099999999999997,4.02310438606146,0.4298735699745048,3.5932308160869555,4.452977956035965
0,1800,0.46199999999999997,4.029555414156022,0.4265479734694483,3.6030074406865733,4.45610338762547
0,1800,0.46299999999999997,4.0359357828581865,0.42324996516591307,3.6126858176922734,4.459185748024099
0,1800,0.46399999999999997,4.042244399446057,0.419981539486429,3.622262859959628,4.462225938932486
0,1800,0.46499999999999997,4.048480171197739,0.41674472057220097,3.631735450625538,4.46522489176994
0,1800,0.46599999999999997,4.054642005391336,0.4135415615725388,3.641100443818797,4.468183566963875
0,1800,0.46699999999999997,4.060728809304954,0.4103741437753356,3.650354665529618,4.4711029530802895
0,1800,0.46799999999999997,4.066739490216696,0.40724457556618526,3.6594949146505105,4.473984065782881
0,1800,0.469,4.072672955404667,0.404154991203544,3.6685179642011234,4.4768279466082115
0,1800,0.47,4.078528112146971,0.40110754939727233,3.677420562749699,4.479635661544243
0,1800,0.471,4.084303867721714,0.39810443167795007,3.686199436043764,4.482408299399665
0,1800,0.472,4.0899991294069995,0.39514784054457236,3.694851288862427,4.485146969951572
0,1800,0.473,4.095612804480932,0.392239997378618,3.7033728071023138,4.48785280185955
0,1800,0.474,4.101143800221616,0.38938314011306524,3.7117606601085504,4.490526940334681
0,1800,0.475,4.106591023907157,0.38657952064572776,3.7200115032614294,4.493170544552885
0,1800,0.476,4.111953382815658,0.3838314019873173,3.7281219808283406,4.495784784802975
0,1800,0.477,4.117229784225224,0.38114105513593594,3.7360887290892886,4.4983708393611606
0,1800,0.478,4.12241913541396,0.3785107556712692,3.743908379742691,4.500929891085229
0,1800,0.479,4.12752034365997,0.3759427800636054,3.751577563596365,4.503463123723575
0,1800,0.48,4.132532316241359,0.373439401694973,3.7590929145463856,4.5059717179363314
0,1800,0.481,4.137453960436231,0.37100288659214614,3.7664510738440846,4.508456847028377
0,1800,0.482,4.142284183522691,0.3686354888740449,3.7736486946486463,4.510919672396736
0,1800,0.483,4.147021892778844,0.36633944591913087,3.7806824468597133,4.513361338697975
0,1800,0.484,4.1516659954827935,0.364116973261751,3.7875490222210426,4.515782968744545
0,1800,0.485,4.156215398912644,0.36197025923001047,3.7942451396826335,4.518185658142654
0,1800,0.486,4.1606690103465,0.35990145934159684,3.800767551004903,4.520570469688097
0,1800,0.487,4.165025737062467,0.3579126904780153,3.8071130465844516,4.522938427540482
0,1800,0.488,4.169284486338649,0.3560060248618604,3.8132784614767883,4.5252905112005095
0,1800,0.489,4.173444165453151,0.3541834838659787,3.819260681587172,4.527627649319129
0,1800,0.49,4.177503681684075,0.35244703168760416,3.825056649996471,4.529950713371679
0,1800,0.491,4.181461942309529,0.3507985689246792,3.8306633733848496,4.532260511234208
0,1800,0.492,4.185317854607615,0.34923992609552557,3.83607792851209,4.534557780703141
0,1800,0.493,4.189070325856439,0.3477728571466988,3.84129746870974,4.536843183003137
0,1800,0.494,4.192718263334105,0.3463990329971469,3.8463192303369578,4.539117296331252
0,1800,0.495,4.196260574318718,0.3451200351696008,3.851140539149117,4.541380609488319
0,1800,0.496,4.199696166088381,0.34393734956234173,3.855758816526039,4.543633515650723
0,1800,0.497,4.203023945921201,0.3428523604160366,3.860171585505164,4.545876306337237
0,1800,0.498,4.20624282109528,0.34186634453111375,3.8643764765641664,4.548109165626394
0,1800,0.499,4.209351698888724,0.34098046579109814,3.8683712330976254,4.550332164679822
0,1800,0.5,4.212349486579637,0.34019577004639007,3.8721537165332465,4.5525452566260265
0,1800,0.501,4.215235091446123,0.33951318041110706,3.8757219110350163,4.55474827185723
0,1800,0.502,4.218007420766288,0.33893349302281683,3.879073927743471,4.556940913789105
0,1800,0.503,4.220665381818235,0.3384573733112731,3.882208008506962,4.559122755129509
0,1800,0.504,4.223207881880071,0.33808535281766655,3.885122529062404,4.561293234697737
0,1800,0.505,4.225633828229896,0.337817826600488,3.8878160016294085,4.563451654830384
0,1800,0.506,4.227942128145819,0.33765505125795126,3.8902870768878675,4.56559717940377
0,1800,0.507,4.230131688905942,0.33759714359016213,3.89253454531578,4.567728832496105
0,1800,0.508,4.232201417788371,0.3376440799169618,3.894557337871409,4.569845497705333
0,1800,0.509,4.234150222071209,0.33779569605978943,3.89635452601142,4.571945918130998
0,1800,0.51,4.2359770090325615,0.33805168798813223,3.897925321044429,4.574028697020694
0,1800,0.511,4.237680685950533,0.33841161312334805,3.899269072827185,4.576092299073881
0,1800,0.512,4.239260160103228,0.3388748922850074,3.900385267818221,4.578135052388236
0,1800,0.513,4.240714338768751,0.33944081225757816,3.901273526511173,4.58015515102633
0,1800,0.514,4.242042129225206,0.3401085289484093,3.901933600276797,4.5821506581736156
0,1800,0.515,4.2432424387506975,0.3408770711017019,3.9023653676489958,4.5841195098524
0,1800,0.516,4.244314174623331,0.3417453445275993,3.9025688300957317,4.586059519150931
0,1800,0.517,4.24525624412121,0.34271213680077783,3.902544107320432,4.587968380921987
0,1800,0.518,4.24606755452244,0.3437761223790409,3.902291432143399,4.589843676901481
0,1800,0.519,4.246747013105125,0.34493586808946614,3.901811145015659,4.591682881194592
0,1800,0.52,4.247293527147368,0.34618983892763006,3.9011036882197385,4.593483366074999
0,1800,0.521,4.247706003927276,0.3475364041143457,3.9001695998129304,4.595242408041622
0,1800,0.522,4.247983350722953,0.34897384335415194,3.8990095073688016,4.596957194077105
0,1800,0.523,4.248124474812503,0.35050035324044976,3.8976241215720533,4.5986248280529525
0,1800,0.524,4.2481282834740295,0.3521140537536105,3.8960142297204188,4.60024233722764
0,1800,0.525,4.247993683985639,0.35381299480051254,3.8941806891851263,4.601806678786152
0,1800,0.526,4.247719583625435,0.3555951627466946,3.8921244208787407,4.60331474637213
0,1800,0.527,4.247304889671522,0.35745848689555054,3.8898464027759716,4.604763376567073
0,1800,0.528,4.246748509402004,0.3594008458726304,3.8873476635293738,4.606149355274635
0,1800,0.529,4.246049350094986,0.36142007387704966,3.8846292762179364,4.607469423972036
0,1800,0.53,4.245206319028574,0.363513966766151,3.881692352262423,4.608720285794725
0,1800,0.531,4.24421832348087,0.3656802879438035,3.8785380355370664,4.609898611424673
0,1800,0.532,4.243084270729979,0.36791677402699874,3.8751674967029808,4.6110010447569785
0,1800,0.533,4.241803068054008,0.3702211402696106,3.8715819277843972,4.612024208323619
0,1800,0.534,4.2403736227310596,0.3725910857262782,3.867782537004781,4.612964708457338
0,1800,0.535,4.238794842039238,0.3750242981432821,3.8637705438959555,4.61381914018252
0,1800,0.536,4.237065633256647,0.37751845856697247,3.859547174689675,4.61458409182362
0,1800,0.537,4.235184903661394,0.38007124566373524,3.855113657997659,4.61525614932513
0,1800,0.538,4.233151560531581,0.3826803397486255,3.8504712207829552,4.615831900280206
0,1800,0.539,4.230964511145313,0.38534342652264064,3.8456210846226724,4.616307937667954
0,1800,0.54,4.228622662780695,0.3880582005211384,3.8405644622595565,4.616680863301833
0,1800,0.541,4.226124922715832,0.3908223682781265,3.8353025544377055,4.616947290993958
0,1800,0.542,4.223470198228827,0.39363365121307065,3.8298365470157565,4.6171038494418974
0,1800,0.543,4.220657396597786,0.3964897882484866,3.824167608349299,4.617147184846273
0,1800,0.544,4.217685425100813,0.3993885381679301,3.818296886932883,4.6170739632687425
0,1800,0.545,4.2145531910160114,0.40232768172507105,3.8122255092909403,4.616880872741082
0,1800,0.546,4.211259601621487,0.40530502351537834,3.8059545781061086,4.616564625136865
0,1800,0.547,4.207803564195345,0.40831839362255457,3.7994851705727903,4.616121957817899
0,1800,0.548,4.204183986015688,0.4113656490522686,3.7928183369634194,4.615549635067957
0,1800,0.549,4.200399774360622,0.41444467496597237,3.7859550993946494,4.614844449326594
0,1800,0.55,4.1964498365082505,0.41755338572766104,3.7788964507805893,4.614003222235912
0,1800,0.551,4.192333079736679,0.4206897257763763,3.771643353960303,4.613022805513055
0,1800,0.552,4.1880484113240115,0.4238516703370773,3.764196740986934,4.611900081661089
0,1800,0.553,4.1835947385483525,0.42703722598222765,3.756557512566125,4.61063196453058
0,1800,0.554,4.178970968687806,0.43024443105609245,3.748726537631714,4.609215399743898
0,1800,0.555,4.174176009020478,0.43347135597332104,3.740704653047157,4.607647364993799
0,1800,0.556,4.169208766824472,0.436716103402918,3.732492663421554,4.60592487022739
0,1800,0.557,4.164068149377893,0.43997680834819886,3.724091341029694,4.604044957726091
0,1800,0.558,4.1587530639588435,0.44325163813279267,3.7155014258260506,4.602004702091636
0,1800,0.559,4.153262417845431,0.4465387923022007,3.7067236255432303,4.599801210147632
0,1800,0.56,4.147595118315758,0.449836502449863,3.697758615865895,4.597431620765621
0,1800,0.561,4.1417500726479295,0.4531430319761222,3.6886070406718074,4.5948931046240515
0,1800,0.562,4.135726188120051,0.45645667578792143,3.6792695123321297,4.592182863907973
0,1800,0.5630000000000001,4.129522372010227,0.45977575994652686,3.6697466120637,4.589298131956753
0,1800,0.5640000000000001,4.1231375315965595,0.46309864127003453,3.660038890326525,4.586236172866594
0,1800,0.5650000000000001,4.116570574157155,0.46642370689690993,3.6501468672602453,4.582994281054065
0,1800,0.5660000000000001,4.109820406970118,0.4697493738163162,3.6400710331538018,4.579569780786434
0,1800,0.5670000000000001,4.1028859373135536,0.4730740883705131,3.6298118489430404,4.575960025684067
0,1800,0.5680000000000001,4.0957660724655645,0.4763963257341675,3.619369746731397,4.572162398199732
0,1800,0.5690000000000001,4.0884597197042565,0.4797145893749859,3.608745130329271,4.568174309079242
0,1800,0.5700000000000001,4.080965786307734,0.4830274104996879,3.5979383758080465,4.563993196807422
0,1800,0.5710000000000001,4.073283179554102,0.4863333474889599,3.5869498320651423,4.559616527043062
0,1800,0.5720000000000001,4.065410806721464,0.4896309853246813,3.5757798213967824,4.555041792046145
0,1800,0.5730000000000001,4.057347575087924,0.4929189350123894,3.5644286400755347,4.550266510100314
0,1800,0.5740000000000001,4.049092391931588,0.49619583300164716,3.552896558929941,4.545288224933236
0,1800,0.5750000000000001,4.04064416453056,0.4994603406066956,3.5411838239238644,4.540104505137256
0,1800,0.5760000000000001,4.032001800162944,0.5027111434295171,3.5292906567334272,4.534712943592461
0,1800,0.5770000000000001,4.023164206106846,0.5059469507871943,3.5172172553196512,4.52911115689404
0,1800,0.5780000000000001,4.014130289640369,0.5091664951452375,3.504963794495132,4.5232967847856065
0,1800,0.5790000000000001,4.004898958041618,0.5123685315583424,3.4925304264832757,4.517267489599961
0,1800,0.58,3.995469118588698,0.5155518371198713,3.4799172814688264,4.511020955708569
0,1800,0.581,3.9858396785597137,0.518715210421174,3.4671244681385396,4.504554888980888
0,1800,0.582,3.9760095452327673,0.5218574710217163,3.454152074211051,4.497867016254483
0,1800,0.583,3.9659776258859654,0.524977458930855,3.4410001669551105,4.490955084816821
0,1800,0.584,3.9557428277974123,0.5280740341019644,3.4276687936954477,4.483816861899377
0,1800,0.585,3.945304058245212,0.5311460759395146,3.4141579823056976,4.476450134184726
0,1800,0.586,3.9346602245074696,0.5341924828196023,3.4004677416878675,4.468852707327072
0,1800,0.587,3.923810233862289,0.5372121716243464,3.3865980622379426,4.461022405486635
0,1800,0.588,3.912752993587776,0.5402040772904789,3.372548916297297,4.452957070878255
0,1800,0.589,3.9014874109620337,0.5431671523723937,3.35832025858964,4.444654563334427
0,1800,0.59,3.8900123932631665,0.5461003666198561,3.34391202664331,4.436112759883023
0,1800,0.591,3.87832684776928,0.5490027065705173,3.3293241411987626,4.4273295543397975
0,1800,0.592,3.866429681758478,0.5518731751573354,3.3145565066011424,4.418302856915814
0,1800,0.593,3.8543198025088654,0.5547107913309589,3.2996090111779064,4.409030593839824
0,1800,0.594,3.8419961172985464,0.5575145896970992,3.2844815276014474,4.399510706995645
0,1800,0.595,3.829457533405627,0.5602836201688847,3.269173913236742,4.389741153574511
0,1800,0.596,3.816702958108209,0.5630169476341638,3.2536860104740453,4.379719905742373
0,1800,0.597,3.8037312986843985,0.565713651637708,3.2380176470466906,4.369444950322107
0,1800,0.598,3.7905414624122997,0.568372826078246,3.222168636334054,4.358914288490546
0,1800,0.599,3.7771323565700174,0.5709935789202458,3.2061387776497714,4.3481259354902635
0,1800,0.6,3.763502888435656,0.5735750319203579,3.189927856515298,4.337077920356014
0,1800,0.601,3.7496519652873204,0.5761163203684202,3.1735356449189003,4.325768285655741
0,1800,0.602,3.735578494403115,0.5786165928429237,3.1569619015601917,4.314195087246039
0,1800,0.603,3.7212813830611435,0.5810750109808395,3.140206372080304,4.302356394041983
0,1800,0.604,3.7067595385395107,0.5834907492617035,3.123268789277807,4.290250287801214
0,1800,0.605,3.6920118681163214,0.5858629948058631,3.1061488733104583,4.277874862922184
0,1800,0.606,3.67703727906968,0.588190947186792,3.088846331882888,4.265228226256472
0,1800,0.607,3.6618346786776916,0.5904738182573888,3.071360860420303,4.252308496935081
0,1800,0.608,3.64640297421846,0.5927108319901826,3.053692142228277,4.239113806208643
0,1800,0.609,3.6307410729700895,0.5949012243313757,3.0358398486387137,4.225642297301465
0,1800,0.61,3.6148478822106864,0.597044243068673,3.0178036391420133,4.211892125279359
0,1800,0.611,3.5987223092183527,0.599139147712849,2.9995831615055035,4.197861456931202
0,1800,0.612,3.5823632612711944,0.6011852093930318,2.9811780518781625,4.183548470664226
0,1800,0.613,3.5657696456473156,0.6031817107656817,2.962587934881634,4.168951356412998
0,1800,0.614,3.548940369624821,0.6051279459372756,2.9438124236875454,4.154068315562096
0,1800,0.615,3.5318743404818145,0.6070232204007113,2.924851120081103,4.138897560882526
0,1800,0.616,3.514570465496402,0.6088668509854773,2.9057036145109247,4.123437316481879
0,1800,0.617,3.497027651946688,0.6106581658216389,2.886369486125049,4.107685817768327
0,1800,0.618,3.479244807110774,0.6123965043177284,2.866848302793046,4.091641311428503
0,1800,0.619,3.461220838266768,0.6140812171526331,2.8471396211141347,4.075302055419401
0,1800,0.62,3.442954652692773,0.6157116662816114,2.8272429864111617,4.058666318974384
0,1800,0.621,3.4244451576668937,0.6172872249565795,2.8071579327103144,4.041732382623473
0,1800,0.622,3.4056912604672345,0.6188072777608433,2.7868839827063914,4.024498538228078
0,1800,0.623,3.3866918683719005,0.6202712206584774,2.766420647713423,4.006963089030378
0,1800,0.624,3.3674458886589953,0.6216784610585694,2.745767427600426,3.9891243497175646
0,1800,0.625,3.347952228606625,0.6230284178945935,2.7249238107120313,3.9709806465012187
0,1800,0.626,3.328209795492892,0.6243205217191887,2.7038892737737035,3.952530317212081
0,1800,0.627,3.308217496595902,0.625554214814662,2.68266328178124,3.9337717114105644
0,1800,0.628,3.2879742391937596,0.6267289513195625,2.661245287874197,3.9147031905133223
0,1800,0.629,3.267478930564569,0.6278441973717084,2.6396347331928607,3.8953231279362774
0,1800,0.63,3.2467304779864348,0.6288994312680807,2.6178310467183543,3.8756299092545152
0,1800,0.631,3.225727788737461,0.6298941436420431,2.595833645095418,3.8556219323795045
0,1800,0.632,3.204469770095754,0.6308278376583758,2.5736419324373783,3.8352976077541294
0,1800,0.633,3.182955329339416,0.6317000292266586,2.551255300112757,3.8146553585660747
0,1800,0.634,3.1611833737465527,0.6325102472335798,2.528673126512973,3.7936936209801324
0,1800,0.635,3.1391528105952684,0.6332580337947913,2.505894776800477,3.77241084439006
0,1800,0.636,3.116862547163667,0.6339429445269759,2.482919602636691,3.750805491690643
0,1800,0.637,3.0943114907298543,0.6345645488408482,2.459746941889006,3.728876039570703
0,1800,0.638,3.0714985485719337,0.6351224302558519,2.436376118316082,3.7066209788277855
0,1800,0.639,3.0484226279680104,0.6356161867373815,2.4128064412306287,3.684038814705392
0,1800,0.64,3.0250826361961893,0.636045431057407,2.3890372051387825,3.661128067253596
0,1800,0.641,3.001477480534574,0.6364097911794394,2.3650676893551346,3.637887271714013
0,1800,0.642,2.9776060682612693,0.636708910668847,2.3408971575924222,3.6143149789301163
0,1800,0.643,2.9534673066543786,0.6369424491295858,2.3165248575247928,3.5904097557839645
0,1800,0.644,2.9290601029920085,0.6371100826684896,2.291950020323519,3.566170185660498
0,1800,0.645,2.9043833645522628,0.6372115043883315,2.2671718601639315,3.541594868940594
0,1800,0.646,2.8794359986132454,0.6372464249109507,2.2421895737022948,3.516682423524196
0,1800,0.647,2.8542169124530616,0.6372145729318165,2.2170023395212453,3.491431485384878
0,1800,0.648,2.8287250133498154,0.6371156958074937,2.191609317542322,3.465840709157309
0,1800,0.649,2.802959208581611,0.6369495601775569,2.1660096484040543,3.439908768759168
0,1800,0.65,2.776918405426554,0.6367159526226039,2.14020245280395,3.413634358049158
0,1800,0.651,2.7506015111627473,0.6364146803601162,2.1141868308026313,3.3870161915228634
0,1800,0.652,2.724007433068297,0.6360455719800199,2.087961861088277,3.360053005048317
0,1800,0.653,2.697135078421307,0.6356084782219151,2.061526600199392,3.332743556643222
0,1800,0.654,2.669983354499882,0.6351032727960593,2.0348800817038226,3.3050866272959416
0,1800,0.655,2.642551168582127,0.634529853250308,2.008021315331819,3.277081021832435
0,1800,0.656,2.614837427946145,0.6338881418853598,1.9809492860607851,3.2487255698315045
0,1800,0.657,2.586841039870041,0.6331780867207731,1.953662953149268,3.2200191265908145
0,1800,0.658,2.5585609116319206,0.6323996625143783,1.9261612491175422,3.190960574146299
0,1800,0.659,2.5299959505098872,0.6315528718378554,1.8984430786720319,3.1615488223477426
0,1800,0.66,2.5011450637820456,0.6306377462114023,1.8705073175706433,3.1317828099934477
0,1800,0.661,2.472007158726501,0.6296543473005902,1.8423528114259107,3.1016615060270913
0,1800,0.662,2.442581142621358,0.6286027681786689,1.813978374442689,3.071183910800027
0,1800,0.663,2.4128659227447193,0.6274831346577697,1.7853827880869497,3.040349057402489
0,1800,0.664,2.382860406374691,0.6262956066926407,1.7565647996820504,3.009156013067332
0,1800,0.665,2.352563500789377,0.6250403798607397,1.7275231209286375,2.9776038806501166
0,1800,0.666,2.321974113266882,0.6237176869227208,1.6982564263441613,2.9456918001896026
0,1800,0.667,2.2910911510853107,0.6223277994675502,1.6687633516177605,2.913418950552861
0,1800,0.668,2.2599135215227677,0.6208710296467127,1.6390424918760549,2.8807845511694805
0,1800,0.669,2.2284401318573566,0.6193477320021815,1.6090923998551752,2.847787863859538
0,1800,0.67,2.196669889367184,0.6177583053930602,1.5789115839741237,2.814428194760244
0,1800,0.671,2.164601701330352,0.6161031950260316,1.5484985063043202,2.7807048963563834
0,1800,0.672,2.132234475024966,0.6143828945949829,1.517851580429983,2.746617369619949
0,1800,0.673,2.0995671177291313,0.6125979485354112,1.4869691691937201,2.7121650662645425
0,1800,0.674,2.0665985367209516,0.6107489543994528,1.4558495823214987,2.6773474911204045
0,1800,0.675,2.0333276392785318,0.6088365653576016,1.4244910739209302,2.642164204636133
0,1800,0.676,1.9997533326799761,0.6068614928334194,1.3928918398465568,2.6066148255133954
0,1800,0.6769999999999999,1.9658745242033917,0.6048245092777512,1.3610500149256404,2.570699033481143
0,1800,0.6779999999999999,1.931690121126878,0.6027264510891583,1.3289636700377196,2.5344165722160366
0,1800,0.6789999999999999,1.8971990307285425,0.6005682216874816,1.2966308090410608,2.497767252416024
0,1800,0.6799999999999999,1.862400160286489,0.5983507947475906,1.2640493655388985,2.4607509550340794
0,1800,0.6809999999999999,1.8272924170788216,0.5960752176005292,1.2312171994782926,2.4233676346793507
0,1800,0.6819999999999999,1.791874708383646,0.5937426148093411,1.198132093574305,2.385617323192987
0,1800,0.6829999999999999,1.7561459414790654,0.5913541919269198,1.1647917495521456,2.347500133405985
0,1800,0.6839999999999999,1.7201050236431858,0.5889112394432211,1.1311937841999646,2.309016263086407
0,1800,0.6849999999999999,1.6837508621541115,0.5864151369290929,1.0973357252250187,2.270165999083204
0,1800,0.6859999999999999,1.647082364289946,0.583867357383818,1.063215006906128,2.230949721673764
0,1800,0.6869999999999999,1.610098437328796,0.5812694717932195,1.0288289655355767,2.1913679091220155
0,1800,0.688,1.5727979885487624,0.5786231539047993,0.9941748346439631,2.151421142453562
0,1800,0.689,1.5351799252279523,0.5759301852258742,0.9592497400020781,2.1111101104538266
0,1800,0.69,1.4972431546444698,0.5731924602500184,0.9240506943944514,2.070435614894488
0,1800,0.691,1.4589865840764191,0.5704119919162652,0.8885745921601539,2.0293985759926843
0,1800,0.692,1.4204091208019056,0.5675909173044783,0.8528182034974273,1.9880000381063838
0,1800,0.693,1.3815096720990323,0.564731503568985,0.8167781685300473,1.9462411756680174
0,1800,0.694,1.3422871452459058,0.5618361541110016,0.7804509911349041,1.9041232993569075
0,1800,0.695,1.3027404475206286,0.5589074149884795,0.743833032532149,1.8616478625091082
0,1800,0.696,1.2628684862013055,0.5559479815597566,0.706920504641549,1.818816467761062
0,1800,0.697,1.222670168566041,0.5529607053547345,0.6697094632113065,1.7756308739207756
0,1800,0.698,1.1821444018929412,0.5499486011642043,0.6321958007287369,1.7320930030571455
0,1800,0.699,1.1412900934601087,0.5469148543343307,0.5943752391257779,1.6882049477944394
0,1800,0.7,1.1001061505456495,0.5438628282491397,0.5562433222965099,1.6439689787947893
0,1800,0.701,1.0585914804276686,0.5407960719790752,0.5177954084485934,1.5993875524067438
0,1800,0.702,1.0167449903842676,0.5377183280682438,0.47902666231602375,1.5544633184525114
0,1800,0.703,0.9745655876935548,0.5346335404268037,0.43993204726675117,1.5091991281203585
0,1800,0.704,0.9320521796336303,0.5315458622880097,0.4005063173456206,1.4635980419216401
0,1800,0.705,0.8892036734826023,0.5284596641816673,0.360744009300935,1.4176633376642696
0,1800,0.706,0.8460189765185722,0.5253795418671476,0.3206394346514245,1.3713985183857198
0,1800,0.707,0.8024969960196486,0.5223103241596189,0.28018667186002977,1.3248073201792674
0,1800,0.708,0.7586366392639325,0.5192570805727938,0.2393795586911387,1.2778937198367264
0,1800,0.709,0.7144368135295318,0.5162251286902623,0.19821168483926954,1.2306619422197942
0,1800,0.71,0.6698964260945459,0.5132200411654432,0.15667638492910274,1.183116467259989
0,1800,0.711,0.6250143842370841,0.5102476522374294,0.1147667319996547,1.1352620364745136
0,1800,0.712,0.5797895952352476,0.5073140636366401,0.07247553159860753,1.0871036588718876
0,1800,0.713,0.5342209663671458,0.5044256497404376,0.0297953166267082,1.0386466161075834
0,1800,0.714,0.4883074049108762,0.5015890618249422,-0.01328165691406602,0.9898964667358184
0,1800,0.715,0.4420478181445491,0.4988112312455221,-0.05676341310097305,0.9408590493900713
0,1800,0.716,0.39544111334626564,0.49609937136522964,-0.100658258018964,0.8915404847114953
0,1800,0.717,0.34848619779413337,0.49346097803832173,-0.14497478024418836,0.841947175832455
0,1800,0.718,0.3011819787662535,0.49090382844546626,-0.18972184967921274,0.7920858072117198
0,1800,0.719,0.25352736354073446,0.48843597806901684,-0.23490861452828238,0.7419633416097513
0,1800,0.72,0.20552125939567478,0.4860657555915602,-0.2805444961958854,0.691587014987235
0,1800,0.721,0.1571625736091855,0.48380175549965154,-0.32663918189046603,0.640964329108837
0,1800,0.722,0.10845021345936612,0.4816528281781332,-0.3732026147187671,0.5901030416374993
0,1800,0.723,0.059383086224325865,0.4796280672896218,-0.42024498106529595,0.5390111535139477
0,1800,0.724,0.009960099182164228,0.47773679424953874,-0.4677766950673745,0.48769689343170297
0,1800,0.725,-0.03981984038900954,0.4759885396303443,-0.5158083800193538,0.4361686992413348
0,1800,0.726,-0.08995782521109597,0.4743930213601202,-0.5643508465712161,0.3844351961490242
0,1800,0.727,-0.1404549480059849,0.4729601196209331,-0.613415067626918,0.3325051716149482
0,1800,0.728,-0.19131230149557776,0.47169984840178436,-0.6630121498973621,0.2803875469062066
0,1800,0.729,-0.2425309784017644,0.47062232371935453,-0.7131533021211189,0.22809134531759012
0,1800,0.73,-0.29411207144644536,0.4697377285867796,-0.763849800033225,0.17562565714033423
0,1800,0.731,-0.34605667335151047,0.4690562748853329,-0.8151129482368433,0.12299960153382244
0,1800,0.732,-0.39836587683886027,0.46858816237472606,-0.8669540392135864,0.07022228553586579
0,1800,0.733,-0.4510407746303864,0.46834353516267296,-0.9193843097930594,0.017302760532286576
0,1800,0.734,-0.5040824594479902,0.46833243604082,-0.9724148954888102,-0.03575002340717026
0,1800,0.735,-0.5574920240135599,0.4685647591790163,-1.0260567831925762,-0.0889272648345436
0,1800,0.736,-0.6112705610489968,0.46905020174968587,-1.0803207627986826,-0.14222035929931093
0,1800,0.737,-0.6654191632761917,0.4697982151249951,-1.1352173784011867,-0.19562094815119657
0,1800,0.738,-0.7199389234170432,0.47081795634780016,-1.1907568797648433,-0.24912096706924308
0,1800,0.739,-0.774830934193445,0.4721182406193592,-1.246949174812804,-0.30271269357408576
0,1800,0.74,-0.8300962883272955,0.4737074955692985,-1.3038037838965941,-0.35638879275799706
0,1800,0.741,-0.8857360785404857,0.47559371807381484,-1.3613297966143005,-0.4101423604666709
0,1800,0.742,-0.9417513975549161,0.477784434364971,-1.419535831919887,-0.4639669631899451
0,1800,0.743,-0.9981433380924774,0.48028666412666987,-1.4784300022191472,-0.5178566739658075
0,1800,0.744,-1.0549129928750682,0.48310688920223593,-1.5380198820773041,-0.5718061036728324
0,1800,0.745,-1.1120614546245822,0.4862510274463869,-1.598312482070969,-0.6258104271781952
0,1800,0.746,-1.169589816062917,0.4897244121439645,-1.6593142282068816,-0.6798654039189524
0,1800,0.747,-1.2274991699119653,0.4935317772932271,-1.7210309472051923,-0.7339673926187382
0,1800,0.748,-1.2857906088936266,0.49767724891780846,-1.7834678578114351,-0.7881133599758181
0,1800,0.749,-1.3444652257297918,0.5021643424340057,-1.8466295681637974,-0.8423008832957861
0,1800,0.75,-1.4035241131423604,0.5069959659645058,-1.9105200791068662,-0.8965281471778546
0,1800,0.751,-1.4629683638532232,0.5121744293612837,-1.975142793214507,-0.9507939344919395
0,1800,0.752,-1.5227990705842807,0.517701458584086,-2.0405005291683667,-1.0050976120001947
0,1800,0.753,-1.5830173260574236,0.5235782149805746,-2.106595541037998,-1.059439111076849
0,1800,0.754,-1.6436242229945544,0.5298053189328834,-2.1734295419274376,-1.113818904061671
0,1800,0.755,-1.7046208541175591,0.5363828772748371,-2.2410037313923965,-1.168237976842722
0,1800,0.756,-1.766008312148342,0.5433105138451485,-2.3093188259934907,-1.2226977983031935
0,1800,0.757,-1.8277876898087912,0.5505874025241284,-2.3783750923329197,-1.2772002872846628
0,1800,0.758,-1.8899600798208098,0.5582123021035382,-2.448172381924348,-1.3317477777172715
0,1800,0.759,-1.952526574906286,0.5661835923590227,-2.5187101672653087,-1.386342982547263
0,1800,0.76,-2.015488267787121,0.5744993107295222,-2.5899875785166433,-1.4409889570575987
0,1800,0.761,-2.0788462511852037,0.5831571890550801,-2.6620034402402837,-1.4956890621301238
0,1800,0.762,-2.1426016178224385,0.5921546898805183,-2.734756307702957,-1.5504469279419202
0,1800,0.763,-2.2067554604207125,0.6014890418943906,-2.808244502315103,-1.605266418526322
0,1800,0.764,-2.2713088717019287,0.6111572741376666,-2.8824661458395955,-1.660151597564262
0,1800,0.765,-2.3362629443879745,0.6211562486821081,-2.9574191930700824,-1.7151066957058665
0,1800,0.766,-2.401618771200753,0.6314826915422276,-3.0331014627429806,-1.7701360796585255
0,1800,0.767,-2.4673774448621515,0.6421332216452117,-3.1095106665073633,-1.8252442232169397
0,1800,0.768,-2.533540058094075,0.6531043777390753,-3.1866444358331503,-1.8804356803549995
0,1800,0.769,-2.6001077036184093,0.6643926431695524,-3.264500346787962,-1.9357150604488569
0,1800,0.77,-2.66708147415706,0.6759944685004455,-3.3430759426575056,-1.9910870056566143
0,1800,0.771,-2.734462462431914,0.6879062919899749,-3.4223687544218886,-2.046556170441939
0,1800,0.772,-2.8022517611648716,0.7001245579673198,-3.5023763191321913,-2.102127203197552
0,1800,0.773,-2.870450463077824,0.7126457331791072,-3.583096196256931,-2.157804729898717
0,1800,0.774,-2.9390596608926733,0.7254663211956374,-3.6645259820883105,-2.213593339697036
0,1800,0.775,-3.0080804473313094,0.7385828749815355,-3.7466633223128447,-2.269497572349774
0,1800,0.776,-3.07751391511563,0.751992007745941,-3.8295059228615713,-2.325521907369689
0,1800,0.777,-3.147361156967528,0.765690402193788,-3.9130515591613158,-2.38167075477374
0,1800,0.778,-3.2176232656089043,0.7796748183029066,-3.997298083911811,-2.4379484473059976
0,1800,0.779,-3.2883013337616473,0.7939420997519904,-4.0822434335136375,-2.494359234009657
0,1800,0.78,-3.3593964541476593,0.8084891791226282,-4.167885633270288,-2.5509072750250312
0,1800,0.781,-3.430909719488832,0.823313081994906,-4.2542228014837375,-2.6075966374939257
0,1800,0.782,-3.502842222507061,0.8384109300511042,-4.341253152558165,-2.664431292455957
0,1800,0.783,-3.575195055924242,0.853779943296009,-4.428974999220251,-2.721415112628233
0,1800,0.784,-3.6479693124622727,0.8694174414957303,-4.517386753958003,-2.7785518709665427
0,1800,0.785,-3.721166084843043,0.8853208449298473,-4.60648692977289,-2.835845239913196
0,1800,0.786,-3.7947864657884587,0.9014876745445066,-4.6962741403329655,-2.893298791243952
0,1800,0.787,-3.8688315480204025,0.917915551586828,-4.786747099607231,-2.9509159964335745
0,1800,0.788,-3.9433024242607804,0.9346021967939026,-4.877904621054683,-3.008700227466878
0,1800,0.789,-4.01820018723148,0.9515454292027596,-4.96974561643424,-3.0666547580287205
0,1800,0.79,-4.093525929654403,0.9687431646411532,-5.062269094295556,-3.12478276501325
0,1800,0.791,-4.169280744251441,0.9861934139527759,-5.155474158204217,-3.1830873302986644
0,1800,0.792,-4.245465723744492,1.0038942810047558,-5.2493600047492475,-3.2415714427397364
0,1800,0.793,-4.322081960855447,1.0218439605198422,-5.3439259213752885,-3.3002380003356047
0,1800,0.794,-4.39913054830621,1.0400407357707775,-5.439171284076988,-3.3590898125354323
0,1800,0.795,-4.476612578818664,1.0584829761697394,-5.535095554988404,-3.418129602648925
0,1800,0.796,-4.55452914511472,1.0771691347816503,-5.63169827989637,-3.4773600103330695
0,1800,0.797,-4.632881339916256,1.0960977457863266,-5.728979085702583,-3.53678359412993
0,1800,0.798,-4.711670255945185,1.1152674219111227,-5.826937677856307,-3.596402834034062
0,1800,0.799,-4.790896985923389,1.134676851852601,-5.92557383777599,-3.6562201340707885
0,1800,0.8,-4.870562622572773,1.1543247977031206,-6.024887420275894,-3.716237824869653
0,1800,0.801,-4.950668258615222,1.1742100923957348,-6.124878351010957,-3.776458166219487
0,1800,0.802,-5.031214986772643,1.1943316371787125,-6.225546623951355,-3.83688334959393
0,1800,0.803,-5.112203899766923,1.2146883991290307,-6.326892298895954,-3.8975155006378923
0,1800,0.8039999999999999,-5.19363609031995,1.2352794087125727,-6.428915499032523,-3.958356681607378
0,1800,0.8049999999999999,-5.275512651153646,1.2561037573972718,-6.531616408550917,-4.019408893756374
0,1800,0.8059999999999999,-5.357834674989883,1.2771605953241278,-6.634995270314011,-4.080674079665755
0,1800,0.8069999999999999,-5.44060325455057,1.2984491290400106,-6.739052383590581,-4.14215412551056
0,1800,0.8079999999999999,-5.523819482557589,1.3199686192950604,-6.843788101852649,-4.203850863262529
0,1800,0.8089999999999999,-5.607484451732851,1.341718378906796,-6.9492028306396465,-4.265766072826055
0,1800,0.8099999999999999,-5.691599254798237,1.3636977706922064,-7.055297025490443,-4.327901484106031
0,1800,0.8109999999999999,-5.7761649844756535,1.3859062054686093,-7.162071189944263,-4.390258779007044
0,1800,0.8119999999999999,-5.861182733486989,1.4083431401234157,-7.269525873610404,-4.452839593363573
0,1800,0.813,-5.946653594554143,1.4310080757526187,-7.377661670306762,-4.5156455188015245
0,1800,0.814,-6.032578660399006,1.4539005558673663,-7.486479216266372,-4.578678104531639
0,1800,0.815,-6.11895902374348,1.4770201646677412,-7.5959791884112215,-4.641938859075739
0,1800,0.816,-6.205795777309454,1.50036652538255,-7.706162302692004,-4.705429251926905
0,1800,0.817,-6.2930900138188335,1.5239392986738163,-7.81702931249265,-4.769150715145017
0,1800,0.818,-6.380842825993501,1.5477381811043944,-7.928581007097895,-4.833104644889106
0,1800,0.819,-6.46905530655536,1.571762903667109,-8.040818210222469,-4.897292402888251
0,1800,0.82,-6.557728548226303,1.5960132303736352,-8.153741778599938,-4.961715317852668
0,1800,0.821,-6.64686364372823,1.6204889569013303,-8.26735260062956,-5.026374686826899
0,1800,0.822,-6.736461685783031,1.6451899092961435,-8.381651595079173,-5.091271776486887
0,1800,0.823,-6.826523767112606,1.6701159427297259,-8.496639709842333,-5.15640782438288
0,1800,0.824,-6.917050980438844,1.695266940308818,-8.612317920747662,-5.221784040130025
0,1800,0.825,-7.00804441848365,1.7206428119350559,-8.728687230418707,-5.2874016065485945
0,1800,0.826,-7.099505173968907,1.7462434932132544,-8.84574866718216,-5.353261680755653
0,1800,0.827,-7.191434339616525,1.7720689444063766,-8.963503284022902,-5.419365395210148
0,1800,0.828,-7.283833008148387,1.7981191494352728,-9.081952157583661,-5.4857138587131145
0,1800,0.829,-7.376702272286396,1.8243941149214846,-9.20109638720788,-5.552308157364911
0,1800,0.83,-7.470043224752443,1.8508938692712753,-9.320937094023718,-5.619149355481167
0,1800,0.831,-7.563856958268429,1.877618461799252,-9.44147542006768,-5.686238496469177
0,1800,0.832,-7.658144565556242,1.9045679618898608,-9.562712527446102,-5.753576603666382
0,1800,0.833,-7.752907139337784,1.9317424581951934,-9.684649597532978,-5.821164681142591
0,1800,0.834,-7.848145772334947,1.9591420578675154,-9.807287830202462,-5.889003714467432
0,1800,0.835,-7.943861557269633,1.9867668858250398,-9.930628443094673,-5.957094671444594
0,1800,0.836,-8.040055586863723,2.014617084049464,-10.054672670913186,-6.025438502814259
0,1800,0.837,-8.136728953839128,2.0426928109139317,-10.17942176475306,-6.094036142925196
0,1800,0.838,-8.23388275091773,2.0709942405399904,-10.30487699145772,-6.162888510377739
0,1800,0.839,-8.331518070821438,2.0995215621823577,-10.431039633003795,-6.231996508639081
0,1800,0.84,-8.429636006272137,2.128274979640168,-10.557910985912304,-6.3013610266319695
0,1800,0.841,-8.52823764999173,2.1572547106935738,-10.685492360685304,-6.370982939298157
0,1800,0.842,-8.627324094702104,2.1864609865645295,-10.813785081266634,-6.440863108137574
0,1800,0.843,-8.726896433125164,2.2158940514006944,-10.942790484525858,-6.51100238172447
0,1800,0.844,-8.826955757982802,2.245554161781387,-11.072509919764189,-6.581401596201415
0,1800,0.845,-8.927503161996908,2.2754415862446136,-11.20294474824152,-6.6520615757522945
0,1800,0.846,-9.028539737889382,2.305556604834216,-11.334096342723598,-6.722983133055166
0,1800,0.847,-9.130066578382122,2.3358995086662206,-11.465966087048344,-6.794167069715901
0,1800,0.848,-9.232084776197016,2.366470599513512,-11.598555375710529,-6.865614176683504
0,1800,0.849,-9.334595424055971,2.3972701894080406,-11.731865613464011,-6.937325234647931
0,1800,0.85,-9.437599614680868,2.4282986002597124,-11.86589821494058,-7.0093010144211565
0,1800,0.851,-9.541098440793618,2.4595561634912593,-12.000654604284877,-7.0815422773023595
0,1800,0.852,-9.645092995116102,2.491043219688333,-12.136136214804434,-7.154049775427769
0,1800,0.853,-9.74958437037023,2.5227601182641592,-12.272344488634388,-7.22682425210607
0,1800,0.854,-9.854573659277879,2.5547072171380663,-12.409280876415945,-7.2998664421398125
0,1800,0.855,-9.960061954560967,2.5868848824273103,-12.546946836988276,-7.3731770721336565
0,1800,0.856,-10.066050348941367,2.6192934881515355,-12.685343837092903,-7.446756860789831
0,1800,0.857,-10.172539935140993,2.6519334159493764,-12.824473351090369,-7.520606519191617
0,1800,0.858,-10.279531805881724,2.684805054806586,-12.96433686068831,-7.594726751075139
0,1800,0.859,-10.387027053885474,2.717908800795239,-13.104935854680713,-7.669118253090234
0,1800,0.86,-10.495026771874121,2.75124505682346,-13.246271828697582,-7.743781715050661
0,1800,0.861,-10.603532052569573,2.7848142323952674,-13.38834628496484,-7.818717820174306
0,1800,0.862,-10.712543988693717,2.818616743380017,-13.531160732073735,-7.8939272453137
0,1800,0.863,-10.822063672968456,2.8526530117911006,-13.674716684759556,-7.969410661177355
0,1800,0.864,-10.932092198115676,2.8869234655734015,-13.819015663689077,-8.045168732542274
0,1800,0.865,-11.042630656857286,2.921428538399216,-13.964059195256501,-8.12120211845807
0,1800,0.866,-11.153680141915164,2.956168669472182,-14.109848811387346,-8.197511472442981
0,1800,0.867,-11.265241746011217,2.991144303338939,-14.256386049350155,-8.274097442672279
0,1800,0.868,-11.377316561867339,3.026355889708132,-14.40367245157547,-8.350960672159207
0,1800,0.869,-11.489905682205428,3.061803883276464,-14.551709565481893,-8.428101798928964
0,1800,0.87,-11.603010199747377,3.0974887435614833,-14.70049894330886,-8.505521456185894
0,1800,0.871,-11.716631207215077,3.133410934740834,-14.85004214195591,-8.583220272474243
0,1800,0.872,-11.83076979733043,3.169570925497657,-15.000340722828087,-8.661198871832772
0,1800,0.873,-11.94542706281533,3.2059691888719173,-15.151396251687247,-8.739457873943413
0,1800,0.874,-12.060604096391666,3.242606202117373,-15.30321029850904,-8.817997894274292
0,1800,0.875,-12.176301990781344,3.2794824465639767,-15.45578443734532,-8.896819544217367
0,1800,0.876,-12.292521838706248,3.316598407485437,-15.609120246191685,-8.975923431220812
0,1800,0.877,-12.409264732888285,3.3539545739717864,-15.763219306860073,-9.055310158916498
0,1800,0.878,-12.526531766049347,3.391551438806663,-15.91808320485601,-9.134980327242683
0,1800,0.879,-12.644324030911324,3.4293894983491993,-16.073713529260523,-9.214934532562125
0,1800,0.88,-12.762642620196113,3.4674692524202375,-16.23011187261635,-9.295173367775876
0,1800,0.881,-12.881488626625618,3.5057912041927732,-16.387279830818393,-9.375697422432845
0,1800,0.882,-13.000863142921723,3.5443558600863856,-16.545219003008107,-9.456507282835338
0,1800,0.883,-13.120767261806332,3.583163729665534,-16.703930991471864,-9.537603532140798
0,1800,0.884,-13.241202076001333,3.6222153255415397,-16.863417401542872,-9.618986750459793
0,1800,0.885,-13.362168678228631,3.6615111632781225,-17.023679841506755,-9.700657514950509
0,1800,0.886,-13.483668161210108,3.701051761300311,-17.184719922510418,-9.782616399909797
0,1800,0.887,-13.60570161766768,3.7408376408066455,-17.346539258474326,-9.864863976861034
0,1800,0.888,-13.728270140323218,3.780869325684475,-17.509139466007692,-9.947400814638744
0,1800,0.889,-13.851374821898636,3.8211473424282922,-17.672522164326928,-10.030227479470344
0,1800,0.89,-13.97501675511582,3.8616722200609215,-17.83668897517674,-10.1133445350549
0,1800,0.891,-14.09919703269667,3.9024444900575004,-18.00164152275417,-10.196752542639171
0,1800,0.892,-14.22391674736308,3.943464686272096,-18.167381433635178,-10.280452061090985
0,1800,0.893,-14.349176991836947,3.984733344866899,-18.333910336703845,-10.364443646970049
0,1800,0.894,-14.47497885884016,4.026251004243845,-18.501229863084006,-10.448727854596315
0,1800,0.895,-14.601323441094625,4.068018204978622,-18.669341646073246,-10.533305236116004
0,1800,0.896,-14.728211831322227,4.110035489756917,-18.838247321079145,-10.61817634156531
0,1800,0.897,-14.85564512224487,4.152303403312856,-19.007948525557726,-10.703341718932013
0,1800,0.898,-14.983624406584447,4.19482249236953,-19.17844689895398,-10.788801914214917
0,1800,0.899,-15.112150777062848,4.237593305581537,-19.349744082644385,-10.87455747148131
0,1800,0.9,-15.241225326401974,4.2806163934794546,-19.52184171988143,-10.960608932922518
10,1500,0.1,-5.298741633092609,2.820597609263316,-8.119339242355926,-2.478144023829293
10,1500,0.101,-5.20971571418011,2.7930364958823928,-8.002752210062503,-2.416679218297717
10,1500,0.10200000000000001,-5.1210870368392225,2.7656327326832617,-7.886719769522484,-2.355454304155961
10,1500,0.10300000000000001,-5.032854972819393,2.738385979571381,-7.771240952390775,-2.2944689932480125
10,1500,0.10400000000000001,-4.945018893870063,2.7112958974869463,-7.65631479135701,-2.233722996383117
10,1500,0.10500000000000001,-4.857578171740691,2.6843621484345834,-7.541940320175275,-2.1732160233061077
10,1500,0.10600000000000001,-4.770532178180716,2.6575843955140344,-7.42811657369475,-2.1129477826666814
10,1500,0.10700000000000001,-4.683880284939587,2.6309623029519043,-7.314842587891491,-2.0529179819876826
10,1500,0.10800000000000001,-4.597621863766747,2.6044955361344724,-7.202117399901219,-1.9931263276322748
10,1500,0.10900000000000001,-4.511756286411648,2.578183761641649,-7.089940048053297,-1.9335725247699993
10,1500,0.11,-4.426282924623731,2.5520266472820823,-6.978309571905813,-1.8742562773416487
10,1500,0.111,-4.34120115015245,2.526023862129501,-6.867225012281951,-1.8151772880229493
10,1500,0.112,-4.256510334747247,2.500175076560307,-6.756685411307554,-1.7563352581869403
10,1500,0.113,-4.1722098501575715,2.4744799622924947,-6.646689812450067,-1.6977298878650768
10,1500,0.114,-4.088299068132869,2.448938192425925,-6.537237260558794,-1.6393608757069442
10,1500,0.115,-4.004777360422583,2.4235494414840386,-6.428326801906621,-1.5812279189385445
10,1500,0.116,-3.9216440987761683,2.3983133854570293,-6.319957484233198,-1.523330713319139
10,1500,0.117,-3.8388986549430655,2.373229701846577,-6.212128356789643,-1.4656689530964884
10,1500,0.11800000000000001,-3.7565404006727245,2.3482980697121625,-6.1048384703848875,-1.408242330960562
10,1500,0.11900000000000001,-3.674568707714588,2.3235181697190717,-5.99808687743366,-1.3510505379955164
10,1500,0.12000000000000001,-3.5929829478181112,2.2988896841881163,-5.891872632006228,-1.2940932636299949
10,1500,0.12100000000000001,-3.5117824927327312,2.2744122971471756,-5.786194789879907,-1.2373701955855556
10,1500,0.122,-3.430966714207898,2.2500856943846097,-5.681052408592508,-1.1808810198232882
10,1500,0.123,-3.3505349839930627,2.225909563504646,-5.576444547497709,-1.1246254204884165
10,1500,0.124,-3.2704866738376683,2.2018835939847943,-5.472370267822463,-1.068603079852874
10,1500,0.125,-3.1908211554911663,2.1780074772354006,-5.368828632726567,-1.0128136782557657
10,1500,0.126,-3.1115378007029957,2.154280906661407,-5.265818707364403,-0.9572568940415889
10,1500,0.127,-3.032635981222608,2.1307035777264374,-5.163339558949046,-0.9019324034961707
10,1500,0.128,-2.954115068799453,2.1072751880192753,-5.061390256818728,-0.8468398807801778
10,1500,0.129,-2.87597443518297,2.0839954373228684,-4.959969872505838,-0.7919789978601015
10,1500,0.13,-2.798213452122612,2.0608640276859385,-4.85907747980855,-0.7373494244366734
10,1500,0.131,-2.720831491367825,2.037880663497335,-4.75871215486516,-0.6829508278704899
10,1500,0.132,-2.6438279246680523,2.0150450515632254,-4.658872976231278,-0.6287828731048268
10,1500,0.133,-2.5672021237727503,1.9923569011872695,-4.55955902496002,-0.5748452225854808
10,1500,0.134,-2.4909534604313546,1.9698159242538866,-4.460769384685241,-0.5211375361774679
10,1500,0.135,-2.4150813063933168,1.9474218353147645,-4.362503141708081,-0.4676594710785522
10,1500,0.136,-2.3395850334080794,1.9251743516787443,-4.2647593850868235,-0.41441068172933515
10,1500,0.137,-2.2644640132250995,1.903073193505236,-4.167537206730335,-0.3613908197198634
10,1500,0.138,-2.1897176175938107,1.8811180839013089,-4.0708357014951195,-0.3085995336925018
10,1500,0.139,-2.1153452182636734,1.8593087490226403,-3.9746539672863137,-0.25603646924103307
10,1500,0.14,-2.0413461869841214,1.8376449181784664,-3.878991105162588,-0.20370126880565498
10,1500,0.14100000000000001,-1.967719895504617,1.8161263239407461,-3.783846219445363,-0.15159357156387077
10,1500,0.14200000000000002,-1.89446571557459,1.7947527022576875,-3.6892184178322776,-0.09971301331690263
10,1500,0.14300000000000002,-1.8215830189435014,1.77352379257188,-3.5951068115153815,-0.0480592263716213
10,1500,0.14400000000000002,-1.7490711773607899,1.7524393379431893,-3.501510515303979,0.0033681605823994154
10,1500,0.14500000000000002,-1.676929562575907,1.7314990851766785,-3.4084286477525856,0.054569522600771414
10,1500,0.14600000000000002,-1.605157546338292,1.7107027849557375,-3.3158603312940294,0.10554523861744536
10,1500,0.14700000000000002,-1.5337545003974018,1.6900501919807058,-3.2238046923781076,0.15629569158330403
10,1500,0.14800000000000002,-1.4627197965026753,1.6695410651131892,-3.1322608616158645,0.20682126861051398
10,1500,0.14900000000000002,-1.3920528064035658,1.6491751675263766,-3.041227973929942,0.25712236112281084
10,1500,0.15000000000000002,-1.3217529018495142,1.6289522668615972,-2.9507051687111114,0.307199365012083
10,1500,0.15100000000000002,-1.251819454589974,1.6088721353914304,-2.8606915899814043,0.35705268080145647
10,1500,0.15200000000000002,-1.1822518363743821,1.588934550189651,-2.7711863865640334,0.4066827138152689
10,1500,0.153,-1.1130494189521976,1.5691392933083448,-2.682188712260542,0.45608987435614723
10,1500,0.154,-1.0442115740728575,1.5494861519625023,-2.5936977260353595,0.5052745778896448
10,1500,0.155,-0.9757376734858152,1.5299749187224725,-2.5057125922082877,0.5542372452366573
10,1500,0.156,-0.9076270889405116,1.5106053917145972,-2.4182324806551088,0.6029783027740856
10,1500,0.157,-0.8398791921863964,1.4913773748304557,-2.331256567016852,0.6514981826440593
10,1500,0.158,-0.7724933549729212,1.4722906779450817,-2.2447840329180027,0.6997973229721606
10,1500,0.159,-0.7054689490495285,1.4533451171445906,-2.158814066194119,0.7478761680950621
10,1500,0.16,-0.6388053461656611,1.4345405149636556,-2.073345861129317,0.7957351687979946
10,1500,0.161,-0.5725019180707704,1.4158767006332937,-1.9883786187040642,0.8433747825625233
10,1500,0.162,-0.5065580365143063,1.397353510339431,-1.9039115468537373,0.8907954738251247
10,1500,0.163,-0.44097307324571133,1.3789707874927752,-1.8199438607384866,0.9379977142470639
10,1500,0.164,-0.37574640001442994,1.3607283830105,-1.7364747830249299,0.98498198299607
10,1500,0.165,-0.310877388569919,1.3426261556103127,-1.6535035441802317,1.0317487670403938
10,1500,0.166,-0.24636541066161222,1.3246639721174633,-1.5710293827790756,1.0782985614558511
10,1500,0.167,-0.18220983803896473,1.306841707785329,-1.4890515458242937,1.1246318697463642
10,1500,0.168,-0.11841004245142095,1.2891592466301633,-1.4075692890815843,1.1707492041787424
10,1500,0.169,-0.054965395648430615,1.2716164817807099,-1.3265818774291405,1.2166510861322792
10,1500,0.17,0.008124730620563625,1.254213315843336,-1.2460885852227723,1.2623380464638996
10,1500,0.171,0.07086096460611024,1.2369496612834239,-1.1660886966773136,1.3078106258895341
10,1500,0.17200000000000001,0.1332439345587666,1.219825440823748,-1.0865815062649815,1.3530693753825147
10,1500,0.173,0.19527426872908116,1.2028405878606356,-1.0075663191315545,1.3981148565897168
10,1500,0.174,0.2569525953676113,1.1859950468986813,-0.92904245153107,1.4429476422662926
10,1500,0.175,0.318279542724909,1.1692887740049098,-0.8510092312800008,1.4875683167298188
10,1500,0.176,0.37925573905152987,1.1527217372831877,-0.7734659982316578,1.5319774763347176
10,1500,0.177,0.4398818125980224,1.1362939173698463,-0.6964121047718239,1.5761757299678687
10,1500,0.178,0.5001583916149439,1.120005307951397,-0.6198469163364531,1.6201636995663409
10,1500,0.179,0.5600861043528411,1.1038559163053356,-0.5437698119524945,1.6639420206581768
10,1500,0.18,0.6196655790622767,1.0878457638649905,-0.46818018480271384,1.7075113429272673
10,1500,0.181,0.6788974439937938,1.0719748868094643,-0.3930774428156705,1.750872330803258
10,1500,0.182,0.7377823273979551,1.0562433366796768,-0.3184610092817217,1.794025664077632
10,1500,0.183,0.796320857525302,1.0406511810215968,-0.2443303234962948,1.8369720385468988
10,1500,0.184,0.8545136626264025,1.0251985040577285,-0.170684841431326,1.879712166684131
10,1500,0.185,0.9123613709517961,1.00988540738796,-0.09752403643616381,1.922246778339756
10,1500,0.186,0.9698646107520439,0.9947120107208727,-0.024847399968828787,1.9645766214729166
10,1500,0.187,1.027024010277696,0.9796784526366358,0.04734555764106019,2.0067024629143315
10,1500,0.188,1.0838401977793044,0.9647848913825756,0.11905530639672879,2.04862508916188
10,1500,0.189,1.1403138015074266,0.9500315057025374,0.1902822958048892,2.090345307209964
10,1500,0.19,1.196445449712611,0.9354184957011006,0.2610269540115103,2.1318639454137114
10,1500,0.191,1.252235770645413,0.9209460837437017,0.33128968690171134,2.1731818543891146
10,1500,0.192,1.307685392556385,0.9066145153936475,0.4010708771627375,2.2142999079500325
10,1500,0.193,1.362794943696084,0.892424060386966,0.470370883309118,2.2552190040830498
10,1500,0.194,1.4175650523150587,0.8783750136459348,0.5391900386691239,2.2959400659609934
10,1500,0.195,1.471996346663861,0.8644676963320389,0.6075286503318221,2.3364640429959
10,1500,0.196,1.5260894549930502,0.8507024569389738,0.6753869980540763,2.376791911932024
10,1500,0.197,1.579845005553171,0.8370796724261667,0.7427653331270043,2.4169246779793374
10,1500,0.198,1.6332636265947826,0.8235997493930672,0.8096638772017154,2.45686337598785
10,1500,0.199,1.686345946368439,0.8102631252942798,0.8760828210741591,2.4966090716627187
10,1500,0.2,1.7390925931246901,0.7970702696952884,0.9420223234294017,2.5361628628199786
10,1500,0.201,1.7915041951140847,0.7840216855682521,1.0074825095458326,2.5755258806823367
10,1500,0.202,1.8435813805871888,0.7711179106269381,1.0724634699602507,2.614699291214127
10,1500,0.203,1.8953247777945457,0.7583595186994615,1.136965259095084,2.6536842964940073
10,1500,0.20400000000000001,1.946735014986709,0.745747121136958,1.2009878938497511,2.692482136123667
10,1500,0.20500000000000002,1.9978127204142329,0.7332813682557708,1.264531352158462,2.7310940886700035
10,1500,0.20600000000000002,2.0485585223276725,0.720962950810026,1.3275955715176466,2.7695214731376985
10,1500,0.20700000000000002,2.09897304897758,0.7087926014907451,1.3901804474868351,2.8077656504683253
10,1500,0.20800000000000002,2.149056928614506,0.6967710964467146,1.4522858321677914,2.8458280250612207
10,1500,0.20900000000000002,2.1988107894890074,0.6848992568213924,1.5139115326676151,2.8837100463103997
10,1500,0.21000000000000002,2.2482352598516364,0.6731779502989501,1.5750573095526863,2.9214132101505865
10,1500,0.21100000000000002,2.2973309679529432,0.6616080926513187,1.6357228753016244,2.958939060604262
10,1500,0.21200000000000002,2.3460985420434834,0.6501906492766321,1.6959078927668514,2.9962891913201153
10,1500,0.21300000000000002,2.3945386103738073,0.6389266367178961,1.7556119736559113,3.033465247091703
10,1500,0.21400000000000002,2.4426518011944776,0.62781712414888,1.8148346770455976,3.0704689253433575
10,1500,0.21500000000000002,2.4904387427560337,0.6168632348122695,1.8735755079437642,3.1073019775683033
10,1500,0.21600000000000003,2.5379000633090403,0.6060661473928859,1.9318339159161544,3.143966210701926
10,1500,0.21700000000000003,2.5850363911040404,0.5954270973063811,1.9896092937976593,3.1804634884104215
10,1500,0.21800000000000003,2.6318483543915967,0.5849473778811245,2.0469009765104724,3.216795732272721
10,1500,0.21900000000000003,2.678336581422256,0.574628341408143,2.1037082400141127,3.252964922830399
10,1500,0.22,2.72450170044657,0.5644714000308023,2.1600303004157677,3.2889731004773726
10,1500,0.221,2.7703443397150993,0.5544780264425806,2.2158663132725187,3.32482236615768
10,1500,0.222,2.815865127478391,0.5446497543576801,2.271215373120711,3.360514881836071
10,1500,0.223,2.8610646919870018,0.5349881787154223,2.3260765132715795,3.396052870702424
10,1500,0.224,2.9059436614914835,0.5254949555754258,2.3804487059160575,3.4314386170669096
10,1500,0.225,2.9505026642423875,0.516171801656445,2.4343308625859423,3.4666744658988327
10,1500,0.226,2.99474232849027,0.5070204934676067,2.4877218350226635,3.5017628219578767
10,1500,0.227,3.0386632824856807,0.49804286597660175,2.540620416509079,3.5367061484622826
10,1500,0.228,3.082266154479174,0.48924081075536563,2.5930253437238084,3.5715069652345397
10,1500,0.229,3.125551572721304,0.48061627353993386,2.64493529918137,3.6061678462612377
10,1500,0.23,3.168520165462624,0.4721712511377422,2.696348914324882,3.640691416600366
10,1500,0.231,3.21117256095369,0.4639077876127318,2.7472647733409583,3.675080348566422
10,1500,0.232,3.2535093874450443,0.45582796967650896,2.797681417768535,3.7093373571215533
10,1500,0.233,3.295531273187252,0.44793392121266395,2.847597351974588,3.7434651943999158
10,1500,0.234,3.3372388464308598,0.4402277968615101,2.8970110495693495,3.77746664329237
10,1500,0.23500000000000001,3.3786327354264243,0.432711774594166,2.9459209608322583,3.8113445100205903
10,1500,0.23600000000000002,3.419713568424494,0.42538804720849965,2.9943255212159943,3.8451016156329936
10,1500,0.23700000000000002,3.4604819736756287,0.41825881268518716,3.0422231609904413,3.878740786360816
10,1500,0.23800000000000002,3.5009385794303745,0.4113262633504645,3.08961231607991,3.912264842780839
10,1500,0.23900000000000002,3.5410840139392885,0.4045925738032708,3.1364914401360178,3.9456765877425592
10,1500,0.24000000000000002,3.580918905452923,0.39805988757880284,3.18285901787412,3.9789787930317257
10,1500,0.24100000000000002,3.6204438822218306,0.39173030253814217,3.2287135796836886,4.012174184759973
10,1500,0.24200000000000002,3.659659572496566,0.38560585499485145,3.274053717501715,4.045265427491418
10,1500,0.24300000000000002,3.698566604527681,0.3796885026142,3.318878101913481,4.078255107141881
10,1500,0.24400000000000002,3.7371656065657284,0.3739801061489872,3.363185500416741,4.111145712714715
10,1500,0.245,3.7754572068612635,0.3684824101074259,3.4069747967538375,4.143939616968689
10,1500,0.246,3.8134420336648347,0.3631970224828604,3.4502450111819742,4.176639056147695
10,1500,0.247,3.8511207152270046,0.3581253937114413,3.492995321515563,4.209246108938446
10,1500,0.248,3.888493879798313,0.35326879506145853,3.5352250847368545,4.241762674859771
10,1500,0.249,3.9255621556293256,0.3486282966955754,3.5769338589337503,4.274190452324901
10,1500,0.25,3.962326170970586,0.34420474568344844,3.618121425287138,4.306530916654035
10,1500,0.251,3.9987865540726535,0.33999874427549015,3.6587878097971633,4.338785298348144
10,1500,0.252,4.034943933186075,0.33601062877724797,3.6989333044088273,4.370954561963323
10,1500,0.253,4.070798936561414,0.33224044938619196,3.738558487175222,4.403039385947606
10,1500,0.254,4.106352192449215,0.3286879513669938,3.7776642410822214,4.435040143816209
10,1500,0.255,4.141604329100031,0.3253525579460269,3.816251771154004,4.466956887046058
10,1500,0.256,4.17655597476442,0.3222333552995865,3.8543226194648335,4.498789330064007
10,1500,0.257,4.2112077576929305,0.3193290799922715,3.891878677700659,4.530536837685202
10,1500,0.258,4.245560306136119,0.3166381091917288,3.9289221969443906,4.562198415327848
10,1500,0.259,4.279614248344537,0.31415845394366176,3.9654557944008757,4.5937727022882
10,1500,0.26,4.313370212568739,0.31188775573747907,4.00148245683126,4.625257968306219
10,1500,0.261,4.346828827059278,0.30982328652960095,4.037005540529678,4.656652113588879
10,1500,0.262,4.379990720066703,0.30796195232029416,4.072028767746409,4.687952672386998
10,1500,0.263,4.412856519841574,0.3063003003034529,4.106556219538121,4.7191568201450265
10,1500,0.264,4.445426854634437,0.3048345295299104,4.140592325104527,4.7502613841643475
10,1500,0.265,4.477702352695854,0.3035605049466983,4.174141847749155,4.781262857642552
10,1500,0.266,4.509683642276366,0.3024737746002985,4.207209867676068,4.812157416876665
10,1500,0.267,4.541371351626539,0.30156958972427156,4.239801761902267,4.842940941350811
10,1500,0.268,4.572766108996916,0.30084292737325746,4.2719231816236585,4.873609036370174
10,1500,0.269,4.603868542638056,0.3002885152182979,4.303580027419757,4.904157057856354
10,1500,0.27,4.634679280800508,0.29990085808416844,4.33477842271634,4.934580138884677
10,1500,0.271,4.665198951734831,0.2996742657886807,4.36552468594615,4.964873217523511
10,1500,0.272,4.695428183691573,0.299602881836822,4.39582530185475,4.995031065528395
10,1500,0.273,4.725367604921288,0.2996807125285446,4.425686892392743,5.025048317449833
10,1500,0.274,4.75501784367453,0.29990165605687846,4.4551161876176515,5.054919499731408
10,1500,0.275,4.784379528201851,0.3002595312012168,4.484119997000634,5.0846390594030675
10,1500,0.276,4.813453286753806,0.30074810525722295,4.512705181496583,5.1142013920110285
10,1500,0.277,4.842239747580948,0.3013611208877214,4.540878626693227,5.14360086846867
10,1500,0.278,4.870739538933828,0.3020923216260489,4.568647217307779,5.172831860559876
10,1500,0.279,4.898953289063001,0.3029354758125953,4.5960178132504055,5.201888764875596
10,1500,0.28,4.9268816262190205,0.3038843987947584,4.622997227424262,5.230766025013779
10,1500,0.281,4.954525178652438,0.3049329732686559,4.649592205383782,5.259458151921094
10,1500,0.28200000000000003,4.981884574613803,0.3060751676862944,4.675809406927509,5.287959742300097
10,1500,0.28300000000000003,5.00896044235368,0.3073050526934908,4.701655389660189,5.316265495047171
10,1500,0.28400000000000003,5.03575341012261,0.30861681560089,4.7271365945217205,5.3443702257235
10,1500,0.28500000000000003,5.0622641061711535,0.310004772922529,4.752259333248625,5.372268879093682
10,1500,0.28600000000000003,5.08849315874986,0.31146338104334303,4.777029777706517,5.3999565397932034
10,1500,0.28700000000000003,5.1144411961092855,0.31298724509883824,4.801453951010448,5.427428441208123
10,1500,0.28800000000000003,5.14010884649998,0.3145711261670812,4.825537720332899,5.454679972667061
10,1500,0.28900000000000003,5.165496738172497,0.3162099468855167,4.849286791286981,5.481706685058014
10,1500,0.29000000000000004,5.190605499377394,0.3178987956133491,4.872706703764045,5.508504294990743
10,1500,0.29100000000000004,5.215435758365219,0.3196329292648196,4.8958028291004,5.535068687630038
10,1500,0.29200000000000004,5.239988143386528,0.3214077749401693,4.918580368446358,5.561395918326697
10,1500,0.29300000000000004,5.2642632826918705,0.3232189304799346,4.941044352211936,5.587482213171805
10,1500,0.29400000000000004,5.288261804531805,0.32506216406495186,4.963199640466853,5.613323968596757
10,1500,0.29500000000000004,5.3119843371568845,0.32693341297952216,4.985050924177362,5.6389177501364065
10,1500,0.29600000000000004,5.335431508817653,0.32882878164901713,5.0066027271686355,5.66426029046667
10,1500,0.29700000000000004,5.358603947764674,0.33074453905615714,5.027859408708517,5.6893484868208315
10,1500,0.29800000000000004,5.381502282248496,0.3326771156325824,5.048825166615914,5.714179397881078
10,1500,0.29900000000000004,5.404127140519675,0.3346230997144357,5.069504040805239,5.73875024023411
10,1500,0.30000000000000004,5.426479150828756,0.33657923364269454,5.089899917186061,5.763058384471451
10,1500,0.30100000000000005,5.448558941426304,0.3385424095811111,5.1100165318451936,5.787101351007415
10,1500,0.30200000000000005,5.470367140562864,0.34050966511697645,5.129857475445887,5.8108768056798406
10,1500,0.30300000000000005,5.491904376488991,0.342478178702625,5.149426197786366,5.834382555191616
10,1500,0.30400000000000005,5.513171277455242,0.3444452649886994,5.168726012466542,5.8576165424439415
10,1500,0.30500000000000005,5.534168471712164,0.3464083700937667,5.187760101618397,5.88057684180593
10,1500,0.30600000000000005,5.554896587510312,0.34836506684893154,5.206531520661381,5.903261654359243
10,1500,0.30700000000000005,5.575356253100239,0.3503130500506429,5.225043203049596,5.925669303150881
10,1500,0.30800000000000005,5.595548096732502,0.35225013174993947,5.243297964982562,5.9477982284824416
10,1500,0.309,5.615472746657648,0.3541742366019055,5.261298510055743,5.969646983259554
10,1500,0.31,5.635130831126234,0.35608339729510935,5.279047433831124,5.991214228421343
10,1500,0.311,5.6545229783888145,0.3579757500772208,5.296547228311594,6.012498728466035
10,1500,0.312,5.6736498166959395,0.3598495303898513,5.313800286306088,6.033499347085791
10,1500,0.313,5.692511974298164,0.3617030686228845,5.330808905675279,6.054215042921048
10,1500,0.314,5.711110079446038,0.3635347859961328,5.347575293449905,6.0746448654421705
10,1500,0.315,5.729444760390118,0.36534319057405085,5.364101569816067,6.094787950964169
10,1500,0.316,5.7475166453809585,0.3671268734174157,5.380389771963543,6.114643518798374
10,1500,0.317,5.765326362669105,0.3688845048743215,5.396441857794784,6.134210867543427
10,1500,0.318,5.782874540505119,0.37061483101151105,5.4122597094936085,6.15348937151663
10,1500,0.319,5.800161807139551,0.37231667018594006,5.427845136953611,6.172478477325491
10,1500,0.32,5.817188790822953,0.37398890975553895,5.443199881067414,6.191177700578492
10,1500,0.321,5.833956119805878,0.37563050292735284,5.458325616878525,6.209586622733231
10,1500,0.322,5.850464422338879,0.37724046574060954,5.47322395659827,6.227704888079488
10,1500,0.323,5.866714326672512,0.378817874181746,5.487896452490766,6.245532200854258
10,1500,0.324,5.8827064610573245,0.3803618614280303,5.502344599629295,6.2630683224853545
10,1500,0.325,5.898441453743876,0.38187161521608953,5.516569838527786,6.280313068959966
10,1500,0.326,5.913919932982716,0.3833463753314307,5.5305735576512856,6.297266308314146
10,1500,0.327,5.9291425270244,0.3847854312148704,5.544357095809529,6.313927958239271
10,1500,0.328,5.944109864119477,0.38618811968168787,5.55792174443779,6.330297983801165
10,1500,0.329,5.958822572518504,0.3875538227492521,5.571268749769252,6.3463763952677565
10,1500,0.33,5.973281280472032,0.38888196556885707,5.584399314903175,6.36216324604089
10,1500,0.331,5.9874866162306155,0.3901720144575202,5.597314601773095,6.377658630688136
10,1500,0.332,6.0014392080448085,0.3914234750255409,5.610015733019267,6.39286268307035
10,1500,0.333,6.015139684165159,0.3926358903956819,5.622503793769477,6.407775574560841
10,1500,0.334,6.028588672842227,0.3938088395099283,5.634779833332299,6.4223975123521555
10,1500,0.335,6.041786802326561,0.3949419355198762,5.646844866806685,6.436728737846437
10,1500,0.336,6.054734700868716,0.3960348242569157,5.6586998766118,6.450769525125631
10,1500,0.337,6.067432996719243,0.3970871827784961,5.670345813940747,6.46452017949774
10,1500,0.338,6.079882318128698,0.3980987179868862,5.681783600141812,6.477981036115584
10,1500,0.339,6.092083293347633,0.3990691653169739,5.693014128030659,6.491152458664607
10,1500,0.33999999999999997,6.1040365506266,0.3999982874897845,5.704038263136816,6.504034838116384
10,1500,0.34099999999999997,6.115742718216154,0.40088587332853,5.714856844887624,6.516628591544684
10,1500,0.34199999999999997,6.127202424366847,0.40173173663413514,5.725470687732712,6.528934161000982
10,1500,0.34299999999999997,6.138416297329233,0.4025357151173222,5.7358805822119105,6.540952012446555
10,1500,0.344,6.149384965353866,0.40329766938446415,5.746087295969401,6.55268263473833
10,1500,0.345,6.160109056691293,0.40401748197454573,5.756091574716747,6.564126538665839
10,1500,0.346,6.170589199592076,0.4046950564446973,5.765894143147379,6.575284256036773
10,1500,0.347,6.180826022306762,0.405330316501887,5.775495705804875,6.5861563388086495
10,1500,0.348,6.190820153085906,0.40592320517847813,5.784896947907428,6.596743358264384
10,1500,0.349,6.200572220180062,0.4064736840494674,5.794098536130594,6.60704590422953
10,1500,0.35,6.210082851839781,0.4069817324893309,5.80310111935045,6.617064584329111
10,1500,0.351,6.219352676315619,0.4074473469665189,5.8119053293491,6.626800023282138
10,1500,0.352,6.228382321858126,0.40787054037372494,5.8205117814844005,6.636252862231851
10,1500,0.353,6.237172416717858,0.4082513413921688,5.828921075325689,6.645423758110026
10,1500,0.354,6.245723589145366,0.4085897938882161,5.8371337952571505,6.654313383033582
10,1500,0.355,6.254036467391204,0.40888595634074765,5.8451505110504565,6.662922423731952
10,1500,0.356,6.262111679705924,0.40913990129778044,5.852971778408144,6.6712515810037045
10,1500,0.357,6.269949854340081,0.4093517148609167,5.860598139479164,6.679301569200998
10,1500,0.358,6.277551619544229,0.4095214961962803,5.868030123347949,6.687073115740509
10,1500,0.359,6.284917603568916,0.40964935707066974,5.875268246498246,6.694566960639586
10,1500,0.36,6.292048434664701,0.4097354214117283,5.882313013252973,6.701783856076429
10,1500,0.361,6.298944741082133,0.4097798248909955,5.889164916191137,6.708724565973129
10,1500,0.362,6.305607151071768,0.4097827145287732,5.895824436542995,6.715389865600541
10,1500,0.363,6.312036292884157,0.4097442483197901,5.9022920445643665,6.721780541203947
10,1500,0.364,6.3182327947698536,0.4096645948787182,5.9085681998911355,6.727897389648572
10,1500,0.365,6.324197284979412,0.40954393310463294,5.9146533518747795,6.733741218084045
10,1500,0.366,6.3299303917633845,0.4093824518635754,5.920547939899809,6.73931284362696
10,1500,0.367,6.335432743372325,0.4091803496884144,5.926252393683911,6.74461309306074
10,1500,0.368,6.3407049680567855,0.4089378344952529,5.931767133561532,6.749642802552039
10,1500,0.369,6.34574769406732,0.40865512331567355,5.937092570751647,6.754402817382994
10,1500,0.37,6.350561549654481,0.4083324420441515,5.94222910761033,6.758893991698632
10,1500,0.371,6.355147163068822,0.407970025200009,5.947177137868813,6.763117188268831
10,1500,0.372,6.359505162560895,0.4075681157033191,5.951937046857576,6.767073278264214
10,1500,0.373,6.363636176381255,0.40712696466420584,5.956509211717049,6.770763141045461
10,1500,0.374,6.367540832780454,0.40664683118501704,5.960894001595437,6.7741876639654715
10,1500,0.375,6.371219760009046,0.4061279821748845,5.965091777834162,6.77734774218393
10,1500,0.376,6.374673586317582,0.40557069217621106,5.96910289414137,6.780244278493793
10,1500,0.377,6.377902939956619,0.40497524320265693,5.972927696753962,6.7828781831592755
10,1500,0.378,6.380908449176706,0.40434192458822416,5.976566524588482,6.785250373764931
10,1500,0.379,6.3836907422283975,0.40367103284706596,5.980019709381332,6.787361775075463
10,1500,0.38,6.386250447362247,0.40296287154367016,5.9832875758185775,6.789213318905917
10,1500,0.381,6.388588192828809,0.40221775117309305,5.986370441655716,6.790805944001902
10,1500,0.382,6.390704606878634,0.4014359890509412,5.989268617827693,6.792140595929575
10,1500,0.383,6.392600317762277,0.40061790921282114,5.991982408549456,6.793218226975098
10,1500,0.384,6.394275953730291,0.3997638423229995,5.994512111407291,6.794039796053291
10,1500,0.385,6.395732143033228,0.398874125592031,5.9968580174411965,6.794606268625259
10,1500,0.386,6.396969513921642,0.3979491027031393,5.999020411218503,6.794918616624781
10,1500,0.387,6.397988694646085,0.39698912374714496,6.000999570898941,6.79497781839323
10,1500,0.388,6.398790313457112,0.39599454516576094,6.002795768291351,6.794784858622872
10,1500,0.389,6.399374998605274,0.39496572970308524,6.004409268902188,6.7943407283083594
10,1500,0.39,6.399743378341126,0.39390304636514273,6.005840331975984,6.793646424706269
10,1500,0.391,6.399896080915219,0.39280687038733914,6.00708921052788,6.792702951302559
10,1500,0.392,6.3998337345781104,0.3916775832097103,6.0081561513684,6.791511317787821
10,1500,0.393,6.399556967580349,0.39051557245985746,6.009041395120491,6.790072540040207
10,1500,0.394,6.399066408172489,0.38932123194347884,6.009745176229011,6.7883876401159675
10,1500,0.395,6.398362684605084,0.38809496164242013,6.010267722962664,6.786457646247505
10,1500,0.396,6.397446425128686,0.38683716772017573,6.010609257408511,6.784283592848862
10,1500,0.397,6.39631825799385,0.3855482625347902,6.01076999545906,6.781866520528641
10,1500,0.398,6.394978811451129,0.38422866465911537,6.010750146792013,6.779207476110244
10,1500,0.399,6.393428713751074,0.38287879890839693,6.010549914842677,6.776307512659471
10,1500,0.4,6.39166859314424,0.38149909637516843,6.0101694967690715,6.773167689519408
10,1500,0.401,6.38969907788118,0.38008999447144487,6.009609083409735,6.769789072352625
10,1500,0.402,6.387520796212447,0.37865193697821753,6.00886885923423,6.766172733190665
10,1500,0.403,6.385134376388593,0.3771853741022614,6.007949002286332,6.762319750490854
10,1500,0.404,6.3825404466601725,0.375690762540274,6.006849684119898,6.758231209200447
10,1500,0.405,6.379739635277737,0.37416856555037536,6.005571069727361,6.753908200828112
10,1500,0.406,6.376732570491842,0.3726192530310045,6.004113317460837,6.749351823522846
10,1500,0.40700000000000003,6.373519880553039,0.37104330160725807,6.002476578945782,6.744563182160297
10,1500,0.40800000000000003,6.370102193711881,0.36944119472472076,6.00066099898716,6.739543388436602
10,1500,0.40900000000000003,6.366480138218923,0.3678134227508475,5.998666715468075,6.73429356096977
10,1500,0.41000000000000003,6.362654342324716,0.36616048308395643,5.9964938592407595,6.728814825408673
10,1500,0.41100000000000003,6.358625434279813,0.3644828802699052,5.994142554009907,6.723108314549719
10,1500,0.41200000000000003,6.354394042334769,0.36278112612652197,5.991612916208247,6.71717516846129
10,1500,0.41300000000000003,6.349960794740134,0.36105573987586354,5.988905054864271,6.711016534615998
10,1500,0.41400000000000003,6.345326319746467,0.35930724828438576,5.986019071462081,6.704633568030852
10,1500,0.41500000000000004,6.340491245604315,0.3575361858110998,5.982955059793215,6.698027431415414
10,1500,0.41600000000000004,6.335456200564233,0.3557430947637987,5.9797131058004345,6.691199295328032
10,1500,0.41700000000000004,6.3302218128767755,0.35392852546343273,5.976293287413343,6.684150338340208
10,1500,0.41800000000000004,6.324788710792495,0.3520930364167112,5.9726956743757835,6.676881747209206
10,1500,0.41900000000000004,6.319157522561944,0.3502371944970049,5.9689203280649386,6.669394717058949
10,1500,0.42000000000000004,6.313328876435675,0.34836157513361915,5.964967301302056,6.661690451569295
10,1500,0.42100000000000004,6.307303400664243,0.3464667625094986,5.960836638154745,6.653770163173742
10,1500,0.42200000000000004,6.3010817234982,0.34455334976741764,5.956528373730782,6.645635073265618
10,1500,0.42300000000000004,6.294664473188099,0.34262193922469975,5.952042533963399,6.6372864124127995
10,1500,0.42400000000000004,6.2880522779844945,0.34067314259649356,5.947379135388001,6.628725420580988
10,1500,0.42500000000000004,6.281245766137938,0.33870758122762057,5.942538184910317,6.619953347365559
10,1500,0.42600000000000005,6.274245565898983,0.3367258863329878,5.9375196795659955,6.610971452231971
10,1500,0.42700000000000005,6.267052305518184,0.33472869924653825,5.932323606271646,6.601781004764722
10,1500,0.42800000000000005,6.259666613246092,0.3327166716786892,5.926949941567403,6.592383284924781
10,1500,0.42900000000000005,6.252089117333261,0.330690465982172,5.9213986513510894,6.582779583315433
10,1500,0.43000000000000005,6.244320446030244,0.3286507554261626,5.915669690604082,6.572971201456406
10,1500,0.43100000000000005,6.236361227587595,0.32659822447854947,5.909763003109045,6.562959452066144
10,1500,0.43200000000000005,6.228212090255866,0.3245335690961427,5.903678521159724,6.552745659352008
10,1500,0.43300000000000005,6.219873662285612,0.32245749702258286,5.897416165263029,6.542331159308195
10,1500,0.43400000000000005,6.211346571927383,0.32037072809365214,5.89097584383373,6.531717300021035
10,1500,0.43500000000000005,6.202631447431735,0.3182739945496316,5.884357452882103,6.520905441981366
10,1500,0.43600000000000005,6.193728917049219,0.31616804135428195,5.877560875694937,6.509896958403501
10,1500,0.43700000000000006,6.1846396090303895,0.3140536265199484,5.870585982510441,6.498693235550338
10,1500,0.43800000000000006,6.175364151625799,0.31193152143821257,5.863432630187587,6.487295673064011
10,1500,0.43900000000000006,6.165903173086001,0.3098025112154189,5.856100661870582,6.47570568430142
10,1500,0.44000000000000006,6.156257301661549,0.30766739501230783,5.8485899066492415,6.463924696673857
10,1500,0.44100000000000006,6.1464271656029945,0.30552698638687464,5.84090017921612,6.451954151989869
10,1500,0.44200000000000006,6.136413393160892,0.3033821136394558,5.833031279521436,6.4397955068003485
10,1500,0.44300000000000006,6.126216612585796,0.30123362015891214,5.824982992426883,6.427450232744708
10,1500,0.44400000000000006,6.115837452128256,0.29908236476863664,5.816755087359619,6.414919816896893
10,1500,0.44500000000000006,6.105276540038828,0.2969292220709581,5.808347317967869,6.402205762109786
10,1500,0.44600000000000006,6.094534504568063,0.29477508278834663,5.799759421779717,6.38930958735641
10,1500,0.44700000000000006,6.083611973966517,0.2926208540996431,5.790991119866874,6.3762328280661595
10,1500,0.44800000000000006,6.072509576484741,0.2904674599693424,5.782042116515399,6.362977036454083
10,1500,0.44900000000000007,6.061227940373288,0.2883158414677478,5.7729120989055405,6.349543781841036
10,1500,0.45000000000000007,6.049767693882711,0.2861669570795931,5.763600736803118,6.3359346509623045
10,1500,0.45100000000000007,6.038129465263566,0.2840217829984884,5.754107682265078,6.322151248262054
10,1500,0.45199999999999996,6.026313882766404,0.28188131340429307,5.744432569362111,6.308195196170697
10,1500,0.45299999999999996,6.014321574641777,0.27974656072024917,5.7345750139215275,6.294068135362026
10,1500,0.45399999999999996,6.002153169140239,0.2776185558464344,5.724534613293805,6.279771724986674
10,1500,0.45499999999999996,5.989809294512344,0.2754983483657861,5.714310946146558,6.265307642878129
10,1500,0.45599999999999996,5.977290579008643,0.27338700671865224,5.703903572289991,6.250677585727295
10,1500,0.45699999999999996,5.964597650879692,0.271285618341501,5.6933120325381905,6.235883269221193
10,1500,0.45799999999999996,5.951731138376043,0.26919528976509544,5.682535848610947,6.220926428141138
10,1500,0.45899999999999996,5.9386916697482475,0.2671171466671062,5.671574523081142,6.205808816415353
10,1500,0.45999999999999996,5.92547987324686,0.2650523338737985,5.660427539373061,6.1905322071206585
10,1500,0.46099999999999997,5.912096377122434,0.2630020153050941,5.6490943618173395,6.175098392427528
10,1500,0.46199999999999997,5.898541809625523,0.26096737385697405,5.637574435768549,6.159509183482497
10,1500,0.46299999999999997,5.884816799006678,0.2589496112148694,5.625867187791809,6.143766410221548
10,1500,0.46399999999999997,5.870921973516454,0.2569499475913761,5.613972025925078,6.127871921107831
10,1500,0.46499999999999997,5.856857961405404,0.25496962138134627,5.6018883400240576,6.11182758278675
10,1500,0.46599999999999997,5.842625390924081,0.2530098887271527,5.589615502196928,6.095635279651233
10,1500,0.46699999999999997,5.828224890323037,0.2510720229867047,5.577152867336332,6.079296913309742
10,1500,0.46799999999999997,5.8136570878528255,0.24915731409662314,5.564499773756203,6.062814401949448
10,1500,0.469,5.7989226117640005,0.2472670678228688,5.5516555439411315,6.0461896795868695
10,1500,0.47,5.784022090307116,0.2454026048910771,5.538619485416039,6.029424695198193
10,1500,0.471,5.768956151732723,0.24356525998888406,5.525390891743839,6.012521411721607
10,1500,0.472,5.753725424291375,0.241756380632664,5.511969043658711,5.995481804924038
10,1500,0.473,5.738330536233625,0.23997732589133033,5.4983532103422945,5.9783078621249555
10,1500,0.474,5.722772115810028,0.2382294649602107,5.484542650849818,5.961001580770239
10,1500,0.475,5.7070507912711355,0.236514175578493,5.470536615692643,5.943564966849628
10,1500,0.476,5.691167190867501,0.234832842284375,5.456334348583126,5.926000033151875
10,1500,0.477,5.675121942849677,0.2331868545028397,5.441935088346837,5.908308797352517
10,1500,0.478,5.658915675468218,0.23157760446193976,5.427338071006278,5.8904932799301575
10,1500,0.479,5.642549016973676,0.23000648493460998,5.412542532039065,5.872555501908286
10,1500,0.48,5.626022595616604,0.22847488680434921,5.3975477088122545,5.854497482420953
10,1500,0.481,5.6093370396475555,0.22698419645461967,5.382352843192936,5.836321236102175
10,1500,0.482,5.592492977317085,0.2255357929835102,5.366957184333575,5.818028770300595
10,1500,0.483,5.575491036875744,0.2241310452470879,5.351359991628656,5.7996220821228315
10,1500,0.484,5.5583318465740845,0.2227713087369181,5.335560537837166,5.781103155311003
10,1500,0.485,5.541016034662662,0.22145792229944775,5.3195581123632145,5.7624739569621095
10,1500,0.486,5.523544229392029,0.22019220470730078,5.303352024684728,5.74373643409933
10,1500,0.487,5.505917059012738,0.21897545109500263,5.286941607917735,5.724892510107741
10,1500,0.488,5.488135151775342,0.21780892927419981,5.270326222501143,5.705944081049542
10,1500,0.489,5.470199135930395,0.21669387594602832,5.253505259984367,5.686893011876423
10,1500,0.49,5.452109639728451,0.21563149283087074,5.23647814689758,5.667741132559321
10,1500,0.491,5.43386729142006,0.21462294273826935,5.219244348681791,5.648490234158329
10,1500,0.492,5.415472719255777,0.21366934560217993,5.201803373653597,5.629142064857957
10,1500,0.493,5.396926551486156,0.21277177450899581,5.18415477697716,5.609698325995152
10,1500,0.494,5.378229416361749,0.21193125174778402,5.1662981646139645,5.590160668109533
10,1500,0.495,5.359381942133109,0.21114874491389002,5.148233197219219,5.5705306870469995
10,1500,0.496,5.340384757050789,0.21042516309842757,5.1299595939523615,5.550809920149217
10,1500,0.497,5.321238489365343,0.20976135319711328,5.111477136168229,5.530999842562457
10,1500,0.498,5.301943767327325,0.20915809637238472,5.09278567095494,5.51110186369971
10,1500,0.499,5.282501219187285,0.20861610470270878,5.073885114484576,5.491117323889994
10,1500,0.5,5.2629114731957785,0.20813601805241347,5.054775455143365,5.471047491248192
10,1500,0.501,5.243175157603358,0.2077184011942371,5.035456756409121,5.450893558797595
10,1500,0.502,5.223292900660576,0.20736374121508017,5.015929159445496,5.4306566418756566
10,1500,0.503,5.203265330617988,0.20707244523317112,4.996192885384817,5.4103377758511595
10,1500,0.504,5.183093075726145,0.20684483845204446,4.976248237274101,5.389937914178189
10,1500,0.505,5.162776764235599,0.20668116257341554,4.9560956016621835,5.369457926809015
10,1500,0.506,5.142317024396906,0.20658157458727425,4.9357354498096315,5.348898598984181
10,1500,0.507,5.121714484460619,0.206546145953383,4.915168338507236,5.328260630414002
10,1500,0.508,5.1009697726772885,0.20657486218392507,4.8943949104933635,5.307544634861213
10,1500,0.509,5.080083517297469,0.20666762283240786,4.873415894465061,5.286751140129877
10,1500,0.51,5.0590563465717135,0.2068242418891691,4.852232104682544,5.265880588460883
10,1500,0.511,5.037888888750576,0.20704444857907175,4.8308444401715045,5.244933337329647
10,1500,0.512,5.016581772084608,0.20732788855230036,4.809253883532308,5.223909660636909
10,1500,0.513,4.995135624824365,0.20767412545469083,4.787461499369674,5.202809750279056
10,1500,0.514,4.9735510752203975,0.20808264285982433,4.765468432360573,5.181633718080222
10,1500,0.515,4.95182875152326,0.2085528465412808,4.74327590498198,5.160381598064541
10,1500,0.516,4.929969281983506,0.2090840670600497,4.720885214923456,5.1390533490435555
10,1500,0.517,4.907973294851687,0.20967556263918571,4.6982977322125015,5.117648857490873
10,1500,0.518,4.885841418378358,0.21032652229542917,4.6755148960829285,5.096167940673787
10,1500,0.519,4.863574280814072,0.21103606919569884,4.652538211618373,5.074610350009771
10,1500,0.52,4.841172510409381,0.21180326420513032,4.62936924620425,5.052975774614511
10,1500,0.521,4.818636735414837,0.21262710959266343,4.606009625822174,5.0312638450075005
10,1500,0.522,4.795967584080996,0.21350655286006434,4.582461031220932,5.00947413694106
10,1500,0.523,4.7731656846584105,0.21444049066066762,4.558725193997743,4.987606175319078
10,1500,0.524,4.750231665397632,0.21542777277500022,4.534803892622632,4.965659438172633
10,1500,0.525,4.727166154549215,0.21646720611175152,4.510698948437463,4.943633360660966
10,1500,0.526,4.703969780363711,0.21755755870422613,4.486412221659485,4.9215273390679375
10,1500,0.527,4.680643171091676,0.21869756367439638,4.461945607417279,4.8993407347660725
10,1500,0.528,4.65718695498366,0.21988592313889715,4.437301031844763,4.877072878122558
10,1500,0.529,4.633601760290219,0.2211213120337163,4.4124804482565025,4.854723072323935
10,1500,0.53,4.609888215261903,0.22240238183686634,4.387485833425037,4.832290597098769
10,1500,0.531,4.586046948149269,0.22372776417091983,4.362319183978349,4.809774712320189
10,1500,0.532,4.5620785872028655,0.2250960742699032,4.336982512932963,4.787174661472768
10,1500,0.533,4.537983760673249,0.22650591429762085,4.311477846375628,4.7644896749708705
10,1500,0.534,4.513763096810972,0.22795587650698323,4.2858072203039885,4.741718973317955
10,1500,0.535,4.489417223866588,0.22944454623230587,4.259972677634282,4.7188617700988935
10,1500,0.536,4.464946770090648,0.23097050470880323,4.233976265381846,4.695917274799451
10,1500,0.537,4.440352363733707,0.232532331715598,4.207820032018109,4.672884695449305
10,1500,0.538,4.415634633046317,0.23412860804048913,4.181506025005828,4.649763241086807
10,1500,0.539,4.390794206279034,0.23575791776646243,4.155036288512572,4.626552124045497
10,1500,0.54,4.365831711682407,0.2374188503814755,4.128412861300932,4.603250562063883
10,1500,0.541,4.340747777506992,0.23911000271440996,4.101637774792581,4.579857780221402
10,1500,0.542,4.31554303200334,0.24082998070125614,4.074713051302084,4.556373012704596
10,1500,0.543,4.290218103422007,0.242577400986589,4.047640702435419,4.532795504408596
10,1500,0.544,4.2647736200135435,0.24435089236621566,4.020422727647328,4.509124512379759
10,1500,0.545,4.239210210028504,0.2461490970775332,3.9930611129509708,4.485359307106037
10,1500,0.546,4.21352850171744,0.247970671944649,3.9655578297727914,4.461499173662089
10,1500,0.547,4.187729123330907,0.2498142893856898,3.9379148339452175,4.437543412716597
10,1500,0.548,4.161812703119456,0.25167863828997744,3.910134064829479,4.413491341409434
10,1500,0.549,4.135779869333642,0.2535624247728932,3.8822174445607485,4.389342294106535
10,1500,0.55,4.109631250224017,0.2554643728162987,3.8541668774077182,4.3650956230403155
10,1500,0.551,4.083367474041133,0.25738322480234455,3.8259842492387888,4.340750698843478
10,1500,0.552,4.056989169035546,0.25931774194838975,3.7976714270871565,4.316306910983936
10,1500,0.553,4.030496963457807,0.2612667046505878,3.7692302588072195,4.291763668108395
10,1500,0.554,4.003891485558469,0.2632289127434771,3.7406625728149923,4.267120398301946
10,1500,0.555,3.9771733635880877,0.26520318568265705,3.711970177905431,4.242376549270745
10,1500,0.556,3.950343225797213,0.26718836265734436,3.683154863139869,4.217531588454557
10,1500,0.557,3.9234017004363992,0.2691833026392907,3.6542183977971083,4.19258500307569
10,1500,0.558,3.8963494157561995,0.27118688437421895,3.6251625313819806,4.167536300130418
10,1500,0.559,3.8691870000071673,0.2731980063215956,3.595988993685572,4.142385006328763
10,1500,0.56,3.8419150814398564,0.2752155865482159,3.5666994948916404,4.117130667988072
10,1500,0.561,3.814534288304818,0.27723856258073526,3.5372957257240825,4.091772850885553
10,1500,0.562,3.7870452488526065,0.27926589122194045,3.507779357630666,4.066311140074547
10,1500,0.5630000000000001,3.7594485913337756,0.281296548335222,3.4781520429985537,4.0407451396689975
10,1500,0.5640000000000001,3.7317449439988764,0.28332952860138255,3.448415415397494,4.015074472600259
10,1500,0.5650000000000001,3.703934935098464,0.2853638452516056,3.4185710898468584,3.9892987803500692
10,1500,0.5660000000000001,3.67601919288309,0.28739852978010355,3.3886206631029867,3.9634177226631935
10,1500,0.5670000000000001,3.6479983456033094,0.28943263163968014,3.358565713963629,3.9374309772429896
10,1500,0.5680000000000001,3.6198730215096733,0.2914652179231653,3.328407803586508,3.9113382394328386
10,1500,0.5690000000000001,3.591643848852736,0.293495373033424,3.2981484758193123,3.88513922188616
10,1500,0.5700000000000001,3.56331145588305,0.29552219834439525,3.267789257538655,3.8588336542274453
10,1500,0.5710000000000001,3.53487647085117,0.2975448118553905,3.23733165899578,3.8324212827065605
10,1500,0.5720000000000001,3.506339522007647,0.2995623478406628,3.206777174166984,3.80590186984831
10,1500,0.5730000000000001,3.477701237603035,0.3015739564960642,3.1761272811069707,3.7792751940990996
10,1500,0.5740000000000001,3.4489622458878872,0.3035788035844188,3.1453834423034683,3.752541049472306
10,1500,0.5750000000000001,3.420123175112757,0.30557607008107146,3.1145471050316855,3.7256992451938284
10,1500,0.5760000000000001,3.3911846535281973,0.30756495182091004,3.0836197017072875,3.698749605349107
10,1500,0.5770000000000001,3.3621473093847607,0.3095446591480171,3.052602650236744,3.6716919685327776
10,1500,0.5780000000000001,3.333011770933001,0.3115144165689716,3.0214973543640293,3.6445261875019725
10,1500,0.5790000000000001,3.303778666423472,0.3134734624106986,2.990305204012773,3.6172521288341706
10,1500,0.58,3.2744486241067277,0.31542104848365415,2.9590275756230735,3.589869672590382
10,1500,0.581,3.2450222722333164,0.3173564397510314,2.927665832482285,3.5623787119843477
10,1500,0.582,3.2155002390537946,0.3192789140045786,2.896221325049216,3.534779153058373
10,1500,0.583,3.185883152818715,0.32118776154754264,2.8646953912711726,3.5070709143662575
10,1500,0.584,3.1561716417786307,0.32308228488516905,2.8330893568934616,3.4792539266638
10,1500,0.585,3.126366334184095,0.32496179842312667,2.8014045357609683,3.451328132607222
10,1500,0.586,3.096467858285661,0.3268256281741623,2.7696422301114985,3.4232934864598232
10,1500,0.587,3.0664768423338824,0.32867311147323797,2.7378037308606444,3.3951499538071204
10,1500,0.588,3.0363939145793113,0.3305035967013534,2.705890317877958,3.3668975112806647
10,1500,0.589,3.0062197032725013,0.3323164430182137,2.6739032602542876,3.338536146290715
10,1500,0.59,2.9759548366640054,0.33411102010386706,2.6418438165601383,3.3100658567678725
10,1500,0.591,2.9455999430043764,0.3358867079093994,2.609713235094977,3.281486650913776
10,1500,0.592,2.9151556505441683,0.33764289641675027,2.577512754127418,3.2527985469609186
10,1500,0.593,2.884622587533933,0.3393789854076822,2.545243602126251,3.224001572941615
10,1500,0.594,2.854001382224225,0.3410943842419203,2.512906997982305,3.195095766466145
10,1500,0.595,2.823292662865597,0.3427885116444586,2.4805041512211385,3.1660811745100554
10,1500,0.596,2.792497057708602,0.3444607955020118,2.44803626220659,3.136957853210614
10,1500,0.597,2.7616151950037917,0.3461106726685833,2.4155045223352083,3.107725867672375
10,1500,0.598,2.730647703001722,0.3477375887801059,2.382910114221616,3.078385291781828
10,1500,0.599,2.6995952099529443,0.3493409980781081,2.3502542118748364,3.0489362080310523
10,1500,0.6,2.668458344108012,0.3509203632423472,2.317537980865665,3.0193787073503593
10,1500,0.601,2.6372377337174773,0.3524751552323539,2.2847625784851235,2.989712888949831
10,1500,0.602,2.6059340070318955,0.35400485313782243,2.251929153894073,2.959938860169718
10,1500,0.603,2.574547792301818,0.3555089440377882,2.2190388482640295,2.930056736339606
10,1500,0.604,2.543079717777798,0.3569869228685281,2.18609279490927,2.9000666406463265
10,1500,0.605,2.51153041171039,0.3584382923001252,2.153092119410265,2.869968704010515
10,1500,0.606,2.4799005023501453,0.3598625626216406,2.1200379397285047,2.8397630649717858
10,1500,0.607,2.4481906179476183,0.36125925163484107,2.0869313663127773,2.8094498695824592
10,1500,0.608,2.4164013867533614,0.36262788455643435,2.0537735021969272,2.7790292713097955
10,1500,0.609,2.384533437017928,0.363967993928771,2.020565443089157,2.748501430946699
10,1500,0.61,2.352587396991871,0.36527911953898046,1.9873082774528907,2.7178665165308518
10,1500,0.611,2.320563894925745,0.36656080834651283,1.9540030865792322,2.687124703272258
10,1500,0.612,2.2884635590701006,0.36781261441907165,1.920650944651029,2.6562761734891724
10,1500,0.613,2.256287017675493,0.3690340988769262,1.8872529187985667,2.6253211165524193
10,1500,0.614,2.2240348989924743,0.3702248298456089,1.8538100691468653,2.5942597288380833
10,1500,0.615,2.1917078312715983,0.3713843824170067,1.8203234488545916,2.563092213688605
10,1500,0.616,2.159306442763417,0.37251233861887395,1.786794104144543,2.5318187813822908
10,1500,0.617,2.1268313617184846,0.37360828739279917,1.7532230743256854,2.500439649111284
10,1500,0.618,2.0942832163873537,0.3746718245806776,1.719611391806676,2.4689550409680314
10,1500,0.619,2.0616626350205776,0.3757025529197485,1.685960082100829,2.437365187940326
10,1500,0.62,2.028970245868709,0.3767000820462756,1.6522701638224335,2.4056703279149847
10,1500,0.621,1.996206677182302,0.3776640285079587,1.6185426486743433,2.3738707056902606
10,1500,0.622,1.9633725572119092,0.3785940157851837,1.5847785414267255,2.3419665729970927
10,1500,0.623,1.9304685142080833,0.3794896743212322,1.5509788398868511,2.3099581885293157
10,1500,0.624,1.8974951764213785,0.38035064156158827,1.5171445348597903,2.277845817982967
10,1500,0.625,1.8644531721023463,0.381176562002499,1.4832766100998473,2.2456297341048455
10,1500,0.626,1.8313431295015414,0.3819670872489619,1.4493760422525797,2.213310216750503
10,1500,0.627,1.7981656768695156,0.3827218760823314,1.4154438007871841,2.1808875529518468
10,1500,0.628,1.7649214424568238,0.3834405945377592,1.3814808479190646,2.148362036994583
10,1500,0.629,1.7316110545140169,0.38412291599169923,1.3474881385223176,2.1157339705057163
10,1500,0.63,1.6982351412916497,0.3847685212597333,1.3134666200319163,2.083003662551383
10,1500,0.631,1.6647943310402746,0.385377098704996,1.2794172323352786,2.0501714297452707
10,1500,0.632,1.631289252010445,0.3859483443574988,1.2453409076529462,2.0172375963679436
10,1500,0.633,1.597720532452714,0.3864819620446809,1.211238570408033,1.9842024944973948
10,1500,0.634,1.5640888006176346,0.3869776635335382,1.1771111370840963,1.9510664641511728
10,1500,0.635,1.5303946847557597,0.3874351686847117,1.142959516071048,1.9178298534404714
10,1500,0.636,1.4966388131176431,0.3878542056189417,1.1087846074987016,1.8844930187365847
10,1500,0.637,1.4628218139538378,0.3882345108963293,1.0745873030575086,1.851056324850167
10,1500,0.638,1.4289443155148955,0.38857582970887217,1.0403684858060234,1.8175201452237677
10,1500,0.639,1.3950069460513717,0.3888779160867808,1.0061290299645909,1.7838848621381524
10,1500,0.64,1.3610103338138175,0.38914053311911345,0.9718698006947041,1.7501508669329309
10,1500,0.641,1.3269551070527872,0.389363453189303,0.9375916538634842,1.7163185602420903
10,1500,0.642,1.2928418940188329,0.38954645822619305,0.9032954357926398,1.682388352245026
10,1500,0.643,1.2586713229625086,0.38968933997123534,0.8689819829912733,1.648360662933744
10,1500,0.644,1.2244440221343684,0.3897919002625485,0.8346521218718199,1.614235922396917
10,1500,0.645,1.1901606197849632,0.38985395133657874,0.8003066684483845,1.5800145711215419
10,1500,0.646,1.1558217441648466,0.3898753161481556,0.765946428016691,1.5456970603130022
10,1500,0.647,1.1214280235245735,0.38985582870978097,0.7315721948147925,1.5112838522343544
10,1500,0.648,1.086980086114695,0.3897953344510481,0.6971847516636469,1.476775420565743
10,1500,0.649,1.0524785601857647,0.38969369059913617,0.6627848695866285,1.4421722507849009
10,1500,0.65,1.017924073988337,0.3895507665813912,0.6283733074069459,1.4074748405697282
10,1500,0.651,0.9833172557729635,0.3893664444510622,0.5939508113219012,1.3726837002240257
10,1500,0.652,0.9486587337901982,0.3891406193373268,0.5595181144528714,1.337799353127525
10,1500,0.653,0.9139491362905936,0.3888731999208095,0.5250759363697841,1.302822336211403
10,1500,0.654,0.8791890915247034,0.3885641089358693,0.4906249825888341,1.2677532004605727
10,1500,0.655,0.8443792277430806,0.3882132837010058,0.45616594404207483,1.2325925114440863
10,1500,0.656,0.8095201731962776,0.38782067667881653,0.421699496517461,1.1973408498750941
10,1500,0.657,0.7746125561348483,0.38738625606701865,0.3872263000678296,1.161998812201867
10,1500,0.658,0.739657004809346,0.3869100064221375,0.3527469983872085,1.1265670112314836
10,1500,0.659,0.7046541474703225,0.38639192931755934,0.3182622181527632,1.0910460767878818
10,1500,0.66,0.669604612368333,0.38583204403773447,0.28377256833059855,1.0554366564060675
10,1500,0.661,0.6345090277539289,0.385230388310429,0.24927863944349993,1.019739416064358
10,1500,0.662,0.5993680218776649,0.38458701907901877,0.21478100279864615,0.9839550409566837
10,1500,0.663,0.5641822229900924,0.38390201331693596,0.1802802096731564,0.9480842363070283
10,1500,0.664,0.5289522593417653,0.38317546888649195,0.1457767904552733,0.9121277282282572
10,1500,0.665,0.4936787591832361,0.3824075054444162,0.11127125373881991,0.8760862646276524
10,1500,0.666,0.45836235076505916,0.3815982653965821,0.07676408536847706,0.8399606161616413
10,1500,0.667,0.4230036623377873,0.3807479149045088,0.04225574743327848,0.8037515772422961
10,1500,0.668,0.38760332215197324,0.37985664494637056,0.007746677205602681,0.7674599670983437
10,1500,0.669,0.35216195845816944,0.37892467243537165,-0.0267627139772022,0.7310866308935411
10,1500,0.67,0.31668019950692994,0.3779522413984897,-0.06127204189155977,0.6946324409054196
10,1500,0.671,0.28115867354880875,0.3769396242187299,-0.09578095066992115,0.6580982977675387
10,1500,0.672,0.245598008834357,0.375887122944174,-0.13028911410981697,0.621485131778531
10,1500,0.673,0.20999883361412985,0.37479507066725437,-0.16479623705312452,0.5847939042813842
10,1500,0.674,0.17436177613867798,0.3736638329778258,-0.1993020568391478,0.5480256091165038
10,1500,0.675,0.13868746465855541,0.3724938094937487,-0.2338063448351933,0.5111812741523041
10,1500,0.676,0.10297652742431729,0.37128543547283727,-0.26830890804852,0.47426196289715455
10,1500,0.6769999999999999,0.06722959268651896,0.3700391835101594,-0.30280959082364045,0.43726877619667837
10,1500,0.6779999999999999,0.0314472886957049,0.3687555653247939,-0.337308276629089,0.4002028540204988
10,1500,0.6789999999999999,-0.0043697562975670845,0.3674351336402747,-0.3718048899378418,0.3630653773427076
10,1500,0.6799999999999999,-0.040220914042742306,0.36607848416303956,-0.40629939820578187,0.32585757012029726
10,1500,0.6809999999999999,-0.0761055562892694,0.3646862576632925,-0.4407918139525619,0.2885807013740231
10,1500,0.6819999999999999,-0.11202305478659547,0.3632591421627393,-0.47528219694933477,0.25123608737614384
10,1500,0.6829999999999999,-0.14797278128416758,0.36179787523368656,-0.5097706565178541,0.21382509394951899
10,1500,0.6839999999999999,-0.1839541075314297,0.3603032464139956,-0.5442573539454253,0.17634913888256587
10,1500,0.6849999999999999,-0.2199664052778314,0.3587760997423293,-0.5787425050201607,0.13880969446449792
10,1500,0.6859999999999999,-0.2560090462728206,0.3572173364180335,-0.6132263826908542,0.10120829014521288
10,1500,0.6869999999999999,-0.2920814022658411,0.35562791758984175,-0.6477093198556829,0.06354651532400063
10,1500,0.688,-0.328182845006342,0.35400886727736575,-0.6821917122837078,0.025826022271023763
10,1500,0.689,-0.3643127462437681,0.3523612754290164,-0.7166740216727845,-0.011951470814751675
10,1500,0.69,-0.40047047772756916,0.3506863011196075,-0.7511567788471767,-0.04978417660796164
10,1500,0.691,-0.4366554112071903,0.34898517589036293,-0.7856405870975532,-0.08767023531682738
10,1500,0.692,-0.4728669184320764,0.3472592072334157,-0.8201261256654921,-0.1256077111986607
10,1500,0.693,-0.5091043711516781,0.3455097822220795,-0.8546141533737576,-0.16359458892959855
10,1500,0.694,-0.5453671411154417,0.3437383712872148,-0.8891055124026566,-0.20162876982822692
10,1500,0.695,-0.5816546000728118,0.3419465321388534,-0.9236011322116652,-0.23970806793395838
10,1500,0.696,-0.6179661197732367,0.3401359138308668,-0.9581020336041035,-0.2778302059423699
10,1500,0.697,-0.6543010719661635,0.3383082609648384,-0.992609332931002,-0.3159928110013251
10,1500,0.698,-0.690658828401038,0.3364654180274014,-1.0271242464284394,-0.3541934103736366
10,1500,0.699,-0.7270387608273077,0.33460933385309516,-1.0616480946804028,-0.3924294269742125
10,1500,0.7,-0.7634402409944196,0.3327420662022448,-1.0961823071966643,-0.43069817479217487
10,1500,0.701,-0.7998626406518201,0.33086578644044334,-1.1307284270922635,-0.46899685421137677
10,1500,0.702,-0.8363053315489593,0.32898278430288547,-1.1652881158518447,-0.5073225472460738
10,1500,0.703,-0.872767685435277,0.32709547272302925,-1.1998631581583064,-0.5456722127122478
10,1500,0.704,-0.9092490740602277,0.325206392700816,-1.2344554667610437,-0.5840426813594117
10,1500,0.705,-0.9457488691732534,0.32331821818092893,-1.2690670873541823,-0.6224306509923245
10,1500,0.706,-0.9822664425238026,0.32143376090631,-1.3037002034301126,-0.6608326816174925
10,1500,0.707,-1.0188011658613214,0.31955597520634704,-1.3383571410676685,-0.6992451906549744
10,1500,0.708,-1.0553524109352588,0.31768796267280147,-1.3730403736080603,-0.7376644482624573
10,1500,0.709,-1.0919195494950587,0.3158329766696816,-1.4077525261647401,-0.7760865728253771
10,1500,0.71,-1.1285019532901712,0.31399442661590066,-1.442496379906072,-0.8145075266742705
10,1500,0.711,-1.16509899407004,0.3121758819717521,-1.4772748760417922,-0.8529231120982879
10,1500,0.712,-1.2017100435841157,0.31038107585206115,-1.5120911194361768,-0.8913289677320546
10,1500,0.713,-1.2383344735818405,0.30861390818045586,-1.5469483817622964,-0.9297205654013846
10,1500,0.714,-1.2749716558126636,0.3068784482906804,-1.581850104103344,-0.9680932075219832
10,1500,0.715,-1.3116209620260322,0.3051789368724582,-1.6167998988984904,-1.006442025153574
10,1500,0.716,-1.348281763971395,0.30351978715133376,-1.6518015511227289,-1.0447619768200613
10,1500,0.717,-1.3849534333981945,0.3019055851844963,-1.6868590185826908,-1.0830478482136983
10,1500,0.718,-1.4216353420558816,0.3003410891481443,-1.721976431204026,-1.1212942529077372
10,1500,0.719,-1.4583268616938998,0.29883122748692115,-1.757158089180821,-1.1594956342069787
10,1500,0.72,-1.4950273640616998,0.29738109579278255,-1.7924084598544823,-1.1976462682689173
10,1500,0.721,-1.5317362209087229,0.2959959522798697,-1.8277321731885925,-1.2357402686288532
10,1500,0.722,-1.5684528039844219,0.29468121172408945,-1.8631340157085114,-1.2737715922603323
10,1500,0.723,-1.6051764850382408,0.29344243774172757,-1.8986189227799684,-1.3117340472965133
10,1500,0.724,-1.6419066358196268,0.2922853332910782,-1.934191969110705,-1.3496213025285486
10,1500,0.725,-1.6786426280780256,0.29121572929532236,-1.969858357373348,-1.3874268987827032
10,1500,0.726,-1.7153838335628873,0.29023957130414846,-2.005623404867036,-1.4251442622587387
10,1500,0.727,-1.752129624023655,0.2893629041362583,-2.0414925281599134,-1.4627667198873966
10,1500,0.728,-1.7888793712097795,0.2885918544751061,-2.0774712256848855,-1.5002875167346734
10,1500,0.729,-1.8256324468707028,0.2879326114259537,-2.1135650582966568,-1.537699835444749
10,1500,0.73,-1.8623882227558766,0.2873914050833305,-2.149779627839207,-1.5749968176725462
10,1500,0.731,-1.8991460706147447,0.2869744832036527,-2.186120553818397,-1.612171587411092
10,1500,0.732,-1.9359053621967561,0.2866880861272136,-2.2225934483239698,-1.6492172760695425
10,1500,0.733,-1.9726654692513534,0.2865384201457199,-2.259203889397073,-1.6861270491056335
10,1500,0.734,-2.00942576352799,0.28653162956444356,-2.2959573930924337,-1.7228941339635464
10,1500,0.735,-2.0461856167761083,0.2866737677599862,-2.3328593845360945,-1.7595118490161221
10,1500,0.736,-2.082944400745156,0.28697076758346585,-2.369915168328622,-1.7959736331616902
10,1500,0.737,-2.1197014871845794,0.28742841150233517,-2.4071298986869145,-1.8322730756822443
10,1500,0.738,-2.1564562478438276,0.2880523019097015,-2.4445085497535293,-1.8684039459341262
10,1500,0.739,-2.1932080544723456,0.2888478320557159,-2.4820558865280615,-1.9043602224166296
10,1500,0.74,-2.229956278819582,0.2898201580693678,-2.51977643688895,-1.9401361207502144
10,1500,0.741,-2.266700292634979,0.2909741725393224,-2.5576744651743013,-1.9757261200956566
10,1500,0.742,-2.303439467667991,0.2923144801082896,-2.5957539477762808,-2.0111249875597013
10,1500,0.743,-2.340173175668058,0.29384537550649287,-2.6340185511745506,-2.0463278001615652
10,1500,0.744,-2.3769007883846305,0.29557082440657717,-2.672471612791208,-2.081329963978053
10,1500,0.745,-2.4136216775671535,0.29749444742591885,-2.7111161249930724,-2.1161272301412346
10,1500,0.746,-2.4503352149650772,0.299619507534748,-2.749954722499825,-2.1507157074303294
10,1500,0.747,-2.487040772327843,0.30194890105228345,-2.7889896733801263,-2.1850918712755596
10,1500,0.748,-2.5237377214049035,0.30448515233128076,-2.828222873736184,-2.219252569073623
10,1500,0.749,-2.560425433945702,0.3072304121473059,-2.8676558460930077,-2.2531950217983963
10,1500,0.75,-2.5971032816996877,0.31018645972611475,-2.9072897414258025,-2.286916821973573
10,1500,0.751,-2.6337706364163034,0.3133547082639745,-2.947125344680278,-2.320415928152329
10,1500,0.752,-2.670426869845002,0.31673621372459954,-2.9871630835696017,-2.3536906561204027
10,1500,0.753,-2.707071353735225,0.3203316866349839,-3.027403040370209,-2.386739667100241
10,1500,0.754,-2.7437034598364227,0.3241415065526604,-3.067844966389083,-2.4195619532837624
10,1500,0.755,-2.78032255989804,0.328165738839896,-3.108488298737936,-2.4521568210581437
10,1500,0.756,-2.816928025669523,0.33240415335652057,-3.1493321790260436,-2.484523872313002
10,1500,0.757,-2.853519228900321,0.3368562446721975,-3.1903754735725185,-2.516662984228123
10,1500,0.758,-2.890095541339882,0.34152125340023515,-3.231616794740117,-2.5485742879396467
10,1500,0.759,-2.9266563347376486,0.346398188267151,-3.2730545230047996,-2.5802581464704977
10,1500,0.76,-2.963200980843071,0.3514858485535945,-3.314686829396665,-2.6117151322894765
10,1500,0.761,-2.9997288514055933,0.35678284657099546,-3.3565116979765888,-2.642946004834598
10,1500,0.762,-3.036239318174666,0.36228762987260626,-3.398526948047272,-2.6739516883020595
10,1500,0.763,-3.0727317528997307,0.36799850293549585,-3.4407302558352266,-2.7047332499642347
10,1500,0.764,-3.1092055273302424,0.3739136480898492,-3.4831191754200916,-2.735291879240393
10,1500,0.765,-3.145660013215639,0.3800311455120062,-3.5256911587276454,-2.765628867703633
10,1500,0.766,-3.182094582305374,0.38634899213678336,-3.568443574442157,-2.7957455901685906
10,1500,0.767,-3.218508606348888,0.3928651193816347,-3.6113737257305227,-2.825643486967253
10,1500,0.768,-3.2549014570956367,0.39957740960939636,-3.654478866705033,-2.8553240474862402
10,1500,0.769,-3.29127250629506,0.40648371128709754,-3.6977562175821572,-2.8847887950079625
10,1500,0.77,-3.3276211256966066,0.41358185282537246,-3.741202978521979,-2.9140392728712343
10,1500,0.771,-3.363946687049721,0.42086965510614677,-3.784816342155868,-2.943077031943574
10,1500,0.772,-3.4002485621038567,0.42834494272563445,-3.8285935048294912,-2.9719036193782222
10,1500,0.773,-3.4365261226084534,0.43600555399532376,-3.872531676603777,-3.0005205686131298
10,1500,0.774,-3.4727787403129624,0.44384934975588597,-3.9166280900688486,-3.028929390557076
10,1500,0.775,-3.5090057869668287,0.45187422106805686,-3.9608800080348856,-3.057131565898772
10,1500,0.776,-3.545206634319501,0.4600780958509177,-4.005284730170419,-3.085128538468583
10,1500,0.777,-3.581380654120424,0.46845894454194453,-4.049839598662368,-3.112921709578479
10,1500,0.778,-3.617527218119044,0.4770147848551356,-4.09454200297418,-3.1405124332639085
10,1500,0.779,-3.65364569806481,0.48574368571372184,-4.139389383778532,-3.167902012351088
10,1500,0.78,-3.68973546570717,0.4946437704328356,-4.184379236140005,-3.1950916952743342
10,1500,0.781,-3.7257958927955666,0.5037132192252497,-4.229509112020816,-3.2220826735703167
10,1500,0.782,-3.761826351079451,0.5129502711002596,-4.2747766221797106,-3.2488760799791914
10,1500,0.783,-3.7978262123082662,0.5223532252220968,-4.3201794375303635,-3.2754729870861694
10,1500,0.784,-3.833794848231463,0.5319204417902157,-4.3657152900216785,-3.3018744064412475
10,1500,0.785,-3.869731630598485,0.5416503424994656,-4.41138197309795,-3.3280812880990194
10,1500,0.786,-3.9056359311587827,0.5515414106337584,-4.457177341792541,-3.3540945205250243
10,1500,0.787,-3.941507121661796,0.5615921908423929,-4.5030993125041885,-3.379914930819403
10,1500,0.788,-3.9773445738569793,0.5718012886438744,-4.549145862500854,-3.405543285213105
10,1500,0.789,-4.013147659493777,0.582167369697837,-4.595315029191614,-3.43098028979594
10,1500,0.79,-4.048915750321635,0.5926891588816883,-4.641604909203323,-3.456226591439947
10,1500,0.791,-4.084648218090003,0.6033654392047733,-4.688013657294776,-3.4812827788852294
10,1500,0.792,-4.120344434548323,0.6141950505893353,-4.734539485137658,-3.5061493839589875
10,1500,0.793,-4.156003771446044,0.6251768885442212,-4.781180659990265,-3.530826882901823
10,1500,0.794,-4.191625600532616,0.6363099027542685,-4.827935503286884,-3.5553156977783473
10,1500,0.795,-4.227209293557481,0.6475930956054959,-4.874802389162976,-3.5796161979519847
10,1500,0.796,-4.26275422227009,0.6590255206637163,-4.921779742933806,-3.6037287016063733
10,1500,0.797,-4.298259758419886,0.6706062811218467,-4.968866039541733,-3.627653477298039
10,1500,0.798,-4.333725273756321,0.6823345282291678,-5.016059801985489,-3.651390745527153
10,1500,0.799,-4.369150140028834,0.6942094597138706,-5.0633595997427046,-3.674940680314964
10,1500,0.8,-4.4045337289868804,0.70623031820861,-5.110764047195491,-3.69830341077827
10,1500,0.801,-4.439875412379903,0.7183963896872623,-5.158271802067166,-3.721479022692641
10,1500,0.802,-4.475174561957349,0.7307070019198049,-5.205881563877154,-3.744467560037544
10,1500,0.803,-4.510430549468662,0.7431615229510403,-5.2535920724197025,-3.7672690265176216
10,1500,0.8039999999999999,-4.545642746663292,0.7557593596078955,-5.301402106271188,-3.7898833870553963
10,1500,0.8049999999999999,-4.5808105252906905,0.7684999560391129,-5.349310481329804,-3.8123105692515775
10,1500,0.8059999999999999,-4.615933257100297,0.7813827922903491,-5.397316049390646,-3.8345504648099475
10,1500,0.8069999999999999,-4.651010313841563,0.7944073829170761,-5.445417696758639,-3.8566029309244865
10,1500,0.8079999999999999,-4.686041067263933,0.8075732756370033,-5.493614342900937,-3.87846779162693
10,1500,0.8089999999999999,-4.721024889116854,0.8208800500233119,-5.541904939140165,-3.900144839093542
10,1500,0.8099999999999999,-4.755961151149776,0.8343273162394833,-5.59028846738926,-3.921633834910293
10,1500,0.8109999999999999,-4.790849225112142,0.8479147138161991,-5.638763938928341,-3.9429345112959426
10,1500,0.8119999999999999,-4.825688482753399,0.8616419104703985,-5.687330393223797,-3.9640465722830003
10,1500,0.813,-4.860478295822998,0.8755086009663834,-5.735986896789381,-3.9849696948566145
10,1500,0.814,-4.895218036070379,0.8895145060185771,-5.784732542088957,-4.005703530051802
10,1500,0.815,-4.929907075244994,0.9036593712354002,-5.833566446480394,-4.026247704009594
10,1500,0.816,-4.964544785096288,0.9179429661035344,-5.882487751199822,-4.0466018189927535
10,1500,0.817,-4.999130537373711,0.9323650830117707,-5.931495620385482,-4.06676545436194
10,1500,0.818,-5.033663703826705,0.9469255363134758,-5.980589240140181,-4.0867381675132295
10,1500,0.819,-5.068143656204721,0.9616241614267026,-6.0297678176314236,-4.106519494778018
10,1500,0.82,-5.1025697662572025,0.9764608139708485,-6.079030580228051,-4.126108952286354
10,1500,0.821,-5.1369414057336,0.9914353689387706,-6.12837677467237,-4.1455060367948295
10,1500,0.822,-5.171257946383358,1.0065477199032098,-6.177805666286568,-4.164710226480148
10,1500,0.823,-5.205518759955923,1.021797778256374,-6.227316538212297,-4.183720981699548
10,1500,0.824,-5.2397232182007425,1.037185472481509,-6.2769086906822515,-4.202537745719233
10,1500,0.825,-5.273870692867263,1.0527107474553106,-6.326581440322573,-4.221159945411952
10,1500,0.826,-5.307960555704935,1.068373563780001,-6.376334119484936,-4.239586991924934
10,1500,0.827,-5.341992178463201,1.084173897143965,-6.426166075607166,-4.257818281319236
10,1500,0.828,-5.37596493289151,1.100111737709778,-6.476076670601287,-4.275853195181732
10,1500,0.829,-5.409878190739303,1.1161870895285824,-6.526065280267886,-4.293691101210721
10,1500,0.83,-5.443731323756036,1.1323999699796838,-6.5761312937357195,-4.311331353776352
10,1500,0.831,-5.477523703691153,1.1487504092343748,-6.626274112925528,-4.328773294456778
10,1500,0.832,-5.511254702294095,1.1652384497429256,-6.67649315203702,-4.34601625255117
10,1500,0.833,-5.5449236913143185,1.181864145743792,-6.726787837058111,-4.363059545570526
10,1500,0.834,-5.578530042501263,1.1986275627940677,-6.77715760529533,-4.379902479707195
10,1500,0.835,-5.612073127604378,1.2155287773202743,-6.827601904924652,-4.396544350284104
10,1500,0.836,-5.645552318373112,1.2325678761885868,-6.878120194561699,-4.412984442184525
10,1500,0.837,-5.678966986556907,1.2497449562936702,-6.928711942850578,-4.429222030263237
10,1500,0.838,-5.712316503905214,1.2670601241652613,-6.979376628070475,-4.445256379739953
10,1500,0.839,-5.74560024216748,1.2845134955917583,-7.030113737759239,-4.461086746575722
10,1500,0.84,-5.77881757309315,1.3021051952600147,-7.080922768353164,-4.4767123778331355
10,1500,0.841,-5.811967868431671,1.3198353564106466,-7.131803224842317,-4.4921325120210245
10,1500,0.842,-5.845050499932489,1.3377041205081308,-7.18275462044062,-4.507346379424358
10,1500,0.843,-5.878064839345056,1.3557116369250533,-7.233776476270109,-4.522353202420002
10,1500,0.844,-5.911010258418812,1.3738580626398424,-7.284868321058655,-4.537152195778969
10,1500,0.845,-5.94388612890321,1.3921435619474034,-7.336029690850613,-4.551742566955807
10,1500,0.846,-5.976691822547692,1.4105683061820524,-7.387260128729745,-4.566123516365639
10,1500,0.847,-6.009426711101706,1.4291324734522086,-7.438559184553915,-4.580294237649497
10,1500,0.848,-6.042090166314699,1.4478362483862885,-7.489926414700987,-4.594253917928411
10,1500,0.849,-6.074681559936122,1.4666798218893349,-7.541361381825457,-4.608001738046788
10,1500,0.85,-6.107200263715414,1.4856633909098451,-7.592863654625258,-4.621536872805569
10,1500,0.851,-6.1396456494020315,1.5047871582163834,-7.644432807618415,-4.634858491185648
10,1500,0.852,-6.172017088745414,1.5240513321835019,-7.696068420928916,-4.647965756561912
10,1500,0.853,-6.204313953495011,1.5434561265865732,-7.747770080081584,-4.660857826908438
10,1500,0.854,-6.2365356154002685,1.5630017604051094,-7.799537375805378,-4.673533854995159
10,1500,0.855,-6.268681446210632,1.5826884576342177,-7.85136990384485,-4.685992988576414
10,1500,0.856,-6.300750817675552,1.602516447103784,-7.903267264779336,-4.698234370571768
10,1500,0.857,-6.332743101544473,1.6224859623050887,-7.955229063849561,-4.710257139239385
10,1500,0.858,-6.364657669566841,1.6425972412244696,-8.00725491079131,-4.722060428342372
10,1500,0.859,-6.396493893492107,1.662850526183766,-8.059344419675874,-4.733643367308341
10,1500,0.86,-6.428251145069717,1.6832460636871969,-8.111497208756914,-4.745005081382519
10,1500,0.861,-6.4599287960491125,1.7037841042744317,-8.163712900323544,-4.756144691774681
10,1500,0.862,-6.491526218179745,1.7244649023795329,-8.215991120559277,-4.767061315800212
10,1500,0.863,-6.523042783211057,1.74528871619556,-8.268331499406617,-4.777754067015497
10,1500,0.864,-6.554477862892501,1.766255807544535,-8.320733670437036,-4.7882220553479655
10,1500,0.865,-6.585830828973525,1.7873664417525796,-8.373197270726104,-4.798464387220945
10,1500,0.866,-6.617101053203566,1.8086208875299625,-8.425721940733528,-4.808480165673603
10,1500,0.867,-6.648287907332084,1.830019416855866,-8.47830732418795,-4.818268490476218
10,1500,0.868,-6.679390763108515,1.8515623048676515,-8.530953067976167,-4.827828458240863
10,1500,0.869,-6.7104089922823125,1.8732498297544367,-8.58365882203675,-4.837159162527875
10,1500,0.87,-6.741341966602918,1.895082272654793,-8.63642423925771,-4.8462596939481255
10,1500,0.871,-6.772189057819784,1.9170599175583969,-8.689248975378181,-4.855129140261386
10,1500,0.872,-6.802949637682353,1.939183051211443,-8.742132688893797,-4.86376658647091
10,1500,0.873,-6.833623077940075,1.961451963025686,-8.795075040965761,-4.872171114914389
10,1500,0.874,-6.864208750342395,1.9838669449909319,-8.848075695333327,-4.880341805351463
10,1500,0.875,-6.89470602663876,2.0064282915908525,-8.901134318229612,-4.888277735047907
10,1500,0.876,-6.925114278578619,2.0291362997219595,-8.954250578300577,-4.895977978856659
10,1500,0.877,-6.955432877911413,2.0519912686156396,-9.007424146527052,-4.903441609295774
10,1500,0.878,-6.985661196386598,2.074993499763073,-9.06065469614967,-4.910667696623525
10,1500,0.879,-7.015798605753611,2.0981432968429705,-9.113941902596581,-4.917655308910641
10,1500,0.88,-7.0458444777619045,2.1214409656519635,-9.167285443413867,-4.924403512109941
10,1500,0.881,-7.075798184160926,2.14488681403757,-9.220684998198497,-4.930911370123356
10,1500,0.882,-7.105659096700122,2.1684811518336087,-9.27414024853373,-4.937177944866513
10,1500,0.883,-7.1354265871289355,2.192224290797976,-9.327650877926912,-4.943202296330959
10,1500,0.884,-7.16510002719682,2.216116544552676,-9.381216571749496,-4.9489834826441435
10,1500,0.885,-7.194678788653215,2.2401582285260266,-9.434837017179241,-4.954520560127189
10,1500,0.886,-7.224162243247572,2.2643496598969315,-9.488511903144504,-4.95981258335064
10,1500,0.887,-7.253549762729338,2.2886911575411624,-9.542240920270501,-4.964858605188176
10,1500,0.888,-7.282840718847956,2.3131830419795385,-9.596023760827494,-4.969657676868417
10,1500,0.889,-7.312034483352877,2.3378256353279605,-9.649860118680838,-4.974208848024917
10,1500,0.89,-7.341130427993548,2.362619261249196,-9.703749689242745,-4.978511166744352
10,1500,0.891,-7.370127924519413,2.387564244906367,-9.75769216942578,-4.982563679613046
10,1500,0.892,-7.399026344679921,2.4126609129180543,-9.811687257597976,-4.986365431761866
10,1500,0.893,-7.4278250602245155,2.4379095933149784,-9.865734653539494,-4.989915466909537
10,1500,0.894,-7.456523442902649,2.4633106154981625,-9.919834058400811,-4.993212827404486
10,1500,0.895,-7.4851208644637675,2.4888643101985615,-9.973985174662328,-4.996256554265206
10,1500,0.896,-7.513616696657309,2.514571009438049,-10.028187706095357,-4.99904568721926
10,1500,0.897,-7.54201031123273,2.5404310464917645,-10.082441357724495,-5.001579264740965
10,1500,0.898,-7.570301079939473,2.5664447558517174,-10.13674583579119,-5.0038563240877565
10,1500,0.899,-7.598488374526988,2.5926124731916382,-10.191100847718626,-5.005875901335349
10,1500,0.9,-7.6265715667447225,2.618934535333006,-10.245506102077728,-5.007637031411717
10,1800,0.1,-6.026113539401958,0.31707737748255765,-6.343190916884516,-5.709036161919401
10,1800,0.101,-5.9325173593916745,0.31397909592597467,-6.246496455317649,-5.6185382634657
10,1800,0.10200000000000001,-5.83936934664375,0.3108985028843451,-6.1502678495280945,-5.528470843759405
10,1800,0.10300000000000001,-5.746668617883742,0.3078355601259535,-6.0545041780096955,-5.438833057757789
10,1800,0.10400000000000001,-5.654414289837174,0.3047902295354042,-5.9592045193725784,-5.349624060301769
10,1800,0.10500000000000001,-5.562605479229607,0.3017624731169596,-5.864367952346567,-5.260843006112647
10,1800,0.10600000000000001,-5.471241302786572,0.2987522529979894,-5.769993555784561,-5.172489049788583
10,1800,0.10700000000000001,-5.380320877233622,0.29575953143253975,-5.676080408666162,-5.084561345801082
10,1800,0.10800000000000001,-5.289843319296288,0.29278427080502134,-5.58262759010131,-4.997059048491267
10,1800,0.10900000000000001,-5.199807745700124,0.28982643363402694,-5.489634179334151,-4.909981312066097
10,1800,0.11,-5.110213273170663,0.2868859825762779,-5.397099255746941,-4.823327290594385
10,1800,0.111,-5.02105901843346,0.2839628804307095,-5.30502189886417,-4.737096138002751
10,1800,0.112,-4.932344098214042,0.28105709014269686,-5.213401188356738,-4.651287008071345
10,1800,0.113,-4.844067629237966,0.2781685748084303,-5.122236204046396,-4.5658990544295355
10,1800,0.114,-4.756228728230763,0.2752972976794427,-5.031526025910206,-4.48093143055132
10,1800,0.115,-4.668826511917986,0.2724432221672984,-4.941269734085285,-4.396383289750688
10,1800,0.116,-4.581860097025169,0.2696063118484469,-4.851466408873616,-4.312253785176722
10,1800,0.117,-4.495328600277865,0.2667865304692512,-4.762115130747117,-4.228542069808614
10,1800,0.11800000000000001,-4.4092311384016085,0.26398384195119473,-4.673214980352803,-4.145247296450414
10,1800,0.11900000000000001,-4.323566828121942,0.261198210396277,-4.584765038518219,-4.0623686177256655
10,1800,0.12000000000000001,-4.238334786164414,0.2584296000926038,-4.496764386257017,-3.97990518607181
10,1800,0.12100000000000001,-4.153534129254567,0.2556779755201806,-4.409212104774747,-3.897856153734386
10,1800,0.122,-4.069163974117936,0.25294330135691745,-4.3221072754748535,-3.816220672761019
10,1800,0.123,-3.9852234374800712,0.25022554248485485,-4.235448979964926,-3.7349978949952165
10,1800,0.124,-3.9017116360665085,0.24752466399661838,-4.1492363000631265,-3.65418697206989
10,1800,0.125,-3.818627686602804,0.24484063120211336,-4.063468317804918,-3.573787055400691
10,1800,0.126,-3.7359707058144878,0.24217340963546755,-3.9781441154499553,-3.4937972961790202
10,1800,0.127,-3.6537398104271084,0.2395229650622353,-3.893262775489344,-3.414216845364873
10,1800,0.128,-3.5719341171662045,0.23688926348687075,-3.808823380653075,-3.335044853679334
10,1800,0.129,-3.4905527427573233,0.23427227116048488,-3.7248250139178083,-3.2562804715968383
10,1800,0.13,-3.4095948039260016,0.2316719545888956,-3.641266758514897,-3.177922849337106
10,1800,0.131,-3.32905941739779,0.2290882805409862,-3.5581476979387765,-3.0999711368568037
10,1800,0.132,-3.2489456998982256,0.22652121605738268,-3.475466915955608,-3.022424483840843
10,1800,0.133,-3.169252768152859,0.22397072845946656,-3.3932234966123254,-2.9452820396933923
10,1800,0.134,-3.089979738887221,0.22143678535873532,-3.3114165242459563,-2.868542953528486
10,1800,0.135,-3.0111257288268636,0.21891935466652732,-3.230045083493391,-2.7922063741603362
10,1800,0.136,-2.9326898546973243,0.21641840460412623,-3.1491082593014506,-2.716271450093198
10,1800,0.137,-2.854671233224151,0.21393390371326235,-3.068605136937413,-2.6407373295108885
10,1800,0.138,-2.7770689811328797,0.21146582086702698,-2.9885348019999065,-2.565603160265853
10,1800,0.139,-2.69988221514906,0.2090141252812205,-2.9088963404302803,-2.4908680898678397
10,1800,0.14,-2.6231100519982284,0.20657878652615064,-2.8296888385243792,-2.4165312654720776
10,1800,0.14100000000000001,-2.5467516084059376,0.20415977453890383,-2.7509113829448415,-2.3425918338670337
10,1800,0.14200000000000002,-2.470806001097717,0.20175705963610754,-2.6725630607338244,-2.2690489414616097
10,1800,0.14300000000000002,-2.395272346799123,0.19937061252720992,-2.594642959326333,-2.195901734271913
10,1800,0.14400000000000002,-2.320149762235687,0.19700040432829521,-2.517150166563982,-2.1231493579073915
10,1800,0.14500000000000002,-2.2454373641329592,0.1946464065764637,-2.440083770709423,-2.0507909575564955
10,1800,0.14600000000000002,-2.1711342692164752,0.19230859124479782,-2.363442860461273,-1.9788256779716775
10,1800,0.14700000000000002,-2.0972395942117874,0.18998693075794518,-2.2872265249697326,-1.9072526634538423
10,1800,0.14800000000000002,-2.0237524558444306,0.1876813980083419,-2.2114338538527725,-1.8360710578360888
10,1800,0.14900000000000002,-1.9506719708399523,0.18539196637311073,-2.1360639372130628,-1.7652800044668415
10,1800,0.15000000000000002,-1.8779972559238942,0.18311860973166008,-2.0611158656555544,-1.694878646192234
10,1800,0.15100000000000002,-1.8057274278217967,0.18086130248402035,-1.9865887303058172,-1.6248661253377763
10,1800,0.15200000000000002,-1.7338616032592018,0.17862001956994797,-1.9124816228291497,-1.555241583689254
10,1800,0.153,-1.6623988989616603,0.17639473648883613,-1.8387936354504963,-1.4860041624728242
10,1800,0.154,-1.5913384316547052,0.17418542932046577,-1.765523860975171,-1.4171530023342394
10,1800,0.155,-1.5206793180638893,0.1719920747466402,-1.6926713928105295,-1.3486872433172492
10,1800,0.156,-1.4504206749147421,0.1698146500737395,-1.6202353249884816,-1.2806060248410027
10,1800,0.157,-1.380561618932818,0.1676531332562427,-1.5482147521890608,-1.2129084856765753
10,1800,0.158,-1.3111012668436572,0.16550750292125863,-1.476608769764916,-1.1455937639223985
10,1800,0.159,-1.2420387353728,0.16337773839411468,-1.4054164737669146,-1.0786609969786853
10,1800,0.16,-1.1733731412457864,0.16126381972505258,-1.334636960970839,-1.0121093215207337
10,1800,0.161,-1.1051036011881674,0.15916572771708334,-1.2642693289052507,-0.945937873471084
10,1800,0.162,-1.0372292319254797,0.15708344395505378,-1.1943126758805334,-0.8801457879704259
10,1800,0.163,-0.9697491501832705,0.15501695083598438,-1.124766101019255,-0.814732199347286
10,1800,0.164,-0.9026624726870747,0.15296623160073455,-1.0556287042878092,-0.7496962410863401
10,1800,0.165,-0.8359683161624485,0.1509312703670606,-0.9868995865295092,-0.6850370457953878
10,1800,0.166,-0.7696657973349179,0.1489120521641278,-0.9185778494990458,-0.6207537451707901
10,1800,0.167,-0.7037540329300409,0.14690856296854915,-0.8506625958985901,-0.5568454699614918
10,1800,0.168,-0.6382321396733488,0.144920789742016,-0.7831529294153647,-0.4933113499313328
10,1800,0.169,-0.5730992342903924,0.14294872047059987,-0.7160479547609924,-0.4301505138197926
10,1800,0.17,-0.5083544335067103,0.14099234420579917,-0.6493467777125095,-0.3673620893009111
10,1800,0.171,-0.4439968540478496,0.13905165110741308,-0.5830485051552627,-0.30494520294043653
10,1800,0.17200000000000001,-0.3800256126393453,0.13712663248832502,-0.5171522451276703,-0.2428989801510203
10,1800,0.173,-0.31643982600674825,0.13521728086128554,-0.4516571068680338,-0.1812225451454627
10,1800,0.174,-0.25323861087559685,0.13332358998778074,-0.38656220086337756,-0.11991502088781611
10,1800,0.175,-0.19042108397143664,0.1314455549290867,-0.32186663890052336,-0.058975529042349956
10,1800,0.176,-0.12798636201980607,0.12958317209960085,-0.2575695341194069,0.001596810079794786
10,1800,0.177,-0.06593356174625242,0.12773643932255702,-0.19367000106880944,0.06180287757630459
10,1800,0.178,-0.004261799876314143,0.12590535588822463,-0.13016715576453877,0.12164355601191049
10,1800,0.179,0.05702980686446146,0.1240899226147031,-0.06706011575024164,0.18111972947916455
10,1800,0.18,0.11794214175053597,0.12229014191141928,-0.004348000160883311,0.24023228366195526
10,1800,0.181,0.17847608805636206,0.12050601784544566,0.057970070210916394,0.29898210590180774
10,1800,0.182,0.2386325290564013,0.11873755621075287,0.11989497284564844,0.3573700852671542
10,1800,0.183,0.2984123480251064,0.11698476460051851,0.1814275834245879,0.41539711262562495
10,1800,0.184,0.35781642823693716,0.11524765248261232,0.24256877575432484,0.4730640807195495
10,1800,0.185,0.4168456529663498,0.11352623127838204,0.30331942168796777,0.5303718842447318
10,1800,0.186,0.4755009054878059,0.1118205144448635,0.36368039104294236,0.5873214199326694
10,1800,0.187,0.5337830690757563,0.11013051756054135,0.42365255151521497,0.6439135866362977
10,1800,0.188,0.591693027004661,0.108456258414783,0.48323676858987796,0.700149285419444
10,1800,0.189,0.649231662548976,0.10679775710107131,0.5424339054479047,0.7560294196500473
10,1800,0.19,0.706399858983163,0.10515503611415532,0.6012448228690077,0.8115548950973184
10,1800,0.191,0.7631984995816712,0.10352812045123741,0.6596703791304338,0.8667266200329086
10,1800,0.192,0.8196284676189638,0.10191703771730781,0.717711429901656,0.9215455053362716
10,1800,0.193,0.8756906463694989,0.1003218182347323,0.7753688281347666,0.9760124646042312
10,1800,0.194,0.9313859191077309,0.09874249515718793,0.832643423950543,1.030128414264919
10,1800,0.195,0.9867151691081144,0.09717910458803133,0.889536064520083,1.0838942736961457
10,1800,0.196,1.0416792796451144,0.09563168570316863,0.9460475939419458,1.1373109653482831
10,1800,0.197,1.09627913399318,0.09410028087848005,1.0021788531147,1.1903794148716602
10,1800,0.198,1.150515615426773,0.09258493582182795,1.057930679604945,1.243100551248601
10,1800,0.199,1.2043896072203495,0.09108569970965573,1.1133039075106939,1.2954753069300051
10,1800,0.2,1.2579019926483674,0.08960262532815017,1.1682993673202173,1.3475046179765175
10,1800,0.201,1.3110536549852796,0.0881357692189082,1.2229178857663714,1.3991894242041878
10,1800,0.202,1.3638454775055493,0.08668519182900336,1.2771602856765458,1.4505306693345528
10,1800,0.203,1.4162783434836328,0.08525095766530232,1.3310273858183306,1.501529301148935
10,1800,0.20400000000000001,1.4683531361939846,0.08383313545282073,1.3845200007411638,1.5521862716468053
10,1800,0.20500000000000002,1.5200707389110617,0.0824317982968466,1.4376389406142152,1.6025025372079083
10,1800,0.20600000000000002,1.571432034909325,0.08104702384847987,1.490385011060845,1.6524790587578049
10,1800,0.20700000000000002,1.6224379074632251,0.079678894473155,1.5427590129900701,1.7021168019363802
10,1800,0.20800000000000002,1.6730892398472283,0.07832749742160958,1.5947617424256189,1.7514167372688378
10,1800,0.20900000000000002,1.7233869153357828,0.07699292500265549,1.6463939903331273,1.8003798403384383
10,1800,0.21000000000000002,1.7733318172033545,0.07567527475697727,1.6976565424463772,1.8490070919603319
10,1800,0.21100000000000002,1.8229248287243918,0.07437464963104318,1.7485501790933486,1.8972994783554349
10,1800,0.21200000000000002,1.8721668331733596,0.07309115815004927,1.7990756750233103,1.945257991323409
10,1800,0.21300000000000002,1.921058713824709,0.07182491458864051,1.8492337992360686,1.9928836284133495
10,1800,0.21400000000000002,1.969601353952899,0.07057603913794724,1.8990253148149516,2.040177393090846
10,1800,0.21500000000000002,2.01779563683239,0.069344658067255,1.948450978765135,2.087140294899645
10,1800,0.21600000000000003,2.065642445737639,0.06813090387837507,1.9975115418592642,2.1337733496160145
10,1800,0.21700000000000003,2.113142663943096,0.06693491545051294,2.046207748492583,2.180077579393609
10,1800,0.21800000000000003,2.160297174723226,0.06575683817313013,2.094540336550096,2.226054012896356
10,1800,0.21900000000000003,2.2071068613524814,0.06459682406397317,2.142510037288508,2.2717036854164547
10,1800,0.22,2.2535726071053217,0.06345503186908708,2.1901175752362345,2.317027638974409
10,1800,0.221,2.299695295256207,0.062331627141255515,2.237363668114951,2.3620269223974626
10,1800,0.222,2.345475809079586,0.06122678229290467,2.2842490267866813,2.4067025913724907
10,1800,0.223,2.390915031849927,0.06014067661908025,2.3307743552308464,2.451055708469007
10,1800,0.224,2.4360138468416794,0.05907349628566396,2.3769403505560156,2.4950873431273433
10,1800,0.225,2.4807731373293027,0.058025434277532026,2.422747703051771,2.5387985716068346
10,1800,0.226,2.525193786587252,0.0569966903008932,2.468197096286359,2.582190476888145
10,1800,0.227,2.5692766778899907,0.05598747063357361,2.5132892072564172,2.625264148523564
10,1800,0.228,2.613022694511969,0.054997987916563455,2.5580247065954054,2.668020682428532
10,1800,0.229,2.6564327197276443,0.05402846087970829,2.602404258847936,2.7104611806073526
10,1800,0.23,2.6995076368114814,0.053079113994043255,2.646428522817438,2.752586750805525
10,1800,0.231,2.742248329037931,0.052150177042941816,2.6900981519949894,2.794398506080873
10,1800,0.232,2.7846556796814497,0.05124188460401317,2.7334137950774364,2.835897564285463
10,1800,0.233,2.826730572016497,0.050354475433553744,2.776376096582943,2.8770850474500507
10,1800,0.234,2.8684738893175297,0.049488191745375866,2.818985697572154,2.9179620810629054
10,1800,0.23500000000000001,2.909886514859008,0.048643278376023474,2.8612432364829847,2.9585297932350314
10,1800,0.23600000000000002,2.950969331915382,0.04781998182878901,2.903149350086593,2.998789313744171
10,1800,0.23700000000000002,2.9917232237611167,0.0470185491895901,2.9447046745715264,3.038741772950707
10,1800,0.23800000000000002,3.032149073670663,0.04623922690870069,2.9859098467619622,3.0783883005793635
10,1800,0.23900000000000002,3.072247764918485,0.045482259443581294,3.026765505474904,3.117730024362066
10,1800,0.24000000000000002,3.11202018077903,0.04474788775966296,3.0672722930193674,3.156768068538693
10,1800,0.24100000000000002,3.1514672045267647,0.044036347687922736,3.107430856838842,3.1955035522146873
10,1800,0.24200000000000002,3.190589719436141,0.04334786814047559,3.1472418512956652,3.2339375875766168
10,1800,0.24300000000000002,3.229388608781619,0.04268266918819144,3.1867059395934274,3.2720712779698107
10,1800,0.24400000000000002,3.2678647558376515,0.04204096000752843,3.2258237958301232,3.3099057158451797
10,1800,0.245,3.3060190438787034,0.04142293670731378,3.2645961071713896,3.347441980586017
10,1800,0.246,3.343852356179224,0.04082878005006067,3.303023576129163,3.384681136229285
10,1800,0.247,3.3813655760136756,0.04025865308649615,3.3411069229271795,3.4216242291001717
10,1800,0.248,3.418559586656513,0.039712698726198696,3.378846887930314,3.4582722853827117
10,1800,0.249,3.4554352713821936,0.03919103727146513,3.4162442341107284,3.494626308653659
10,1800,0.25,3.4919935134651743,0.038693763945600035,3.4532997495195743,3.5306872774107743
10,1800,0.251,3.5282351961799137,0.038220946450561566,3.4900142497293523,3.566456142630475
10,1800,0.252,3.5641612028008662,0.037772622592125604,3.5263885802087405,3.601933825392992
10,1800,0.253,3.5997724166024954,0.03734879801323892,3.5624236185892566,3.637121214615734
10,1800,0.254,3.635069720859252,0.03694944407783885,3.598120276781413,3.672019164937091
10,1800,0.255,3.670053998845595,0.03657449594793918,3.633479502897656,3.706628494793534
10,1800,0.256,3.7047261338359805,0.03622385089608143,3.668502282939899,3.7409499847320618
10,1800,0.257,3.7390870091048702,0.03589736689322102,3.7031896422116493,3.7749843759980912
10,1800,0.258,3.773137507926715,0.0355948615087181,3.737542646417997,3.8087323694354334
10,1800,0.259,3.8068785135759775,0.03531611115434788,3.7715624024216297,3.8421946247303254
10,1800,0.26,3.840310909327112,0.035060850698228146,3.805250058628884,3.87537176002534
10,1800,0.261,3.873435578454579,0.0348287734674393,3.8386068049871396,3.9082643519220186
10,1800,0.262,3.90625340423283,0.034619531650114034,3.871633872582716,3.9408729358829437
10,1800,0.263,3.9387652699363267,0.03443273709917975,3.904332532837147,3.9731980070355064
10,1800,0.264,3.970972058839525,0.03426796253107438,3.9367040963084508,4.005240021370599
10,1800,0.265,4.002874654216882,0.034124743103969096,3.9687499111129125,4.036999397320851
10,1800,0.266,4.034473939342855,0.03400257835167139,4.000471360991184,4.068476517694527
10,1800,0.267,4.0657707974919015,0.03390093444177497,4.031869863050127,4.099671731933676
10,1800,0.268,4.096766111938478,0.033819246720060196,4.062946865218418,4.1305853586585375
10,1800,0.269,4.127460765957042,0.033756922497859304,4.093703843459183,4.161217688454901
10,1800,0.27,4.157855642822049,0.03371334403524965,4.124142298786799,4.191568986857298
10,1800,0.271,4.187951625807962,0.03368787167060783,4.154263754137354,4.22163949747857
10,1800,0.272,4.217749598189233,0.033679847046260356,4.184069751142973,4.251429445235493
10,1800,0.273,4.247250443240319,0.033688596380634754,4.213561846859685,4.280939039620954
10,1800,0.274,4.276455044235678,0.03371343373932277,4.242741610496355,4.310168477975
10,1800,0.275,4.305364284449771,0.033753664260635106,4.271610620189136,4.339117948710406
10,1800,0.276,4.333979047157048,0.03380858729534083,4.300170459861707,4.367787634452389
10,1800,0.277,4.362300215631974,0.03387749942510933,4.328422716206864,4.3961777150570835
10,1800,0.278,4.390328673149,0.03395969732946859,4.356368975819532,4.424288370478468
10,1800,0.279,4.418065302982589,0.03405448047663058,4.384010822505958,4.452119783459219
10,1800,0.28,4.445510988407191,0.03416115361909836,4.411349834788093,4.479672142026289
10,1800,0.281,4.472666612697267,0.03427902908037885,4.438387583616889,4.506945641777646
10,1800,0.28200000000000003,4.499533059127275,0.03440742882422413,4.465125630303051,4.533940487951499
10,1800,0.28300000000000003,4.526111210971672,0.03454568630249975,4.491565524669173,4.560656897274172
10,1800,0.28400000000000003,4.5524019515049154,0.03469314808194359,4.5177088034229715,4.587095099586859
10,1800,0.28500000000000003,4.578406164001461,0.03484917525368821,4.543556988747772,4.613255339255149
10,1800,0.28600000000000003,4.604124731735768,0.03501314463244809,4.569111587103319,4.639137876368216
10,1800,0.28700000000000003,4.629558537982292,0.03518444975472767,4.594374088227564,4.66474298773702
10,1800,0.28800000000000003,4.654708466015487,0.035362501687308694,4.619345964328178,4.690070967702796
10,1800,0.28900000000000003,4.679575399109816,0.0355467296586645,4.644028669451152,4.71512212876848
10,1800,0.29000000000000004,4.704160220539734,0.035736581526873985,4.66842363901286,4.739896802066608
10,1800,0.29100000000000004,4.728463813579699,0.03593152409812438,4.692532289481575,4.764395337677824
10,1800,0.29200000000000004,4.752487061504166,0.0361310433100559,4.7163560181941095,4.788618104814222
10,1800,0.29300000000000004,4.776230847587593,0.03633464429407282,4.739896203293521,4.812565491881665
10,1800,0.29400000000000004,4.799696055104439,0.03654185133037804,4.763154203774061,4.8362379064348175
10,1800,0.29500000000000004,4.82288356732916,0.03675220770893429,4.786131359620225,4.859635775038094
10,1800,0.29600000000000004,4.845794267536211,0.03696527550886163,4.808828992027349,4.882759543045072
10,1800,0.29700000000000004,4.868429039000054,0.03718063530798853,4.831248403692065,4.905609674308042
10,1800,0.29800000000000004,4.890788764995142,0.03739788583341785,4.853390879161724,4.928186650828559
10,1800,0.29900000000000004,4.912874328795932,0.037616643563081385,4.87525768523285,4.950490972359014
10,1800,0.30000000000000004,4.9346866136768845,0.03783654228735882,4.896850071389526,4.972523155964243
10,1800,0.30100000000000005,4.956226502912457,0.03805723263895156,4.918169270273505,4.9942837355514085
10,1800,0.30200000000000005,4.977494879777103,0.038278381598342875,4.93921649817876,5.015773261375446
10,1800,0.30300000000000005,4.998492627545282,0.03849967198135474,4.959992955563927,5.036992299526637
10,1800,0.30400000000000005,5.01922062949145,0.03872080191453698,4.980499827576913,5.057941431405987
10,1800,0.30500000000000005,5.039679768890066,0.03894148430340136,5.000738284586665,5.078621253193467
10,1800,0.30600000000000005,5.0598709290155846,0.03916144629784491,5.02070948271774,5.0990323753134295
10,1800,0.30700000000000005,5.079794993142464,0.03938042875849446,5.040414564383969,5.119175421900959
10,1800,0.30800000000000005,5.099452844545165,0.039598185727147225,5.0598546588180175,5.139051030272312
10,1800,0.309,5.118845366498139,0.03981448390398011,5.079030882594159,5.158659850402119
10,1800,0.31,5.137973442275846,0.04002910213375021,5.097944340142096,5.178002544409596
10,1800,0.311,5.156837955152745,0.04024183090280722,5.116596124249938,5.197079786055552
10,1800,0.312,5.17543978840329,0.04045247184838417,5.134987316554906,5.215892260251675
10,1800,0.313,5.19377982530194,0.04066083728132067,5.153118988020619,5.2344406625832605
10,1800,0.314,5.211858949123151,0.04086674972309946,5.170992199400051,5.252725698846251
10,1800,0.315,5.229678043141382,0.041070041457840545,5.188608001683542,5.270748084599222
10,1800,0.316,5.247237990631089,0.041270554099692526,5.205967436531397,5.288508544730782
10,1800,0.317,5.264539674866728,0.041468138175884836,5.223071536690843,5.306007813042613
10,1800,0.318,5.281583979122759,0.04166265272555606,5.239921326397203,5.323246631848315
10,1800,0.319,5.298371786673638,0.041853964914346425,5.256517821759291,5.340225751587984
10,1800,0.32,5.314903980793821,0.042041949664638215,5.272862031129184,5.356945930458459
10,1800,0.321,5.331181444757767,0.04222648930123954,5.288954955456527,5.373407934059006
10,1800,0.322,5.347205061839932,0.04240747321223605,5.304797588627696,5.389612535052168
10,1800,0.323,5.362975715314773,0.04258479752467671,5.320390917790096,5.40556051283945
10,1800,0.324,5.378494288456748,0.0427583647947157,5.335735923662033,5.4212526532514635
10,1800,0.325,5.393761664540314,0.04292808371179555,5.350833580828518,5.4366897482521095
10,1800,0.326,5.408778726839928,0.04309386881643172,5.365684858023496,5.45187259565636
10,1800,0.327,5.423546358630048,0.04325564023113951,5.380290718398909,5.466801998861188
10,1800,0.328,5.438065443185129,0.043413323404032665,5.394652119781097,5.481478766589162
10,1800,0.329,5.4523368637796334,0.043566848864616266,5.408770014915017,5.49590371264425
10,1800,0.33,5.466361503688011,0.04371615199129396,5.422645351696717,5.510077655679305
10,1800,0.331,5.4801402461847255,0.043861172790112694,5.436279073394613,5.524001418974838
10,1800,0.332,5.49367397454423,0.044001855684272305,5.449672118859957,5.537675830228502
10,1800,0.333,5.506963572040982,0.044138149313934796,5.462825422727048,5.551101721354917
10,1800,0.334,5.520009921949441,0.04427000634587878,5.475739915603563,5.56427992829532
10,1800,0.335,5.532813907544064,0.04439738329255501,5.488416524251509,5.577211290836619
10,1800,0.336,5.545376412099306,0.04452024034011211,5.500856171759194,5.589896652439418
10,1800,0.337,5.557698318889626,0.04463854118497501,5.513059777704651,5.602336860074601
10,1800,0.338,5.56978051118948,0.044752252878572936,5.525028258310907,5.614532764068053
10,1800,0.339,5.581623872273326,0.044861345679828454,5.536762526593497,5.626485217953155
10,1800,0.33999999999999997,5.59322928541562,0.04496579291503427,5.548263492500586,5.6381950783306545
10,1800,0.34099999999999997,5.604597633890822,0.04506557084475945,5.5595320630460625,5.649663204735581
10,1800,0.34199999999999997,5.615729800973385,0.04516065853744173,5.570569142435944,5.660890459510827
10,1800,0.34299999999999997,5.626626669937772,0.04525103774933788,5.581375632188434,5.67187770768711
10,1800,0.344,5.637289124058434,0.045336692810518366,5.591952431247916,5.682625816868952
10,1800,0.345,5.647718046609832,0.045417610516607476,5.602300436093224,5.693135657126439
10,1800,0.346,5.657914320866423,0.0454937800259835,5.612420540840439,5.703408100892407
10,1800,0.347,5.667878830102664,0.04556519276216807,5.622313637340496,5.713444022864832
10,1800,0.348,5.677612457593009,0.04563184232114636,5.631980615271862,5.723244299914155
10,1800,0.349,5.687116086611919,0.045693724383373026,5.641422362228546,5.732809810995292
10,1800,0.35,5.696390600433851,0.045750836630230565,5.65063976380362,5.742141437064082
10,1800,0.351,5.70543688233326,0.04580317866471993,5.659633703668541,5.75124006099798
10,1800,0.352,5.714255815584606,0.045850751936172794,5.668405063648433,5.760106567520778
10,1800,0.353,5.722848283462342,0.04589355966878745,5.676954723793555,5.76874184313113
10,1800,0.354,5.731215169240931,0.045931606793799776,5.685283562447132,5.777146776034731
10,1800,0.355,5.739357356194825,0.04596489988511103,5.693392456309714,5.785322256079936
10,1800,0.356,5.747275727598484,0.045993447098203896,5.70128228050028,5.793269174696688
10,1800,0.357,5.754971166726364,0.04601725811218686,5.708953908614177,5.80098842483855
10,1800,0.358,5.762444556852924,0.04603634407481612,5.716408212778108,5.80848090092774
10,1800,0.359,5.769696781252618,0.046050717550352255,5.723646063702265,5.8157474988029705
10,1800,0.36,5.776728723199906,0.04606039247011678,5.730668330729789,5.822789115670022
10,1800,0.361,5.7835412659692444,0.04606538408562085,5.737475881883624,5.829606650054865
10,1800,0.362,5.79013529283509,0.04606570892414635,5.744069583910943,5.836201001759236
10,1800,0.363,5.7965116870719005,0.046061384746664956,5.750450302325236,5.842573071818565
10,1800,0.364,5.802671331954132,0.046052430507988865,5.756618901446143,5.848723762462121
10,1800,0.365,5.808615110756244,0.04603886631905114,5.762576244437192,5.854653977075295
10,1800,0.366,5.814343906752691,0.046020713411220895,5.76832319334147,5.860364620163912
10,1800,0.367,5.8198586032179325,0.045997994102563354,5.773860609115369,5.865856597320496
10,1800,0.368,5.825160083426423,0.04597073176595966,5.779189351660464,5.871130815192383
10,1800,0.369,5.8302492306526235,0.045938950799007255,5.784310279853616,5.876188181451631
10,1800,0.37,5.835126928170988,0.045902676595625344,5.789224251575362,5.8810296047666135
10,1800,0.371,5.839794059255976,0.045861935519294995,5.79393212373668,5.885655994775271
10,1800,0.372,5.844251507182042,0.04581675487786736,5.798434752304175,5.890068262059909
10,1800,0.373,5.848500155223645,0.04576716289987789,5.802732992323767,5.894267318123523
10,1800,0.374,5.852540886655243,0.045713188712307576,5.806827697942936,5.89825407536755
10,1800,0.375,5.856374584751291,0.04565486231973674,5.810719722431554,5.902029447071027
10,1800,0.376,5.860002132786247,0.045592214584839606,5.814409918201407,5.905594347371086
10,1800,0.377,5.863424414034569,0.045525277210171494,5.817899136824397,5.90894969124474
10,1800,0.378,5.866642311770715,0.04545408272120372,5.821188229049511,5.912096394491918
10,1800,0.379,5.8696567092691385,0.04537866445056401,5.824278044818574,5.915035373719703
10,1800,0.38,5.8724684898043,0.045299056523443196,5.827169433280857,5.917767546327743
10,1800,0.381,5.875078536650657,0.045215293844131726,5.829863242806525,5.9202938304947885
10,1800,0.382,5.877487733082664,0.045127412083651945,5.832360320999013,5.922615145166316
10,1800,0.383,5.879696962374781,0.04503544766845477,5.834661514706326,5.9247324100432355
10,1800,0.384,5.881707107801463,0.04493943777015168,5.836767670031311,5.926646545571615
10,1800,0.385,5.883519052637169,0.04483942029625489,5.838679632340914,5.928358472933424
10,1800,0.386,5.885133680156355,0.04473543388190147,5.840398246274454,5.929869114038256
10,1800,0.387,5.886551873633478,0.04462751788253825,5.84192435575094,5.931179391516016
10,1800,0.388,5.887774516342995,0.04451571236754743,5.843258803975448,5.932290228710543
10,1800,0.389,5.888802491559366,0.044400058114793556,5.844402433444572,5.933202549674159
10,1800,0.39,5.889636682557045,0.044280596606075466,5.84535608595097,5.93391727916312
10,1800,0.391,5.890277972610491,0.04415737002346763,5.846120602587024,5.934435342633958
10,1800,0.392,5.89072724499416,0.04403042124653779,5.846696823747623,5.934757666240698
10,1800,0.393,5.89098538298251,0.043899793850428595,5.847085589132082,5.934885176832939
10,1800,0.394,5.891053269849998,0.043765532104793274,5.847287737745204,5.934818801954791
10,1800,0.395,5.890931788871081,0.04362768097357645,5.8473041078975045,5.934559469844657
10,1800,0.396,5.890621823320217,0.04348628611563252,5.847135537204585,5.934108109435849
10,1800,0.397,5.890124256471861,0.04334139388617607,5.846782862585685,5.933465650358037
10,1800,0.398,5.889439971600473,0.043193051339058965,5.8462469202614145,5.932633022939532
10,1800,0.399,5.888569851980509,0.04304130622987159,5.845528545750637,5.93161115821038
10,1800,0.4,5.887514780886425,0.042886207019865376,5.84462857386656,5.930400987906291
10,1800,0.401,5.886275641592681,0.042727802880696074,5.843547838711984,5.929003444473377
10,1800,0.402,5.884853317373732,0.042566143699987645,5.8422871736737445,5.92741946107372
10,1800,0.403,5.883248691504035,0.04240128008771829,5.840847411416317,5.925649971591754
10,1800,0.404,5.88146264725805,0.042233263383430635,5.839229383874619,5.923695910641481
10,1800,0.405,5.87949606791023,0.04206214566426936,5.83743392224596,5.9215582135744995
10,1800,0.406,5.877349836735036,0.04188797975385035,5.835461856981185,5.919237816488886
10,1800,0.40700000000000003,5.875024837006923,0.0417108192319665,5.833314017774956,5.91673565623889
10,1800,0.40800000000000003,5.872521952000348,0.041530718445135596,5.8309912335552125,5.914052670445483
10,1800,0.40900000000000003,5.869842064989769,0.04134773251799722,5.828494332471772,5.911189797507767
10,1800,0.41000000000000003,5.866986059249644,0.04116191736556518,5.825824141884079,5.90814797661521
10,1800,0.41100000000000003,5.86395481805443,0.04097332970634369,5.822981488348087,5.904928147760773
10,1800,0.41200000000000003,5.860749224678583,0.04078202707631523,5.819967197602267,5.901531251754898
10,1800,0.41300000000000003,5.857370162396561,0.04058806784380843,5.816782094552752,5.897958230240369
10,1800,0.41400000000000003,5.85381851448282,0.040391511225255215,5.813427003257565,5.894210025708076
10,1800,0.41500000000000004,5.85009516421182,0.040192417301845855,5.809902746909974,5.8902875815136655
10,1800,0.41600000000000004,5.846200994858015,0.03999084703709115,5.806210147820924,5.886191841895107
10,1800,0.41700000000000004,5.8421368896958645,0.039786862295300686,5.802350027400564,5.881923751991165
10,1800,0.41800000000000004,5.837903731999824,0.03958052586098582,5.798323206138838,5.87748425786081
10,1800,0.41900000000000004,5.833502405044351,0.03937190145919589,5.794130503585155,5.872874306503547
10,1800,0.42000000000000004,5.828933792103904,0.03916105377679528,5.789772738327109,5.8680948458807
10,1800,0.42100000000000004,5.82419877645294,0.03894804848468845,5.7852507279682515,5.863146824937629
10,1800,0.42200000000000004,5.8192982413659164,0.038732952260998744,5.780565289104918,5.858031193626915
10,1800,0.42300000000000004,5.814233070117288,0.03851583281520616,5.775717237302081,5.852748902932494
10,1800,0.42400000000000004,5.809004145981514,0.038296758913246826,5.770707387068267,5.847300904894761
10,1800,0.42500000000000004,5.803612352233051,0.03807580040357623,5.7655365518294746,5.841688152636627
10,1800,0.42600000000000005,5.798058572146357,0.037853028244195126,5.7602055439021616,5.835911600390553
10,1800,0.42700000000000005,5.792343688995889,0.03762851453063539,5.754715174465253,5.829972203526524
10,1800,0.42800000000000005,5.786468586056103,0.0374023325248998,5.749066253531203,5.823870918581004
10,1800,0.42900000000000005,5.780434146601458,0.03717455668534653,5.743259589916111,5.817608703286805
10,1800,0.43000000000000005,5.77424125390641,0.03694526269750547,5.737295991208904,5.811186516603915
10,1800,0.43100000000000005,5.767890791245416,0.036714527505809356,5.731176263739607,5.804605318751226
10,1800,0.43200000000000005,5.761383641892933,0.03648242934621765,5.724901212546715,5.7978660712391505
10,1800,0.43300000000000005,5.7547206891234195,0.03624904777970592,5.718471641343713,5.790969736903126
10,1800,0.43400000000000005,5.747902816211332,0.03601446372658738,5.711888352484745,5.78391727993792
10,1800,0.43500000000000005,5.740930906431129,0.03577875950162657,5.705152146929502,5.7767096659327555
10,1800,0.43600000000000005,5.733805843057265,0.03554201884989749,5.698263824207368,5.769347861907162
10,1800,0.43700000000000006,5.7265285093642,0.03530432698333032,5.69122418238087,5.76183283634753
10,1800,0.43800000000000006,5.719099788626389,0.035065770617881596,5.684034018008507,5.754165559244271
10,1800,0.43900000000000006,5.71152056411829,0.03482643801125243,5.676694126107037,5.746347002129543
10,1800,0.44000000000000006,5.703791719114361,0.03458641900106835,5.669205300113292,5.738378138115429
10,1800,0.44100000000000006,5.695914136889058,0.03434580504342174,5.661568331845636,5.730259941932479
10,1800,0.44200000000000006,5.687888700716838,0.03410468925166476,5.653784011465174,5.721993389968503
10,1800,0.44300000000000006,5.6797162938721595,0.03386316643532546,5.645853127436834,5.713579460307485
10,1800,0.44400000000000006,5.671397799629479,0.0336213331390043,5.637776466490474,5.705019132768483
10,1800,0.44500000000000006,5.662934101263255,0.033379287681090164,5.629554813582164,5.696313388944345
10,1800,0.44600000000000006,5.654326082047942,0.033137130192117115,5.6211889518558245,5.6874632122400595
10,1800,0.44700000000000006,5.645574625257999,0.032894962652561484,5.612679662605437,5.678469587910561
10,1800,0.44800000000000006,5.636680614167884,0.03265288892985829,5.6040277252380255,5.669333503097742
10,1800,0.44900000000000007,5.627644932052052,0.03241101481439141,5.59523391723766,5.660055946866443
10,1800,0.45000000000000007,5.618468462184961,0.03216944805418726,5.586299014130774,5.650637910239149
10,1800,0.45100000000000007,5.6091520878410694,0.03192829838801496,5.577223789453054,5.641080386229085
10,1800,0.45199999999999996,5.599696692294834,0.03168767757656718,5.568009014718267,5.631384369871401
10,1800,0.45299999999999996,5.590103158820711,0.031447699431365786,5.558655459389345,5.6215508582520775
10,1800,0.45399999999999996,5.580372370693158,0.031208479841005464,5.549163890852152,5.611580850534163
10,1800,0.45499999999999996,5.570505211186632,0.030970136794313863,5.539535074392319,5.601475347980946
10,1800,0.45599999999999996,5.560502563575591,0.03073279039997378,5.529769773175618,5.591235353975565
10,1800,0.45699999999999996,5.550365311134492,0.030496562902116164,5.519868748232375,5.580861874036608
10,1800,0.45799999999999996,5.540094337137791,0.030261578691356428,5.509832758446435,5.570355915829148
10,1800,0.45899999999999996,5.529690524859947,0.03002796431070891,5.499662560549238,5.559718489170656
10,1800,0.45999999999999996,5.519154757575416,0.02979584845577652,5.489358909119639,5.548950606031193
10,1800,0.46099999999999997,5.508487918558656,0.029565361968574826,5.478922556590081,5.538053280527231
10,1800,0.46199999999999997,5.497690891084123,0.029336637824312468,5.468354253259811,5.527027528908436
10,1800,0.46299999999999997,5.486764558426275,0.029109811110413383,5.457654747315861,5.5158743695366885
10,1800,0.46399999999999997,5.475709803859569,0.02888501899703209,5.446824784862537,5.5045948228566015
10,1800,0.46499999999999997,5.464527510658463,0.02866240069828077,5.435865109960183,5.493189911356744
10,1800,0.46599999999999997,5.453218562097414,0.0284420974233585,5.424776464674055,5.481660659520772
10,1800,0.46699999999999997,5.441783841450878,0.028224252316748268,5.413559589134129,5.4700080937676265
10,1800,0.46799999999999997,5.430224231993313,0.028009010386628296,5.402215221606685,5.458233242379942
10,1800,0.469,5.418540616999176,0.02779651842063151,5.390744098578545,5.446337135419808
10,1800,0.47,5.406733879742926,0.027586924888082086,5.379146954854844,5.434320804631008
10,1800,0.471,5.394804903499017,0.027380379827842007,5.367424523671175,5.422185283326859
10,1800,0.472,5.382754571541907,0.027177034720915396,5.355577536820992,5.409931606262822
10,1800,0.473,5.370583767146056,0.02697704234698464,5.343606724799071,5.397560809493041
10,1800,0.474,5.3582933735859175,0.026780556624092608,5.331512816961825,5.38507393021001
10,1800,0.475,5.345884274135951,0.026587732430739915,5.319296541705211,5.372472006566691
10,1800,0.476,5.333357352070613,0.026398725409737627,5.306958626660875,5.359756077480351
10,1800,0.477,5.320713490664361,0.02621369175324458,5.294499798911117,5.3469271824176055
10,1800,0.478,5.307953573191653,0.026032787968526587,5.281920785223126,5.333986361160179
10,1800,0.479,5.295078482926944,0.02585617062410238,5.269222312302841,5.3209346535510464
10,1800,0.48,5.282089103144693,0.025683996076089795,5.256405107068603,5.307773099220783
10,1800,0.481,5.268986317119356,0.02551642017473524,5.24346989694462,5.294502737294091
10,1800,0.482,5.255771008125391,0.025353597951300124,5.230417410174091,5.281124606076691
10,1800,0.483,5.242444059437255,0.025195683285689358,5.217248376151566,5.267639742722944
10,1800,0.484,5.229006354329404,0.025042828555437876,5.2039635257739665,5.254049182884842
10,1800,0.485,5.215458776076298,0.02489518426692023,5.190563591809378,5.240353960343218
10,1800,0.486,5.201802207952393,0.024752898669912895,5.17704930928248,5.226555106622306
10,1800,0.487,5.188037533232145,0.024616117356916357,5.163421415875229,5.212653650589061
10,1800,0.488,5.174165635190012,0.024484982848930675,5.149680652341082,5.1986506180389425
10,1800,0.489,5.160187397100452,0.024359634169668992,5.1358277629307825,5.184547031270121
10,1800,0.49,5.14610370223792,0.024240206410484334,5.121863495827436,5.170343908648404
10,1800,0.491,5.131915433876876,0.02412683028856904,5.107788603588307,5.156042264165445
10,1800,0.492,5.117623475291776,0.02401963170125793,5.093603843590518,5.141643106993033
10,1800,0.493,5.103228709757076,0.02391873127951883,5.079309978477557,5.127147441036595
10,1800,0.494,5.088732020547234,0.023824243943939952,5.064907776603294,5.112556264491174
10,1800,0.495,5.074134290936708,0.023736278466716818,5.050398012469992,5.097870569403425
10,1800,0.496,5.059436404199955,0.023654937043293845,5.035781467156661,5.083091341243249
10,1800,0.497,5.044639243611432,0.023580314877422175,5.02105892873401,5.068219558488853
10,1800,0.498,5.029743692445595,0.023512499783448756,5.006231192662146,5.0532561922290435
10,1800,0.499,5.014750633976903,0.023451571809648512,4.991299062167255,5.038202205786551
10,1800,0.5,4.999660951479813,0.023397602886346548,4.976263348593466,5.023058554366159
10,1800,0.501,4.9844755282287805,0.02335065650244968,4.961124871726331,5.00782618473123
10,1800,0.502,4.969195247498265,0.023310787413814073,4.945884460084451,4.992506034912078
10,1800,0.503,4.953820992562722,0.023278041386620547,4.930542951176101,4.977099033949343
10,1800,0.504,4.938353646696609,0.02325245497861259,4.915101191717997,4.961606101675222
10,1800,0.505,4.922794093174384,0.02323405536067972,4.899560037813704,4.946028148535064
10,1800,0.506,4.907143215270502,0.023222860180845933,4.883920355089656,4.9303660754513485
10,1800,0.507,4.891401896259424,0.02321887747225782,4.868183018787167,4.914620773731682
10,1800,0.508,4.875571019415604,0.023222105606267987,4.852348913809336,4.898793125021872
10,1800,0.509,4.859651468013501,0.023232533291187636,4.836418934722314,4.882884001304689
10,1800,0.51,4.843644125327572,0.02325013961674735,4.820393985710824,4.866894264944319
10,1800,0.511,4.827549874632273,0.02327489414376997,4.804274980488502,4.850824768776043
10,1800,0.512,4.811369599202061,0.0233067570380339,4.788062842164027,4.834676356240095
10,1800,0.513,4.795104182311396,0.023345679246801684,4.771758503064594,4.818449861558197
10,1800,0.514,4.778754507234732,0.023391602716016258,4.755362904518716,4.802146109950748
10,1800,0.515,4.762321457246527,0.02344446064573627,4.738876996600791,4.785765917892263
10,1800,0.516,4.74580591562124,0.023504177780999724,4.72230173784024,4.76931009340224
10,1800,0.517,4.7292087656333255,0.023570670734978354,4.705638094898347,4.752779436368304
10,1800,0.518,4.712530890557242,0.02364384834101856,4.688887042216224,4.736174738898261
10,1800,0.519,4.695773173667448,0.02372361202996147,4.672049561637487,4.71949678569741
10,1800,0.52,4.6789364982384,0.023809856228995507,4.655126642009405,4.702746354467395
10,1800,0.521,4.662021747544554,0.023902468778219898,4.638119278766333,4.685924216322774
10,1800,0.522,4.645029804860368,0.02400133136108403,4.621028473499284,4.669031136221451
10,1800,0.523,4.627961553460299,0.02410631994491271,4.603855233515386,4.652067873405212
10,1800,0.524,4.610817876618804,0.02421730522782578,4.586600571390979,4.6350351818466295
10,1800,0.525,4.5935996576103415,0.024334153088507022,4.569265504521835,4.617933810698848
10,1800,0.526,4.576307779709367,0.02445672503546526,4.551851054673902,4.6007645047448325
10,1800,0.527,4.5589431261903375,0.024584878652653172,4.534358247537685,4.58352800484299
10,1800,0.528,4.541506580327712,0.02471846803855955,4.516788112289152,4.566225048366272
10,1800,0.529,4.5239990253959474,0.024857344236161743,4.499141681159785,4.54885636963211
10,1800,0.53,4.5064213446695005,0.025001355651409665,4.481419989018091,4.53142270032091
10,1800,0.531,4.488774421422828,0.025150348458204658,4.463624072964623,4.513924769881032
10,1800,0.532,4.4710591389303875,0.025304166988130258,4.445754971942257,4.496363305918518
10,1800,0.533,4.453276380466636,0.025462654103481464,4.427813726363154,4.4787390345701175
10,1800,0.534,4.43542702930603,0.025625651552420494,4.40980137775361,4.461052680858451
10,1800,0.535,4.417511968723029,0.02579300030535596,4.391718968417673,4.443304969028385
10,1800,0.536,4.3995320819920885,0.0259645408718962,4.373567541120193,4.425496622863984
10,1800,0.537,4.3814882523876655,0.026140113597963015,4.355348138789703,4.407628365985628
10,1800,0.538,4.363381363184217,0.026319558942868547,4.3370618042413485,4.389700922127086
10,1800,0.539,4.345212297656202,0.026502717736353223,4.318709579919849,4.371715015392555
10,1800,0.54,4.326981939078076,0.0266894314157572,4.300292507662318,4.353671370493833
10,1800,0.541,4.308691170724297,0.026879542243650304,4.281811628480647,4.3355707129679475
10,1800,0.542,4.2903408758693224,0.02707289350637769,4.263267982362945,4.3174137693757
10,1800,0.543,4.271931937787609,0.02726932969408966,4.2446626080935195,4.299201267481698
10,1800,0.544,4.253465239753614,0.02746869666291681,4.225996543090697,4.28093393641653
10,1800,0.545,4.234941665041793,0.027670841780025615,4.2072708232617675,4.262612506821819
10,1800,0.546,4.2163620969266065,0.027875614052347033,4.18848648287426,4.244237710978953
10,1800,0.547,4.1977274186825095,0.028082864239813158,4.169644554442696,4.225810282922323
10,1800,0.548,4.17903851358396,0.028292444953964862,4.150746068629995,4.207330958537924
10,1800,0.549,4.160296264905414,0.028504210742809885,4.131792054162604,4.1888004756482236
10,1800,0.55,4.14150155592133,0.028718018162815676,4.1127835377585145,4.170219574084146
10,1800,0.551,4.122655269906165,0.028933725838917523,4.093721544067248,4.151588995745082
10,1800,0.552,4.103758290134376,0.029151194513409973,4.074607095620966,4.1329094846477865
10,1800,0.553,4.08481149988042,0.029370287084571046,4.055441212795849,4.114181786964991
10,1800,0.554,4.065815782418755,0.029590868635844102,4.036224913782911,4.095406651054599
10,1800,0.555,4.046772021023838,0.02981280645637337,4.016959214567464,4.076584827480211
10,1800,0.556,4.027681098970125,0.03003597005365693,3.997645128916468,4.057717069023782
10,1800,0.557,4.008543899532073,0.03026023115904582,3.9782836683730274,4.038804130691119
10,1800,0.558,3.989361305984142,0.030485463726781323,3.9588758422573607,4.019846769710924
10,1800,0.559,3.970134201600787,0.0307115439272245,3.9394226576735627,4.000845745528012
10,1800,0.56,3.9508634696564644,0.030938350134893558,3.919925119521571,3.981801819791358
10,1800,0.561,3.9315499934256346,0.031165762911886177,3.9003842305137484,3.962715756337521
10,1800,0.562,3.912194656182751,0.031393664987225636,3.8808009911955255,3.943588321169977
10,1800,0.5630000000000001,3.8927983412022735,0.03162194123263229,3.8611763999696413,3.9244202824349057
10,1800,0.5640000000000001,3.8733619317586587,0.0318504786351852,3.8415114531234735,3.905212410393844
10,1800,0.5650000000000001,3.8538863111263635,0.032079166267303796,3.8218071448590596,3.8859654773936674
10,1800,0.5660000000000001,3.834372362579845,0.03230789525444528,3.8020644673254,3.86668025783429
10,1800,0.5670000000000001,3.8148209693935606,0.03253655874088119,3.7822844106526796,3.8473575281344417
10,1800,0.5680000000000001,3.7952330148419673,0.03276505185388599,3.7624679629880813,3.8279980666958533
10,1800,0.5690000000000001,3.775609382199522,0.03299327166664112,3.742616110532881,3.808602653866163
10,1800,0.5700000000000001,3.7559509547406833,0.03322111716013067,3.7227298375805526,3.789172071900814
10,1800,0.5710000000000001,3.7362586157399074,0.03344848918427936,3.702810126555628,3.7697071049241866
10,1800,0.5720000000000001,3.716533248471651,0.0336752904185589,3.682857958053092,3.75020853889021
10,1800,0.5730000000000001,3.6967757362103715,0.03390142533226695,3.6628743108781046,3.7306771615426384
10,1800,0.5740000000000001,3.676986962230527,0.034126800144661774,3.6428601620858654,3.711113762375189
10,1800,0.5750000000000001,3.6571678098065745,0.034351322785116614,3.622816487021458,3.691519132591691
10,1800,0.5760000000000001,3.637319162212971,0.03457490285343968,3.602744259359531,3.6718940650664105
10,1800,0.5770000000000001,3.617441902724173,0.034797451580489774,3.5826444511436835,3.6522393543046627
10,1800,0.5780000000000001,3.5975369146146385,0.03501888178920225,3.5625180328254364,3.6325557964038406
10,1800,0.5790000000000001,3.5776050811588247,0.035239107856126106,3.5423659733026986,3.6128441890149507
10,1800,0.58,3.5576472856311905,0.03545804567356104,3.5221892399576293,3.5931053313047516
10,1800,0.581,3.537664411306189,0.03567561261237118,3.5019887986938176,3.5733400239185604
10,1800,0.582,3.5176573414582792,0.035891727485542216,3.481765613972737,3.5535490689438216
10,1800,0.583,3.497626959361919,0.03610631051253952,3.4615206488493797,3.5337332698744586
10,1800,0.584,3.477574148291566,0.036319283284515655,3.4412548650070502,3.5138934315760815
10,1800,0.585,3.457499791521676,0.036530568730408886,3.420969222791267,3.494030360252085
10,1800,0.586,3.437404772326707,0.036740091083966676,3.4006646812427404,3.4741448634106735
10,1800,0.587,3.4172899739811164,0.036947775851722944,3.3803421981293935,3.4542377498328394
10,1800,0.588,3.397156279759361,0.03715354978195151,3.3600027299774093,3.4343098295413124
10,1800,0.589,3.377004572935898,0.03735734083461397,3.3396472321012842,3.414361913770512
10,1800,0.59,3.356835736785184,0.0375590781523159,3.319276658632868,3.3943948149375003
10,1800,0.591,3.3366506545816783,0.03775869203228122,3.298891962549397,3.3744093466139597
10,1800,0.592,3.316450209599836,0.037956113899351884,3.278494095700484,3.354406323499188
10,1800,0.593,3.296235285114115,0.03815127628001659,3.258084008834098,3.3343865613941315
10,1800,0.594,3.2760067643989723,0.03834411277747038,3.237662651621502,3.3143508771764427
10,1800,0.595,3.2557655307288655,0.03853455804770462,3.2172309726811608,3.2943000887765703
10,1800,0.596,3.235512467378252,0.03872254777662518,3.1967899196016267,3.2742350151548774
10,1800,0.597,3.2152484576215885,0.03890801865819536,3.1763404389633934,3.2541564762797837
10,1800,0.598,3.1949743847333325,0.03909090837359878,3.1558834763597337,3.2340652931069314
10,1800,0.599,3.1746911319879407,0.039271155571416715,3.135419976416524,3.2139622875593576
10,1800,0.6,3.1543995826598707,0.039448699848813676,3.114950882811057,3.1938482825086845
10,1800,0.601,3.1341006200235793,0.03962348173372457,3.0944771382898546,3.173724101757304
10,1800,0.602,3.1137951273535247,0.039795442668036356,3.0739996846854885,3.153590570021561
10,1800,0.603,3.0934839879241633,0.0399645249917575,3.053519462932406,3.133448512915921
10,1800,0.604,3.0731680850099523,0.040130671928167945,3.0330374130817845,3.11329875693812
10,1800,0.605,3.052848301885349,0.04029382756994322,3.012554474315406,3.0931421294552925
10,1800,0.606,3.0325255218248106,0.04045393686624597,2.992071584958565,3.0729794586910564
10,1800,0.607,3.012200628102795,0.04061094561077935,2.9715896824920156,3.0528115737135746
10,1800,0.608,2.9918745039937584,0.04076480043079688,2.9511097035629614,3.0326393044245554
10,1800,0.609,2.971548032772158,0.04091544877706393,2.930632583995094,3.012463481549222
10,1800,0.61,2.9512220977124515,0.04106283891476741,2.910159258797684,2.992284936627219
10,1800,0.611,2.930897582089097,0.04120691991537041,2.8896906621737264,2.972104502004467
10,1800,0.612,2.9105753691765495,0.04134764164941009,2.8692277275271394,2.9519230108259595
10,1800,0.613,2.8902563422492675,0.04148495478023749,2.84877138746903,2.931741297029505
10,1800,0.614,2.869941384581708,0.04161881075870008,2.8283225738230082,2.911560195340408
10,1800,0.615,2.8496313794483292,0.0417491618187678,2.8078822176295613,2.891380541267097
10,1800,0.616,2.8293272101235862,0.041875960974105904,2.7874512491494805,2.871203171097692
10,1800,0.617,2.809029759881938,0.04199916201559803,2.76703059786634,2.851028921897536
10,1800,0.618,2.7887399119978413,0.042118719509825556,2.746621192488016,2.8308586315076667
10,1800,0.619,2.7684585497457532,0.0422345887985097,2.7262239609472436,2.810693138544263
10,1800,0.62,2.748186556400131,0.042346725998925284,2.7058398304012057,2.790533282399056
10,1800,0.621,2.727924815235432,0.042455088005295946,2.685469727230136,2.7703799032407277
10,1800,0.622,2.707674209526112,0.04255963249118299,2.665114577034929,2.7502338420172947
10,1800,0.623,2.6874356225466305,0.04266031791288138,2.644775304633749,2.730095940459512
10,1800,0.624,2.6672099375714438,0.04275710351383839,2.6244528340576054,2.709967041085282
10,1800,0.625,2.6469980378750075,0.04284994933011264,2.604148088544895,2.68984798720512
10,1800,0.626,2.626800806731781,0.04293881619689257,2.5838619905348885,2.669739622928674
10,1800,0.627,2.6066191274162214,0.04302366575609659,2.5635954616601246,2.649642793172318
10,1800,0.628,2.5864538832027852,0.04310446046507845,2.5433494227377067,2.629558343667864
10,1800,0.629,2.5663059573659286,0.043181163606464124,2.5231247937594645,2.6094871209723927
10,1800,0.63,2.5461762331801103,0.043253739299148844,2.5029224938809613,2.5894299724792593
10,1800,0.631,2.5260655939197876,0.04332215251048576,2.4827434414093017,2.5693877464302735
10,1800,0.632,2.5059749228594166,0.043386369069699685,2.462588553789717,2.549361291929116
10,1800,0.633,2.4859051032734545,0.04344635568256297,2.4424587475908917,2.5293514589560173
10,1800,0.634,2.4658570184363597,0.04350207994737298,2.422354938488987,2.5093590983837326
10,1800,0.635,2.4458315516225886,0.043553510372273875,2.4022780412503146,2.4893850619948625
10,1800,0.636,2.425829586106599,0.043600616393968575,2.3822289697126307,2.4694302025005674
10,1800,0.637,2.4058520051628474,0.043643368397870454,2.362208636764977,2.4494953735607177
10,1800,0.638,2.3858996920657907,0.04368173773974719,2.3422179543260433,2.429581429805538
10,1800,0.639,2.3659735300898874,0.04371569676891388,2.3222578333209736,2.4096892268588013
10,1800,0.64,2.3460744025095934,0.04374521885303564,2.302329183656558,2.389819621362629
10,1800,0.641,2.3262031925993667,0.04377027840460435,2.282432914194762,2.3699734710039713
10,1800,0.642,2.306360783633664,0.04379085090915893,2.262569932724505,2.350151634542823
10,1800,0.643,2.286548058886943,0.043806912955322255,2.2427411459316207,2.3303549718422656
10,1800,0.644,2.2667659016336614,0.04381844226673365,2.2229474593669276,2.3105843439003952
10,1800,0.645,2.2470151951482746,0.04382541773596005,2.2031897774123146,2.2908406128842347
10,1800,0.646,2.2272968227052417,0.04382781946047508,2.183469003244767,2.2711246421657165
10,1800,0.647,2.2076116675790183,0.04382562878080018,2.163786038798218,2.2514372963598186
10,1800,0.648,2.187960613044063,0.04381882832090871,2.1441417847231543,2.2317794413649716
10,1800,0.649,2.1683445423748315,0.04380740203099921,2.1245371403438322,2.212151944405831
10,1800,0.65,2.1487643388457824,0.04379133523275157,2.104973003613031,2.192555674078534
10,1800,0.651,2.129220885731373,0.04377061466718604,2.085450271064187,2.1729915003985587
10,1800,0.652,2.1097150663060593,0.04374522854525295,2.0659698377608064,2.153460294851312
10,1800,0.653,2.0902477638442987,0.04371516660128805,2.0465325972430106,2.1339629304455867
10,1800,0.654,2.0708198616205493,0.0436804201494771,2.027139441471072,2.1145002817700265
10,1800,0.655,2.0514322429092684,0.04364098214348153,2.007791260765787,2.09507322505275
10,1800,0.656,2.032085790984912,0.043596847239385964,1.9884889437455262,2.0756826382242983
10,1800,0.657,2.0127813891219377,0.04354801186213794,1.9692333772597999,2.0563294009840756
10,1800,0.658,1.993519920594803,0.04349447427565983,1.9500254463191433,2.037014394870463
10,1800,0.659,1.9743022686779648,0.043436234656823766,1.930866034021141,2.0177385033347885
10,1800,0.66,1.955129316645881,0.04337329517349054,1.9117560214723903,1.9985026118193716
10,1800,0.661,1.9360019477730082,0.0433056600668256,1.8926962877061826,1.9793076078398337
10,1800,0.662,1.9169210453338037,0.04323333573811648,1.8736877095956872,1.9601543810719202
10,1800,0.663,1.8978874926027252,0.04315633084032875,1.8547311617623965,1.9410438234430538
10,1800,0.664,1.8789021728542288,0.04307465637465056,1.8358275164795783,1.9219768292288792
10,1800,0.665,1.8599659693627721,0.04298832579228882,1.8169776435704834,1.9029542951550609
10,1800,0.666,1.8410797654028128,0.04289735510179457,1.7981824103010182,1.8839771205046074
10,1800,0.667,1.822244444248808,0.04280176298220896,1.7794426812665989,1.865046207231017
10,1800,0.668,1.8034608891752149,0.04270157090233647,1.7607593182728785,1.8461624600775512
10,1800,0.669,1.7847299834564903,0.04259680324646706,1.7421331802100233,1.8273267867029572
10,1800,0.67,1.766052610367091,0.04248748744688454,1.7235651229202065,1.8085400978139756
10,1800,0.671,1.747429653181476,0.0423736541235145,1.7050559990579615,1.7898033073049904
10,1800,0.672,1.7288619951741007,0.04225533723108106,1.6866066579430197,1.7711173324051817
10,1800,0.673,1.7103505196194235,0.04213257421415786,1.6682179454052657,1.7524830938335814
10,1800,0.674,1.6918961097919005,0.042005406170515104,1.6498907036213855,1.7339015159624156
10,1800,0.675,1.673499648965989,0.04187387802318002,1.631625770942809,1.715373526989169
10,1800,0.676,1.6551620204161477,0.04173803870164393,1.6134239817145037,1.6969000591177916
10,1800,0.6769999999999999,1.636884107416835,0.04159794133266417,1.5952861660841708,1.6784820487494991
10,1800,0.6779999999999999,1.6186667932425025,0.041453643441122345,1.5772131498013802,1.6601204366836249
10,1800,0.6789999999999999,1.6005109611676112,0.041305207161414385,1.5592057540061968,1.6418161683290255
10,1800,0.6799999999999999,1.5824174944666185,0.04115269945985778,1.5412647950067608,1.6235701939264762
10,1800,0.6809999999999999,1.564387276413981,0.04099619236861167,1.5233910840453693,1.6053834687825927
10,1800,0.6819999999999999,1.5464211902841554,0.04083576323161106,1.5055854270525444,1.5872569535157663
10,1800,0.6829999999999999,1.5285201193515985,0.040671494963019895,1.4878486243885787,1.5691916143146183
10,1800,0.6839999999999999,1.5106849468907702,0.040503476318708126,1.470181470572062,1.5511884232094784
10,1800,0.6849999999999999,1.4929165561761253,0.040331802181251264,1.452584753994874,1.5332483583573766
10,1800,0.6859999999999999,1.4752158304821206,0.04015657385894094,1.4350592566231797,1.5153724043410615
10,1800,0.6869999999999999,1.4575836530832156,0.03997789939927703,1.4176057536839386,1.4975615524824926
10,1800,0.688,1.4400209072538648,0.039795893917386874,1.400225013336478,1.4798168011712516
10,1800,0.689,1.4225284762685289,0.03961067993978136,1.3829177963287476,1.4621391562083101
10,1800,0.69,1.4051072434016607,0.03942238776381347,1.3656848556378471,1.4445296311654743
10,1800,0.691,1.3877580919277204,0.039231155833145,1.3485269360945753,1.4269892477608654
10,1800,0.692,1.3704819051211659,0.03903713112945646,1.3314447739917095,1.4095190362506222
10,1800,0.693,1.353279566256452,0.038840469580543865,1.3144390966759083,1.3921200358369958
10,1800,0.694,1.3361519586080361,0.03864133648483884,1.2975106221231973,1.374793295092875
10,1800,0.695,1.319099965450377,0.03843990695225783,1.2806600584981191,1.3575398724026349
10,1800,0.696,1.3021244700579313,0.038236366361131736,1.2638881036967995,1.3403608364190631
10,1800,0.697,1.2852263557051553,0.038030910830784,1.2471954448743714,1.3232572665359392
10,1800,0.698,1.268406505666508,0.037823747709112274,1.2305827579573956,1.3062302533756203
10,1800,0.699,1.251665803216445,0.03761509607428032,1.2140507071421647,1.2892808992907252
10,1800,0.7,1.2350051316294244,0.037405187249340104,1.1975999443800842,1.2724103188787645
10,1800,0.701,1.218425374179903,0.03719426532827566,1.1812311088516272,1.2556196395081787
10,1800,0.702,1.2019274141423362,0.03698258771158547,1.1649448264307507,1.2389100018539216
10,1800,0.703,1.1855121347911854,0.03677042564909632,1.148741709142089,1.2222825604402818
10,1800,0.704,1.1691804194009041,0.03655806478722404,1.13262235461368,1.2057384841881282
10,1800,0.705,1.1529331512459517,0.036345805717362754,1.116587345528589,1.1892789569633144
10,1800,0.706,1.136771213600784,0.03613396452149285,1.100637249079291,1.1729051781222768
10,1800,0.707,1.1206954897398593,0.03592287331044485,1.0847726164294145,1.1566183630503042
10,1800,0.708,1.1047068629376335,0.03571288074954359,1.06899398218809,1.140419743687177
10,1800,0.709,1.0888062164685652,0.03550435256558554,1.0533018639029796,1.1243105690341508
10,1800,0.71,1.0729944336071102,0.03529767202827362,1.0376967615788366,1.1082921056353838
10,1800,0.711,1.057272397627727,0.03509324039835666,1.0221791572293704,1.0923656380260836
10,1800,0.712,1.0416409918048717,0.03489147733380174,1.0067495144710699,1.0765324691386735
10,1800,0.713,1.0261010994130024,0.03469282124438141,0.991408278168621,1.0607939206573838
10,1800,0.714,1.0106536037265763,0.03449772958410028,0.9761558741424761,1.0451513333106766
10,1800,0.715,0.9952993880200506,0.034306679069939096,0.9609927089501115,1.0296060670899896
10,1800,0.716,0.9800393355678813,0.034120165814486667,0.9459191697533946,1.0141595013823679
10,1800,0.717,0.9648743296445272,0.03393870535919482,0.9309356242853324,0.9988130350037221
10,1800,0.718,0.9498052535244439,0.03376283259426756,0.9160424209301763,0.9835680861187115
10,1800,0.719,0.9348329904820902,0.033593101550629924,0.9012398889314603,0.9684260920327201
10,1800,0.72,0.9199584237919217,0.03343008504906595,0.8865283387428557,0.9533885088409877
10,1800,0.721,0.9051824367283974,0.03327437419152676,0.8719080625368706,0.9384568109199242
10,1800,0.722,0.8905059125659737,0.03312657767984865,0.857379334886125,0.9236324902458223
10,1800,0.723,0.8759297345791074,0.03298732094775366,0.8429424136313537,0.9089170555268611
10,1800,0.724,0.861454786042256,0.032857245093090674,0.8285975409491654,0.8943120311353466
10,1800,0.725,0.8470819502298771,0.03273700559887664,0.8143449446310005,0.8798189558287537
10,1800,0.726,0.832812110416426,0.03262727083386318,0.8001848395825628,0.8654393812502892
10,1800,0.727,0.818646149876363,0.0325287203261244,0.7861174295502386,0.8511748702024874
10,1800,0.728,0.8045849518841423,0.03244204280655762,0.7721429090775846,0.8370269946906999
10,1800,0.729,0.7906293997142243,0.032367934023205334,0.7582614656910189,0.8229973337374297
10,1800,0.73,0.7767803766410636,0.03230709433191711,0.7444732823091464,0.8090874709729807
10,1800,0.731,0.763038765939118,0.032260226074002835,0.7307785398651152,0.7952989920131208
10,1800,0.732,0.7494054508828445,0.032228030757089236,0.7171774201257552,0.7816334816399337
10,1800,0.733,0.7358813147467028,0.0322112060612324,0.7036701086854704,0.7680925208079352
10,1800,0.734,0.7224672408051453,0.03221044269828562,0.6902567981068597,0.754677683503431
10,1800,0.735,0.709164112332633,0.032226421158359025,0.6769376911742739,0.741390533490992
10,1800,0.736,0.6959728126036216,0.0322598083826949,0.6637130042209267,0.7282326209863166
10,1800,0.737,0.68289422489257,0.03231125440716126,0.6505829704854087,0.7152054792997313
10,1800,0.738,0.6699292324739331,0.032381389024575165,0.6375478434493579,0.7023106214985083
10,1800,0.739,0.6570787186221695,0.03247081851695584,0.6246079001052136,0.6895495371391254
10,1800,0.74,0.6443435666117356,0.03258012251035578,0.6117634441013798,0.6769236891220914
10,1800,0.741,0.63172465971709,0.032709851004951544,0.5990148087121385,0.6644345107220415
10,1800,0.742,0.6192228812126878,0.03286052163148559,0.5863623595812022,0.6520834028441733
10,1800,0.743,0.6068391143729883,0.03303261718189953,0.5738064971910888,0.6398717315548879
10,1800,0.744,0.594574242472447,0.03322658345713926,0.5613476590153077,0.6278008259295862
10,1800,0.745,0.5824291487855223,0.033442827468775235,0.5489863213167471,0.6158719762542976
10,1800,0.746,0.5704047165866706,0.033681716023486984,0.5367230005631836,0.6040864326101576
10,1800,0.747,0.5585018291503511,0.03394357471089399,0.5245582544394571,0.592445403861245
10,1800,0.748,0.5467213697510176,0.03422868730601927,0.5124926824449983,0.5809500570570368
10,1800,0.749,0.5350642216631295,0.034537295588219746,0.5005269260749098,0.5696015172513492
10,1800,0.75,0.5235312681611429,0.03486959956909391,0.488661668592049,0.5584008677302368
10,1800,0.751,0.5121233925195171,0.03522575811304868,0.47689763440646843,0.5473491506325658
10,1800,0.752,0.5008414780127063,0.03560588992620652,0.4652355880864998,0.5364473679389128
10,1800,0.753,0.48968640791517026,0.03601007488243359,0.4536763330327367,0.5256964827976038
10,1800,0.754,0.4786590655013657,0.03643835564967609,0.44222070985168965,0.5150974211510418
10,1800,0.755,0.46776033404574824,0.03689073957563091,0.4308695944701173,0.5046510736213792
10,1800,0.756,0.4569910968227775,0.037367200789099185,0.41962389603367833,0.49435829761187666
10,1800,0.757,0.4463522371069081,0.037867682472148056,0.40848455463476,0.48421991957905614
10,1800,0.758,0.4358446381725981,0.03839209925835023,0.39745253891424787,0.47423673743094835
10,1800,0.759,0.42546918329430605,0.038940339713733306,0.38652884358057277,0.46440952300803934
10,1800,0.76,0.4152267557464876,0.03951226885947522,0.37571448688701237,0.4547390246059628
10,1800,0.761,0.40511823880360065,0.04010773069861592,0.3650105081049847,0.4452259695022166
10,1800,0.762,0.3951445157401031,0.04072655071291084,0.35441796502719225,0.435871066453014
10,1800,0.763,0.3853064698304509,0.04136853830021144,0.3439379315302395,0.42667500813066234
10,1800,0.764,0.37560498434910106,0.04203348912723171,0.33357149522186935,0.41763847347633276
10,1800,0.765,0.36604094257051245,0.04272118737706482,0.32331975519344763,0.40876212994757727
10,1800,0.766,0.3566152277691408,0.04343140787521116,0.3131838198939296,0.40004663564435194
10,1800,0.767,0.3473287232194452,0.04416391808203919,0.303164805137406,0.39149264130148437
10,1800,0.768,0.3381823121958788,0.04491847994344428,0.2932638322524345,0.3831007921393231
10,1800,0.769,0.32917687797290174,0.045694851594925895,0.2834820263779758,0.37487172956782766
10,1800,0.77,0.3203133038249716,0.046492788917344624,0.27382051490762693,0.36680609274231624
10,1800,0.771,0.31159247302654736,0.0473120469452215,0.26428042608132585,0.35890451997176887
10,1800,0.772,0.30301526885207974,0.0481523811306192,0.25486288772146054,0.35116764998269895
10,1800,0.773,0.2945825745760323,0.049013548467402426,0.2455690261086299,0.34359612304343473
10,1800,0.774,0.28629527347285977,0.04989530848205317,0.2363999649908066,0.3361905819549129
10,1800,0.775,0.2781542488170188,0.05079742409824088,0.22735682471877788,0.3289516729152597
10,1800,0.776,0.2701603838829676,0.051719662383064566,0.218440721499903,0.32188004626603217
10,1800,0.777,0.26231456194516145,0.05266179518332706,0.2096527667618344,0.3149763571284885
10,1800,0.778,0.2546176662780619,0.053623599660419664,0.20099406661764227,0.3082412659384816
10,1800,0.779,0.24707058015612204,0.05460485873241776,0.19246572142370427,0.3016754388885398
10,1800,0.78,0.23967418685379982,0.05560536143186031,0.1840688254219395,0.2952795482856601
10,1800,0.781,0.2324293696455546,0.05662490318743249,0.17580446645812212,0.2890542728329871
10,1800,0.782,0.2253370118058402,0.0576632860374284,0.1676737257684118,0.28300029784326863
10,1800,0.783,0.2183979966091173,0.05872031878245709,0.1596776778266602,0.2771183153915744
10,1800,0.784,0.21161320732984013,0.05979581708439996,0.15181739024544016,0.2714090244142401
10,1800,0.785,0.20498352724246893,0.060889603518141,0.14409392372432794,0.2658731307606099
10,1800,0.786,0.19850983962145652,0.062001507582096424,0.13650833203936008,0.26051134720355296
10,1800,0.787,0.19219302774126606,0.06313136567307019,0.12906166206819586,0.25532439341433627
10,1800,0.788,0.1860339748763512,0.06427902103047586,0.12175495384587534,0.2503129959068271
10,1800,0.789,0.18003356430116696,0.06544432365448985,0.11458924064667711,0.2454778879556568
10,1800,0.79,0.17419267929017374,0.06662713020225236,0.10756554908792137,0.2408198094924261
10,1800,0.791,0.16851220311782716,0.06782730386580324,0.10068489925202392,0.2363395069836304
10,1800,0.792,0.16299301905858826,0.06904471423504377,0.09394830482354449,0.23203773329363203
10,1800,0.793,0.1576360103869089,0.07027923714864116,0.08735677323826772,0.22791524753555004
10,1800,0.794,0.15244206037724928,0.07153075453545474,0.08091130584179454,0.22397281491270402
10,1800,0.795,0.14741205230406568,0.07279915424874513,0.07461289805532055,0.2202112065528108
10,1800,0.796,0.14254686944181638,0.07408432989514765,0.06846253954666873,0.21663119933696404
10,1800,0.797,0.13784739506495736,0.07538618066012676,0.0624612144048306,0.2132335757250841
10,1800,0.798,0.13331451244794496,0.07670461113140127,0.056609901316543684,0.2100191235793462
10,1800,0.799,0.12894910486524053,0.07803953112161498,0.05090957374362555,0.20698863598685552
10,1800,0.8,0.12475205559129576,0.0793908554913454,0.04536120009995036,0.20414291108264115
10,1800,0.801,0.12072424790057179,0.08075850397337185,0.03996574392719994,0.20148275187394366
10,1800,0.802,0.11686656506752435,0.08214240099898083,0.03472416406854352,0.1990089660665052
10,1800,0.803,0.11317989036661125,0.08354247552695185,0.0296374148396594,0.1967223658935631
10,1800,0.8039999999999999,0.1096651070722891,0.08495866087575549,0.024706446196533616,0.1946237679480446
10,1800,0.8049999999999999,0.10632309845901411,0.08639089455939288,0.019932203899621234,0.19271399301840697
10,1800,0.8059999999999999,0.10315474780124517,0.08783911812721548,0.01531562967402969,0.19099386592846065
10,1800,0.8069999999999999,0.10016093837343987,0.08930327700799434,0.010857661365445526,0.1894642153814342
10,1800,0.8079999999999999,0.09734255345005244,0.09078332035843224,0.006559233091620195,0.18812587380848467
10,1800,0.8089999999999999,0.0947004763055461,0.09227920091626365,0.00242127538928244,0.18697967722180975
10,1800,0.8099999999999999,0.0922355902143697,0.09379087485803059,-0.0015552846436608925,0.18602646507240028
10,1800,0.8109999999999999,0.08994877845098653,0.0953183016615877,-0.0053695232106011626,0.18526708011257423
10,1800,0.8119999999999999,0.0878409242898529,0.09686144397334683,-0.009020519683493919,0.18470236826319975
10,1800,0.813,0.08591291100542345,0.09842026748024811,-0.012507356474824663,0.18433317848567154
10,1800,0.814,0.08416562187215829,0.0999947407864136,-0.015829118914255313,0.18416036265857189
10,1800,0.815,0.0825999401645151,0.10158483529442316,-0.018984895129908058,0.18418477545893827
10,1800,0.816,0.08121674915694804,0.10319052509113054,-0.021973775934182496,0.18440727424807857
10,1800,0.817,0.08001693212391572,0.10481178683792922,-0.024794854714013492,0.18482871896184494
10,1800,0.818,0.07900137233987377,0.10644859966535966,-0.027447227325485893,0.18544997200523344
10,1800,0.819,0.07817095307928286,0.10810094507194834,-0.02992999199266548,0.18627189815123119
10,1800,0.82,0.0775265576165985,0.10976880682715502,-0.03224224921055652,0.18729536444375353
10,1800,0.821,0.0770690692262764,0.11145217087830632,-0.034383101652029915,0.1885212401045827
10,1800,0.822,0.07679937118277497,0.11315102526138576,-0.036351654078610796,0.18995039644416073
10,1800,0.823,0.07671834676055429,0.11486536001555164,-0.03814701325499735,0.19158370677610592
10,1800,0.824,0.07682687923406573,0.11659516710125063,-0.03976828786718491,0.19342204633531634
10,1800,0.825,0.07712585187777236,0.11834044032179848,-0.04121458844402612,0.19546629219957085
10,1800,0.826,0.0776161479661239,0.12010117524829547,-0.04248502728217157,0.19771732321441937
10,1800,0.827,0.07829865077358653,0.12187736914775224,-0.043578718374165715,0.20017601992133877
10,1800,0.828,0.07917424357460975,0.12366902091429509,-0.044494777339685335,0.20284326448890483
10,1800,0.829,0.08024380964365907,0.125476131003333,-0.04523232135967392,0.20571994064699206
10,1800,0.83,0.08150823225518285,0.12729870136856,-0.045790469113377155,0.20880693362374286
10,1800,0.831,0.08296839468364268,0.12913673540168086,-0.04616834071803817,0.21210513008532356
10,1800,0.832,0.08462518020349699,0.13099023787474112,-0.04636505767124413,0.2156154180782381
10,1800,0.833,0.08647947208919926,0.13285921488495486,-0.0463797427957556,0.21933868697415412
10,1800,0.834,0.08853215361520939,0.13474367380192037,-0.046211520186710986,0.22327582741712976
10,1800,0.835,0.09078410805598514,0.13664362321712226,-0.04585951516113712,0.2274277312731074
10,1800,0.836,0.09323621868597945,0.13855907289561845,-0.045322854209638996,0.2317952915815979
10,1800,0.837,0.09588936877965612,0.14049003372981916,-0.044600664950163044,0.23637940250947528
10,1800,0.838,0.09874444161146756,0.1424365176952609,-0.04369207608379333,0.24118095930672845
10,1800,0.839,0.10180232045587226,0.14439853780829226,-0.04259621735242,0.24620085826416452
10,1800,0.84,0.10506388858732596,0.1463761080855812,-0.041312219498255254,0.2514399966729072
10,1800,0.841,0.1085300292802906,0.1483692435053669,-0.0398392142250763,0.2568992727856575
10,1800,0.842,0.11220162580921833,0.15037795997037326,-0.03817633416115493,0.2625795857795916
10,1800,0.843,0.11607956144856785,0.1524022742723141,-0.036322712823746245,0.2684818357208819
10,1800,0.844,0.12016471947279683,0.15444220405791373,-0.034277484585116896,0.2746069235307106
10,1800,0.845,0.12445798315636086,0.15649776779637795,-0.03203978464001708,0.28095575095273884
10,1800,0.846,0.12896023577371912,0.15856898474824768,-0.02960874897452856,0.28752922052196683
10,1800,0.847,0.13367236059933113,0.16065587493557434,-0.026983514336243214,0.2943282355349055
10,1800,0.848,0.1385952409076483,0.16275845911335468,-0.024163218205706383,0.301353700021003
10,1800,0.849,0.14372975997313014,0.16487675874217206,-0.021146998769041914,0.3086065187153022
10,1800,0.85,0.14907680107023807,0.16701079596198473,-0.017933994891746657,0.3160875970322228
10,1800,0.851,0.15463724747342,0.16916059356701338,-0.014523346093593376,0.3237978410404334
10,1800,0.852,0.16041198245714156,0.1713261749816757,-0.010914192524534155,0.3317381574388173
10,1800,0.853,0.16640188929585786,0.17350756423752248,-0.007105674941664614,0.3399094535333803
10,1800,0.854,0.1726078512640239,0.17570478595112754,-0.0030969346871036474,0.34831263721515143
10,1800,0.855,0.1790307516361016,0.1779178653028927,0.0011128863332089123,0.35694861693899427
10,1800,0.856,0.18567147368654136,0.18014682801672122,0.0055246456698201385,0.36581830170326257
10,1800,0.857,0.19253090068980727,0.18239170034052693,0.010139200349280342,0.3749226010303342
10,1800,0.858,0.19960991592035116,0.18465250902753533,0.014957406892815828,0.3842624249478865
10,1800,0.859,0.2069094026526339,0.1869292813183471,0.01998012133428681,0.393838683970981
10,1800,0.86,0.21443024416110712,0.18922204492372502,0.0252081992373821,0.40365228908483214
10,1800,0.861,0.2221733237202358,0.191530828008077,0.030642495712158796,0.41370415172831276
10,1800,0.862,0.23013952460447196,0.19385565917359884,0.03628386543087311,0.42399518377807077
10,1800,0.863,0.23832973008827685,0.19619656744505393,0.04213316264322292,0.4345262975333308
10,1800,0.864,0.2467448234461027,0.1985535822551553,0.04819124119094742,0.445298405701258
10,1800,0.865,0.25538568795240857,0.20092673343052933,0.05445895452187924,0.4563124213829379
10,1800,0.866,0.2642532068816543,0.20331605117823104,0.060937155703423285,0.46756925805988536
10,1800,0.867,0.27334826350829156,0.20572156607279027,0.06762669743550129,0.4790698295810818
10,1800,0.868,0.28267174110678317,0.2081433090437635,0.07452843206301968,0.49081505015054666
10,1800,0.869,0.2922245229515841,0.21058131136377028,0.08164321158781379,0.5028058343153543
10,1800,0.87,0.3020074923171514,0.21303560463699286,0.08897188768015854,0.5150430969541443
10,1800,0.871,0.31202153247794273,0.2155062207881204,0.09651531168982233,0.5275277532660632
10,1800,0.872,0.32226752670841396,0.21799319205171586,0.10427433465669811,0.5402607187601298
10,1800,0.873,0.33274635828302335,0.22049655096199114,0.11224980732103221,0.5532429092450145
10,1800,0.874,0.3434589104762269,0.22301633034296964,0.12044258013325726,0.5664752408191965
10,1800,0.875,0.35440606656248574,0.22555256329902262,0.12885350326346312,0.5799586298615084
10,1800,0.876,0.3655887098162509,0.22810528320576062,0.1374834266104903,0.5936939930220115
10,1800,0.877,0.3770077235119875,0.230674523701269,0.14633319981071852,0.6076822472132566
10,1800,0.878,0.3886639909241434,0.2332603186776679,0.1554036722464755,0.6219243096018112
10,1800,0.879,0.4005583953271852,0.2358627022729885,0.16469569305419668,0.6364210976001736
10,1800,0.88,0.41269181999556315,0.23848170886334794,0.1742101111322152,0.6511735288589111
10,1800,0.881,0.4250651482037371,0.2411173730554137,0.1839477751483234,0.6661825212591508
10,1800,0.882,0.43767926322616457,0.24376972967914334,0.19390953354702123,0.6814489929053079
10,1800,0.883,0.4505350483373036,0.24643881378078938,0.20409623455651424,0.696973862118093
10,1800,0.884,0.46363338681160426,0.24912466061615793,0.21450872619544634,0.7127580474277622
10,1800,0.885,0.4769751619235352,0.25182730564411193,0.22514785627942324,0.7288024675676471
10,1800,0.886,0.4905612569475446,0.2545467845203063,0.23601447242723828,0.7451080414678509
10,1800,0.887,0.5043925551580963,0.2572831330911492,0.24710942206694714,0.7616756882492455
10,1800,0.888,0.5184699398296426,0.2600363873879769,0.2584335524416657,0.7785063272176196
10,1800,0.889,0.5327942942366424,0.26280658362143666,0.2699877106152057,0.795600877858079
10,1800,0.89,0.5473665016535496,0.2655937581760667,0.28177274347748293,0.8129602598296163
10,1800,0.891,0.5621874453548277,0.26839794760506736,0.2937894977497603,0.830585392959895
10,1800,0.892,0.5772580086149293,0.2712191886252548,0.30603881998967447,0.8484771972401841
10,1800,0.893,0.592579074708316,0.27405751811219037,0.3185215565961256,0.8666365928205063
10,1800,0.894,0.6081515269094386,0.2769129730954781,0.33123855381396056,0.8850645000049167
10,1800,0.895,0.6239762484927576,0.2797855907542261,0.34419065773853147,0.9037618392469837
10,1800,0.896,0.6400541227327348,0.2826754084126615,0.3573787143200733,0.9227295311453962
10,1800,0.897,0.6563860329038211,0.28558246353589667,0.37080356936792447,0.9419684964397178
10,1800,0.898,0.6729728622804743,0.28850679372583876,0.3844660685546355,0.961479656006313
10,1800,0.899,0.6898154941371544,0.2914484367172381,0.3983670574199163,0.9812639308543925
10,1800,0.9,0.7069148117483137,0.2944074303738687,0.41250738137444504,1.0013222421221823
